submission_number,pathway,decision_date,decision_year,device_name,company,parent,listing,public_company,sec_listed,panel,specialty,product_code,risk_class,regulation_number,date_received,review_days,third_party,years_on_market,validated,validated_regex,validation_level,validation_quote,recalled,n_recall_events,first_recall_date,most_severe_recall_class,days_to_first_recall,days_observed,n_recalls_before_decision,ae_reports,any_ae,ae_deaths,ae_injuries,ae_malfunctions,ae_total_only,pma_supplement,in_model_sample
K253628,510(k),2026-06-29,2026,"Auto-Seg (SO-0012), Spine Auto-Seg (SO-0012)","Agada Medical, Ltd.",,,0,0,Radiology,Radiology,QIH,2,892.2050,2025-11-19,222,N,0.268,1.0,1.0,retrospective,Aggregate Labeling Accuracy...1898...99.6%... 95% LCI of mean DICE coefficient...>=0.80,0,0,,,,98.0,0,0,0,0.0,0.0,0.0,0,0,1
K253969,510(k),2026-06-29,2026,ADAS 3D,Adas3D Medical S.L.,,,0,0,Radiology,Radiology,QIH,2,892.2050,2025-12-11,200,N,0.268,1.0,1.0,retrospective,LV DC 0.94 0.93 0.94 0.84 yes,0,0,,,,98.0,0,0,0,0.0,0.0,0.0,0,0,1
K260667,510(k),2026-06-29,2026,Alturion Series Diagnostic Ultrasound System,"Philips Ultrasound, LLC",Koninklijke Philips N.V.,SEC:PHG,1,1,Radiology,Radiology,IYN,2,892.1550,2026-03-02,119,N,0.268,1.0,1.0,prospective,strong concordance between measurements generated by the AI...and those obtained manually,0,0,,,,98.0,0,0,0,0.0,0.0,0.0,0,0,1
K253390,510(k),2026-06-27,2026,SOMNUM (SOMNUM),"Honeynaps Co., Ltd.",,,0,0,Neurology,Neurology,OLZ,2,882.1400,2025-09-30,270,N,0.274,1.0,1.0,retrospective,An independent retrospective cross-sectional validation study was conducted to evaluate the clinical performance of SOMNUM (V.3.0.0) using 100 full-night PSG recordings,0,0,,,,100.0,0,0,0,0.0,0.0,0.0,0,0,1
K260714,510(k),2026-06-26,2026,MammoScreen® (5),Therapixel,,,0,0,Radiology,Radiology,QDQ,2,892.2090,2026-03-05,113,N,0.277,1.0,1.0,prospective,AUCROC 0.911...0.894...p-value 0.000,0,0,,,,101.0,0,0,0,0.0,0.0,0.0,0,0,1
K253786,510(k),2026-06-25,2026,syngo.CT Coronary Cockpit,"Siemens Medical Solutions USA, Inc.",Siemens Healthineers AG,XETRA:SHL,1,0,Radiology,Radiology,QIH,2,892.2050,2025-11-26,211,N,0.279,1.0,1.0,retrospective,"Pointwise sensitivity and precision to identify vessels were found to be 95.8% and 96.1%, with an average DICE of 95.7%",0,0,,,,102.0,0,0,0,0.0,0.0,0.0,0,0,1
K253560,510(k),2026-06-24,2026,Enhanced Boundary for PCCT,"Ge Medical Systems, LLC",GE HealthCare Technologies Inc.,SEC:GEHC,1,1,Radiology,Radiology,JAK,2,892.1750,2025-11-17,219,N,0.282,1.0,1.0,prospective,The result of this reader study validated that Enhanced Boundary for PCCT provides diagnostic value,0,0,,,,103.0,0,0,0,0.0,0.0,0.0,0,0,1
K253148,510(k),2026-06-22,2026,RX-1 Sleep,"Vivaquant, Inc. Dba Rhythm Express",,,0,0,Anesthesiology,Other,MNR,2,868.2375,2025-09-25,270,N,0.287,1.0,1.0,prospective,sensitivity of 87.8% (95% CI: 83.1–91.6%) and specificity of 93.9% (95% CI: 90.0–96.6%),0,0,,,,105.0,0,0,0,0.0,0.0,0.0,0,0,1
K260316,510(k),2026-06-22,2026,CMN Capillary Function with Oncology Virtual Expert,Cercare Medical A/S,,,0,0,Radiology,Radiology,QIH,2,892.2050,2026-01-30,143,N,0.287,1.0,1.0,retrospective,mean Dice similarity coefficient: Subject Device 0.706,0,0,,,,105.0,0,0,0,0.0,0.0,0.0,0,0,1
K253050,510(k),2026-06-18,2026,RadOncAI,Informai,,,0,0,Radiology,Radiology,MUJ,2,892.5050,2025-09-22,269,N,0.298,1.0,1.0,prospective,The study demonstrated PTV dose equivalence for 9/9 pre-specified PTV tests within +/-300 cGy and OAR non-inferiority for 21/21,0,0,,,,109.0,0,0,0,0.0,0.0,0.0,0,0,1
K260190,510(k),2026-06-18,2026,ARTHUR,ROPCA ApS,,,0,0,Radiology,Radiology,IYO,2,892.1560,2026-01-22,147,N,0.298,,0.0,none,,0,0,,,,109.0,0,0,0,0.0,0.0,0.0,0,0,0
K260729,510(k),2026-06-18,2026,Vascular Assist Occlusion Triage (VAOT) (v1.0),GuideAI Health,,,0,0,Radiology,Radiology,QAS,2,892.2080,2026-03-06,104,N,0.298,1.0,1.0,retrospective,Sensitivity was 0.915...and specificity was 0.901,0,0,,,,109.0,0,0,0,0.0,0.0,0.0,0,0,1
K261713,510(k),2026-06-18,2026,Synapse PACS (7.6.0),FUJIFILM Healthcare Americas Corporation,Fujifilm Holdings Corp.,TSE:4901,1,0,Radiology,Radiology,QIH,2,892.2050,2026-05-22,27,N,0.298,,0.0,none,,0,0,,,,109.0,0,0,0,0.0,0.0,0.0,0,0,0
K260844,510(k),2026-06-16,2026,ACUSON Sequoia Diagnostic Ultrasound System;ACUSON Sequoia Select Diagnostic Ultrasound System;ACUSON Origin Diagnostic Ultrasound System;ACUSON Origin ICE Diagnostic Ultrasound System,"Siemens Medical Solutions USA, Inc.",Siemens Healthineers AG,XETRA:SHL,1,0,Radiology,Radiology,IYN,2,892.1550,2026-03-16,92,N,0.304,1.0,1.0,retrospective,Pearson correlation coefficient of 0.9 or higher for measurements derived from surfaces and landmarks,0,0,,,,111.0,0,0,0,0.0,0.0,0.0,0,0,1
K253172,510(k),2026-06-15,2026,MediAI-OA,"Crescom Co., Ltd.",,,0,0,Radiology,Radiology,QIH,2,892.2050,2025-09-26,262,N,0.307,1.0,1.0,retrospective,the sensitivity was 0.876 (95% CI: 0.866–0.885) and the specificity was 0.865 (95% CI: 0.856–0.873),0,0,,,,112.0,0,0,0,0.0,0.0,0.0,0,0,1
K253690,510(k),2026-06-15,2026,LungMaps,Siemens Healthineers AG,Siemens Healthineers AG,XETRA:SHL,1,0,Radiology,Radiology,QIH,2,892.2050,2025-11-21,206,N,0.307,1.0,1.0,retrospective,an average Dice score of 0.91 was achieved,0,0,,,,112.0,0,0,0,0.0,0.0,0.0,0,0,1
K253825,510(k),2026-06-15,2026,Saige-Dx,"DeepHealth, Inc.",RadNet Inc.,SEC:RDNT,1,1,Radiology,Radiology,QDQ,2,892.2090,2025-12-01,196,N,0.307,1.0,1.0,prospective,"Both studies met the pre-specified performance criteria, and the results support the safety and effectiveness",0,0,,,,112.0,0,0,0,0.0,0.0,0.0,0,0,1
K260300,510(k),2026-06-15,2026,WatchMate Software,"Anumana, Inc.",,,0,0,Radiology,Radiology,QIH,2,892.2050,2026-01-30,136,N,0.307,1.0,1.0,prospective,meeting the prespecified 1mm non-inferiority margin and additionally meeting superiority,0,0,,,,112.0,0,0,0,0.0,0.0,0.0,0,0,1
K260406,510(k),2026-06-12,2026,Brainomix 360 Hyperdensity,Brainomix Limited,,,0,0,Radiology,Radiology,QIH,2,892.2050,2026-02-09,123,N,0.315,1.0,1.0,retrospective,DICE score for hyperdenity(ies) lower CI bound was greater than 70%,0,0,,,,115.0,0,0,0,0.0,0.0,0.0,0,0,1
K260322,510(k),2026-06-11,2026,Acorn 3D Software (AC-SEG-4009); Acorn 3DP Model (AC-101-XX),Mighty Oak Medical,,,0,0,Radiology,Radiology,QIH,2,892.2050,2026-01-30,132,N,0.318,0.0,0.0,none,clinical acceptability of simulated treatment planning...was evaluated through bench testing,0,0,,,,116.0,0,0,0,0.0,0.0,0.0,0,0,1
K253192,510(k),2026-06-10,2026,DeepXray Spina,"Alpha Intelligence Manifolds, Inc.",,,0,0,Radiology,Radiology,SAO,2,892.1171,2025-09-26,257,N,0.32,1.0,1.0,prospective,"DeepXray Spina demonstrated the following combined performance across all three test sets: AUC = 0.955 (95% CI: 0.942–0.967), sensitivity = 77.0%",0,0,,,,117.0,0,0,0,0.0,0.0,0.0,0,0,1
K260332,510(k),2026-06-08,2026,EchoNext,"Pathwai, Inc.",,,0,0,Cardiovascular,Cardiovascular,QXO,2,870.2380,2026-02-02,126,N,0.326,1.0,1.0,prospective,sensitivity of 73.7%...and a specificity of 75.2%,0,0,,,,119.0,0,0,0,0.0,0.0,0.0,0,0,1
K253984,510(k),2026-06-04,2026,Instrument Exit Point on Touch Surgery Aide,"Covidien, LLC",,,0,0,Gastroenterology-Urology,Other,SFE,2,876.1500,2025-12-12,174,N,0.337,1.0,0.0,none,sensitivity and specificity for event detection... testing met predefined acceptance criteria,0,0,,,,123.0,0,0,0,0.0,0.0,0.0,0,0,1
K260497,510(k),2026-06-04,2026,DEEPVESSEL Plaque,"Keya Medical Technology Co., Ltd.",,,0,0,Radiology,Radiology,QIH,2,892.2050,2026-02-13,111,N,0.337,1.0,1.0,retrospective,Pearson Correlation Coefficient 0.976...Pass,0,0,,,,123.0,0,0,0,0.0,0.0,0.0,0,0,1
K261519,510(k),2026-06-04,2026,Sonio Suspect,Sonio,Samsung Electronics Co. Ltd.,KRX:005930,1,0,Radiology,Radiology,POK,2,892.2060,2026-05-07,28,N,0.337,1.0,0.0,none,Sensitivity: 93.2%...Specificity: 90.8%,0,0,,,,123.0,0,0,0,0.0,0.0,0.0,0,0,1
K260402,510(k),2026-06-03,2026,MeRT System,Wave Neuroscience,,,0,0,Neurology,Neurology,SIG,2,882.5802,2026-02-06,117,N,0.339,1.0,1.0,prospective,PCL-5; p < 0.046...CAPS-5; p < 0.0006,0,0,,,,124.0,0,0,0,0.0,0.0,0.0,0,0,1
K260780,510(k),2026-06-03,2026,HeartFocus,Deski,,,0,0,Radiology,Radiology,QJU,2,892.2100,2026-03-10,85,N,0.339,,0.0,none,,0,0,,,,124.0,0,0,0,0.0,0.0,0.0,0,0,0
K252844,510(k),2026-06-02,2026,Tyto Insights for Wheeze Detection (with PCCP),"Tyto Care , Ltd.",,,0,0,Anesthesiology,Other,PHZ,2,868.1900,2025-09-08,267,N,0.342,0.0,1.0,retrospective,The clinical validation previously conducted for the predicate device remains applicable to the subject device,0,0,,,,125.0,0,0,0,0.0,0.0,0.0,0,0,1
K252859,510(k),2026-05-29,2026,ZEUS Platform (FG0501US),"iRhythm Technologies, Inc.",iRhythm Holdings Inc.,SEC:IRTC,1,1,Cardiovascular,Cardiovascular,DQK,2,870.1425,2025-09-09,262,N,0.353,0.0,0.0,none,No clinical testing was performed in support of this premarket notification.,0,0,,,,129.0,0,0,0,0.0,0.0,0.0,0,0,1
K252947,510(k),2026-05-29,2026,HistoSonics® Planning Tool,"HistoSonics, Inc.",,,0,0,Radiology,Radiology,QTZ,2,892.2050,2025-09-15,256,N,0.353,1.0,1.0,retrospective,"exceeded the acceptance criteria of dice score 70% or higher in 70% of the cases (Mean 93%, 89% and 92% respectively)",0,0,,,,129.0,0,0,0,0.0,0.0,0.0,0,0,1
K260077,510(k),2026-05-29,2026,OrthoGrid Hip AI® 4.0,"OrthoGrid Systems, Inc.",,,0,0,Radiology,Radiology,QIH,2,892.2050,2026-01-12,137,N,0.353,1.0,1.0,retrospective,Implant 95 +/- 5% 100% 99%... Femur 98 +/- 3% 100% 100%,0,0,,,,129.0,0,0,0,0.0,0.0,0.0,0,0,1
K261369,510(k),2026-05-29,2026,GI Genius Module 300 (GGM300-US);ColonPRO US (CPRO403S-US),"Cosmo Artificial Intelligence - Ai, Ltd.",Cosmo Pharmaceuticals N.V.,SIX:COPN,1,0,Gastroenterology-Urology,Other,QNP,2,876.1520,2026-04-27,32,N,0.353,0.0,1.0,retrospective,Lesion-based sensitivity 88.07% / 88.07% / Same,0,0,,,,129.0,0,0,0,0.0,0.0,0.0,0,0,1
K261405,510(k),2026-05-28,2026,ANDI 2.2,"Imeka Solutions, Inc.",,,0,0,Radiology,Radiology,QIH,2,892.2050,2026-04-29,29,N,0.356,0.0,0.0,none,No clinical studies were considered necessary and performed.,0,0,,,,130.0,0,0,0,0.0,0.0,0.0,0,0,1
K254075,510(k),2026-05-27,2026,Synapse Lung Nodule AI,Fujifilm Corporation,Fujifilm Holdings Corp.,TSE:4901,1,0,Radiology,Radiology,OEB,2,892.2050,2025-12-18,160,N,0.359,1.0,1.0,prospective,average AUROC increased from 0.768... unaided to 0.835... aided (difference: 0.067; p < 0.001),0,0,,,,131.0,0,0,0,0.0,0.0,0.0,0,0,1
K260123,510(k),2026-05-27,2026,EPIQ Series Diagnostic Ultrasound System,"Philips Ultrasound, LLC",Koninklijke Philips N.V.,SEC:PHG,1,1,Radiology,Radiology,IYN,2,892.1550,2026-01-15,132,N,0.359,0.0,0.0,none,did not require clinical data for determination of substantial equivalence,1,1,2026-08-07,,72.0,72.0,0,0,0,0.0,0.0,0.0,0,0,1
K260680,510(k),2026-05-27,2026,EPIQ Series Diagnostic Ultrasound Systems; Affiniti Series Diagnostic Ultrasound Systems,"Philips Ultrasound, LLC",Koninklijke Philips N.V.,SEC:PHG,1,1,Radiology,Radiology,IYN,2,892.1550,2026-03-02,86,N,0.359,0.0,0.0,none,no clinical investigation needed for this premarket submission,1,1,2026-08-07,,72.0,72.0,0,0,0,0.0,0.0,0.0,0,0,1
DEN250057,De Novo,2026-05-22,2026,PCWP Analysis Software,"Cardiosense, Inc.",,,0,0,Cardiovascular,Cardiovascular,SIF,2,870.1150,2025-11-17,186,N,0.372,,1.0,retrospective,,0,0,,,,136.0,0,0,0,0.0,0.0,0.0,0,0,0
K260113,510(k),2026-05-22,2026,uMR Astra,"Shanghai United Imaging Healthcare Co., Ltd.",Shanghai United Imaging Healthcare,SSE:688271,1,0,Radiology,Radiology,LNH,2,892.1000,2026-01-14,128,N,0.372,1.0,1.0,retrospective,ACS images were evaluated by American Board of Radiologists certificated physicians... rated with equivalent or higher scores,0,0,,,,136.0,0,0,0,0.0,0.0,0.0,0,0,1
K260324,510(k),2026-05-22,2026,Vitrea CT Transcatheter Aortic Valve Replacement (TAVR) Planning,"Canon Medical Informatics, Inc.",Canon Inc.,SEC:CAJPY,1,1,Radiology,Radiology,QIH,2,892.2050,2026-01-30,112,N,0.372,1.0,1.0,prospective,"Intra-Class Correlation (ICC) 0.95...[0.92, 0.96]",0,0,,,,136.0,0,0,0,0.0,0.0,0.0,0,0,1
K253720,510(k),2026-05-21,2026,"uSONIQUE Nova, uSONIQUE Nova Elite, uSONIQUE Vita, uSONIQUE Vita Elite, uSONIQUE Grace, uSONIQUE Grace Elite","Wuhan United Imaging Healthcare Co.,Ltd",,,0,0,Radiology,Radiology,IYN,2,892.1550,2025-11-24,178,N,0.375,1.0,1.0,prospective,average Dice of 91.7% and average absolute final measure error of 4.4% in A2C,0,0,,,,137.0,0,0,0,0.0,0.0,0.0,0,0,1
K254131,510(k),2026-05-21,2026,BAC,"DeepHealth, Inc.",RadNet Inc.,SEC:RDNT,1,1,Radiology,Radiology,QIH,2,892.2050,2025-12-22,150,N,0.375,1.0,1.0,retrospective,"Sensitivity was 0.960 for FFDM and 0.905 for DBT, while specificity was 0.884 for FFDM and 0.906 for DBT",0,0,,,,137.0,0,0,0,0.0,0.0,0.0,0,0,1
K260234,510(k),2026-05-21,2026,MSK Go,Smart Alfa Teknoloji San. Ve Tic. A.S.,,,0,0,Radiology,Radiology,QIH,2,892.2050,2026-01-26,115,N,0.375,1.0,1.0,prospective,Mean PPA across all views of each joint ranged from 0.95 to 1.00 and mean NPA from 0.98 to 1.00,0,0,,,,137.0,0,0,0,0.0,0.0,0.0,0,0,1
DEN250028,De Novo,2026-05-21,2026,DeepView AI® System,"spectralmd, inc.",,,0,0,General and Plastic Surgery,Other,SHY,2,878.1840,2025-06-27,328,N,0.375,,1.0,retrospective,,0,0,,,,137.0,0,0,0,0.0,0.0,0.0,0,0,0
K253596,510(k),2026-05-20,2026,Aquilion ONE (TSX-308A/TSX-306A) V2.0,Canon Medical Systems Corporation,Canon Inc.,SEC:CAJPY,1,1,Radiology,Radiology,JAK,2,892.1750,2025-11-18,183,N,0.378,1.0,0.0,none,"all cases received average scores of 4 or higher, indicating good to excellent diagnostic image quality",0,0,,,,138.0,0,0,0,0.0,0.0,0.0,0,0,1
K250781,510(k),2026-05-15,2026,Embryo Predict,Alife Health,,,0,0,Obstetrics and Gynecology,Other,PBH,2,884.6195,2025-03-14,427,N,0.392,1.0,1.0,prospective,Embryo Predict clinical pregnancy rate for the mITT population was 72.9% (97/133),0,0,,,,143.0,0,0,0,0.0,0.0,0.0,0,0,1
K252563,510(k),2026-05-15,2026,Neurophet SCALE PET,"Neurophet., Inc.",,,0,0,Radiology,Radiology,QIH,2,892.2050,2025-08-14,274,N,0.392,1.0,1.0,retrospective,All regions met the predefined acceptance criteria (major cortical: mean DSC 0.80±0.03,0,0,,,,143.0,0,0,0,0.0,0.0,0.0,0,0,1
K253716,510(k),2026-05-15,2026,"uSONIQUE Genesis, uSONIQUE Genesis Pro, uSONIQUE Genesis Elite, uSONIQUE Genesis Super, uSONIQUE Pulse, uSONIQUE Pulse Pro, uSONIQUE Pulse Elite, uSONIQUE Pulse Super, uSONIQUE Venus, uSONIQUE Venus Pro, uSONIQUE Venus Elite, uSONIQUE Venus Super","Wuhan United Imaging Healthcare Co.,Ltd",,,0,0,Radiology,Radiology,IYN,2,892.1550,2025-11-24,172,N,0.392,1.0,1.0,prospective,average Dice of 92% and average absolute final measure error of 4.4% in A2C,0,0,,,,143.0,0,0,0,0.0,0.0,0.0,0,0,1
K254120,510(k),2026-05-15,2026,SubtleHD-CT (1.x),"Subtle Medical, Inc.",,,0,0,Radiology,Radiology,QIH,2,892.2050,2025-12-19,147,N,0.392,1.0,1.0,prospective,average scores across all readers of the SubtleHD-CT enhanced images are an average of 3 or better,0,0,,,,143.0,0,0,0,0.0,0.0,0.0,0,0,1
K261273,510(k),2026-05-15,2026,Neurophet AQUA,"Neurophet., Inc.",,,0,0,Radiology,Radiology,QIH,2,892.2050,2026-04-17,28,N,0.392,0.0,0.0,none,No additional performance testing was conducted for Neurophet AQUA,0,0,,,,143.0,0,0,0,0.0,0.0,0.0,0,0,1
K261289,510(k),2026-05-15,2026,UNiD Spine Analyzer (SW3002),Medicrea International S.A.S. (Medtronic),Medtronic plc,SEC:MDT,1,1,Radiology,Radiology,QIH,2,892.2050,2026-04-20,25,N,0.392,0.0,0.0,none,No clinical testing was used to support this submission.,0,0,,,,143.0,0,0,0,0.0,0.0,0.0,0,0,1
K254013,510(k),2026-05-14,2026,SubtleHD-PET (1.x),"Subtle Medical, Inc.",,,0,0,Radiology,Radiology,LLZ,2,892.2050,2025-12-15,150,N,0.394,1.0,1.0,prospective,PASS: The average increase in PSNR was >= 1dB. PSNR increase was significant at the p < 0.05 level,0,0,,,,144.0,0,0,0,0.0,0.0,0.0,0,0,1
K261317,510(k),2026-05-14,2026,BriefCase-Triage,"Aidoc Medical , Ltd.",,,0,0,Radiology,Radiology,QAS,2,892.2080,2026-04-21,23,N,0.394,1.0,1.0,retrospective,Sensitivity was 81.4%...and Specificity was 85.5%,0,0,,,,144.0,0,0,0,0.0,0.0,0.0,0,0,1
K260032,510(k),2026-05-13,2026,Morph,"BeauBrain Healthcare, Inc.",,,0,0,Radiology,Radiology,QIH,2,892.2050,2026-01-06,127,N,0.397,1.0,1.0,prospective,"overall mean DSC exceeded 0.85, satisfying the predefined acceptance criteria",0,0,,,,145.0,0,0,0,0.0,0.0,0.0,0,0,1
K260378,510(k),2026-05-12,2026,Rayvolve,AZmed,,,0,0,Radiology,Radiology,QBS,2,892.2090,2026-02-05,96,N,0.4,1.0,1.0,prospective,"high sensitivity (96.88%...), high specificity (87.29%...)",0,0,,,,146.0,0,0,0,0.0,0.0,0.0,0,0,1
K252953,510(k),2026-05-11,2026,Velmeni for Dentists (V4D)  Endo-Perio,"Velmeni, Inc.",,,0,0,Radiology,Radiology,MYN,2,892.2070,2025-09-16,237,N,0.402,1.0,1.0,retrospective,indicating that tooth analysis had a sensitivity > 85% and a FPR per image < 0.50,0,0,,,,147.0,0,0,0,0.0,0.0,0.0,0,0,1
K260419,510(k),2026-05-08,2026,LingOral Dental Design System,"Hangzhou ChohoTech Co., Ltd.",,,0,0,Dental,Other,PNN,2,872.5470,2026-02-09,88,N,0.411,0.0,0.0,none,Clinical testing is not a requirement and has not been performed.,0,0,,,,150.0,0,0,0,0.0,0.0,0.0,0,0,1
K253992,510(k),2026-05-07,2026,Veritas Reverse Total Shoulder System,Restor3D,,,0,0,Orthopedic,Other,PHX,2,888.3660,2025-12-12,146,N,0.413,1.0,1.0,retrospective,algorithm met predefined DICE score-based acceptance criteria of >= 0.87 compared to ground truth manual segmentation,0,0,,,,151.0,0,0,0,0.0,0.0,0.0,0,0,1
K252558,510(k),2026-05-05,2026,Lumify Diagnostic Ultrasound System,"Philips Ultrasound, LLC",Koninklijke Philips N.V.,SEC:PHG,1,1,Radiology,Radiology,IYN,2,892.1550,2025-08-13,265,N,0.419,1.0,1.0,retrospective,overall accuracy of 86.0% [95% CI 80.85%-90.24%] ... meeting the pre-defined acceptance criteria,0,0,,,,153.0,0,0,0,0.0,0.0,0.0,0,0,1
K252954,510(k),2026-05-04,2026,MammoSightAI,"Neurocareai, Inc. (Dba Savelife.Ai)",,,0,0,Radiology,Radiology,QFM,2,892.2080,2025-09-16,230,N,0.422,1.0,1.0,prospective,MammoSightAI achieved an overall area under the receiver operating characteristic curve (AUC) of 0.975,0,0,,,,154.0,0,0,0,0.0,0.0,0.0,0,0,1
K254115,510(k),2026-05-04,2026,ArteraAI Breast,"Artera, Inc.",,,0,0,Pathology,Other,SHW,2,864.3755,2025-12-19,136,N,0.422,,0.0,none,,0,0,,,,154.0,0,0,0,0.0,0.0,0.0,0,0,0
K253030,510(k),2026-05-01,2026,Capnostream35 Portable Respiratory Monitor (PM35MN),"Covidien, LLC",,,0,0,Anesthesiology,Other,CCK,2,868.1400,2025-09-19,224,N,0.43,1.0,1.0,retrospective,"Clinical study data were included as part of this submission to demonstrate the performance, safety, and effectiveness of the Nell-EQ PCBA",0,0,,,,157.0,0,0,0,0.0,0.0,0.0,0,0,1
K250680,510(k),2026-04-30,2026,Bayesian Health Sepsis Flagging Device,"Bayesian Health, Inc.",,,0,0,General Hospital,Other,SAK,2,880.6316,2025-03-06,420,N,0.433,1.0,1.0,retrospective,"Encounter-level PPA 79.4% (95% CI 74.2-84.6), encounter-level NPA 89.5% (95% CI 88.8-90.2)",0,0,,,,158.0,0,0,0,0.0,0.0,0.0,0,0,1
K252503,510(k),2026-04-30,2026,Intelligent NR,"Canon, Inc.",CANON INC,SEC:CAJPY,1,1,Radiology,Radiology,OWB,2,892.1650,2025-08-08,265,N,0.433,0.0,0.0,none,images processed with Intelligent NR were judged superior to those processed with conventional NR,0,0,,,,158.0,0,0,0,0.0,0.0,0.0,0,0,1
K254189,510(k),2026-04-30,2026,Synapse 3D Base Tools (V7.2),Fujifilm Corporation,Fujifilm Holdings Corp.,TSE:4901,1,0,Radiology,Radiology,QIH,2,892.2050,2025-12-23,128,N,0.433,1.0,1.0,retrospective,benchmark performance testing was conducted using actual clinical images to help demonstrate... achieved the expected accuracy performance,0,0,,,,158.0,0,0,0,0.0,0.0,0.0,0,0,1
K253682,510(k),2026-04-29,2026,DeepHealth ProstateAI,Quantib B.V.,RadNet Inc.,SEC:RDNT,1,1,Radiology,Radiology,QDQ,2,892.2090,2025-11-21,159,N,0.435,1.0,1.0,prospective,"average AUC-LROC 0.626 to 0.724, p<0.05...standalone study achieved case-level AUC 0.819",0,0,,,,159.0,0,0,0,0.0,0.0,0.0,0,0,1
K254184,510(k),2026-04-29,2026,syngo Application Software,"Siemens Medical Solutions USA, Inc.",Siemens Healthineers AG,XETRA:SHL,1,0,Radiology,Radiology,QIH,2,892.2050,2025-12-23,127,N,0.435,1.0,1.0,retrospective,achieving a mean Dice similarity coefficient of approximately 0.95... bone mask success rate of 100% (370/370 datasets),0,0,,,,159.0,0,0,0,0.0,0.0,0.0,0,0,1
K252628,510(k),2026-04-27,2026,CASSIE,"Wesper, Inc.",,,0,0,Anesthesiology,Other,MNR,2,868.2375,2025-08-20,250,N,0.441,1.0,1.0,retrospective,Pearson correlation of 0.96 (95% CI: 0.95-0.96) ... Sensitivity: 97.3% Specificity: 86.1%,0,0,,,,161.0,0,0,0,0.0,0.0,0.0,0,0,1
K253459,510(k),2026-04-24,2026,OPTIS Mobile Next Imaging System (1014932); OPTIS Integrated Next Imaging System (1014933); Ultreon 3.0 Software Upgrade Kit (ULTR300001),ABBOTT MEDICAL,Abbott Laboratories,SEC:ABT,1,1,Radiology,Radiology,NQQ,2,892.1560,2025-10-07,199,N,0.449,1.0,1.0,retrospective,"Sensitivity: 98% (97%), n = 2,790 frames ... Specificity: 91% (90%), 108 OCT pullbacks, across 108 patients",0,0,,,,164.0,0,0,0,0.0,0.0,0.0,0,0,1
K260320,510(k),2026-04-23,2026,Lunit INSIGHT MMG (v1.1.10),"Lunit, Inc.",Lunit Inc.,KOSDAQ:328130,1,0,Radiology,Radiology,QDQ,2,892.2090,2026-01-30,83,N,0.452,1.0,1.0,prospective,ROC AUC in the standalone performance analysis was 0.9104,0,0,,,,165.0,0,0,0,0.0,0.0,0.0,0,0,1
K260785,510(k),2026-04-23,2026,DS Core CBCT Anatomy,Dentsply Sirona,DENTSPLY SIRONA Inc.,SEC:XRAY,1,1,Radiology,Radiology,QIH,2,892.2050,2026-03-10,44,N,0.452,1.0,0.0,none,"mean Dice for dentition was 93%, for jaw 94%, and for mandibular canal 78%",0,0,,,,165.0,0,0,0,0.0,0.0,0.0,0,0,1
K253077,510(k),2026-04-22,2026,uOmnispace.MR,"Shanghai United Imaging Healthcare Co., Ltd.",Shanghai United Imaging Healthcare,SSE:688271,1,0,Radiology,Radiology,QIH,2,892.2050,2025-09-23,211,N,0.454,1.0,1.0,retrospective,clinical image evaluation (qualitative assessment by two U.S. board-certified radiologists using a 5-point Likert Scale; a score of ≥3 was clinically acceptable),0,0,,,,166.0,0,0,0,0.0,0.0,0.0,0,0,1
K253163,510(k),2026-04-22,2026,EFAI ERSUITE CT APPENDICITIS ASSESSMENT SYSTEM (APPEN-CT-100),"Ever Fortune.Ai, Co., Ltd.",,,0,0,Radiology,Radiology,QAS,2,892.2080,2025-09-26,208,N,0.454,1.0,1.0,retrospective,EFAI APPENDICITIS demonstrated sensitivity of 0.928 (95% CI: 0.873–0.960) and specificity of 0.932 (95% CI: 0.882–0.961),0,0,,,,166.0,0,0,0,0.0,0.0,0.0,0,0,1
K253256,510(k),2026-04-22,2026,myosmart. (13E522); myosmart.cuff (757M20-2); connectgrip. (560X27-1); myosmart trial kit (642V64=T),Otto Bock Healthcare Products GmbH,,,0,0,Neurology,Neurology,GXY,2,882.1320,2025-09-29,205,N,0.454,0.0,0.0,none,Verification and validation testing was conducted to demonstrate the pattern recognition and machine learning features of the device were as safe and effective,0,0,,,,166.0,0,0,0,0.0,0.0,0.0,0,0,1
K252332,510(k),2026-04-20,2026,Folliscan,Mim Fertility,,,0,0,Radiology,Radiology,QIH,2,892.2050,2025-07-25,269,N,0.46,1.0,1.0,retrospective,"Ovary Count Agreement (global) ... 0.920 (0.863, 0.955)",0,0,,,,168.0,0,0,0,0.0,0.0,0.0,0,0,1
K252237,510(k),2026-04-17,2026,EdgeFlow UW20,"Edgecare, Inc.",,,0,0,Radiology,Radiology,IYO,2,892.1560,2025-07-17,274,N,0.468,1.0,1.0,prospective,Bladder segmentation Dice Score 0.936 (0.931-0.940),0,0,,,,171.0,0,0,0,0.0,0.0,0.0,0,0,1
K252945,510(k),2026-04-17,2026,Novasight Hybrid System,"Conavi Medical, Inc.",,,0,0,Cardiovascular,Cardiovascular,OBJ,2,870.1200,2025-09-15,214,N,0.468,0.0,0.0,none,"Software verification and validation was conducted, which included the validation of the newly introduced algorithms.",0,0,,,,171.0,0,0,0,0.0,0.0,0.0,0,0,1
K253502,510(k),2026-04-14,2026,Critical Care Suite with Enteric Tube Positioning AI Algorithm,"Ge Medical Systems, LLC",GE HealthCare Technologies Inc.,SEC:GEHC,1,1,Radiology,Radiology,QIH,2,892.2050,2025-10-30,166,N,0.476,1.0,1.0,retrospective,"achieved a sensitivity of 0.992 (0.982, 0.997) and a specificity of 0.975 (0.947, 0.991)",0,0,,,,174.0,0,0,0,0.0,0.0,0.0,0,0,1
K252190,510(k),2026-04-10,2026,DeepBT Detector-Plus,"Aitewan Biomedical Technology, Inc.",,,0,0,Radiology,Radiology,QKB,2,892.2050,2025-07-14,270,N,0.487,1.0,1.0,retrospective,Lesion-wise Sensitivity 88.6% 85.3% to 91.9%,0,0,,,,178.0,0,0,0,0.0,0.0,0.0,0,0,1
K252548,510(k),2026-04-10,2026,AI-Rad Companion Organs RT,Siemens Healthcare GmbH,Siemens Healthineers AG,XETRA:SHL,1,0,Radiology,Radiology,QKB,2,892.2050,2025-08-13,240,N,0.487,1.0,1.0,retrospective,validated in a retrospective performance study on CT data previously acquired for RT treatment planning (N= 469),0,0,,,,178.0,0,0,0,0.0,0.0,0.0,0,0,1
K252708,510(k),2026-04-10,2026,Relu Cloud,Relu BV,,,0,0,Radiology,Radiology,QIH,2,892.2050,2025-08-27,226,N,0.487,,0.0,none,,0,0,,,,178.0,0,0,0,0.0,0.0,0.0,0,0,0
K253689,510(k),2026-04-10,2026,syngo Dynamics (VA41F),Siemens Healthcare GmbH,Siemens Healthineers AG,XETRA:SHL,1,0,Radiology,Radiology,QIH,2,892.2050,2025-11-21,140,N,0.487,1.0,1.0,retrospective,The Auto EF results are exceeding all defined acceptance criteria...Biplane EF correlation was 0.822,0,0,,,,178.0,0,0,0,0.0,0.0,0.0,0,0,1
K253930,510(k),2026-04-10,2026,Overjet Iris Intelligent Imaging System,"Overjet, Inc.",,,0,0,Radiology,Radiology,QIH,2,892.2050,2025-12-09,122,N,0.487,1.0,1.0,retrospective,observed image-level specificity was 99.0%... sensitivity was 90.8%... surpassing the required threshold,0,0,,,,178.0,0,0,0,0.0,0.0,0.0,0,0,1
K260082,510(k),2026-04-10,2026,TRIOS Dx (R1),3Shape TRIOS A/S,,,0,0,Dental,Other,SHQ,2,872.1770,2026-01-12,88,N,0.487,,0.0,none,,0,0,,,,178.0,0,0,0,0.0,0.0,0.0,0,0,0
K252228,510(k),2026-04-09,2026,Seaman Pro/Seaman,"Checkcells, Inc.",,,0,0,Hematology,Other,POV,2,864.5220,2025-07-16,267,N,0.49,1.0,1.0,retrospective,"the study demonstrated strong agreement, yielding correlation coefficients exceeding 0.90",0,0,,,,179.0,0,0,0,0.0,0.0,0.0,0,0,1
K253801,510(k),2026-04-07,2026,ECG-AI Cardiac Amyloidosis (CA) 12-Lead Algorithm (1040),"Anumana, Inc.",,,0,0,Cardiovascular,Cardiovascular,SHP,2,870.2380,2025-11-28,130,N,0.496,1.0,1.0,retrospective,clinically validated... with a sensitivity and specificity greater than the study's predetermined acceptance criteria. Sensitivity 78.9% Specificity 91.2%,0,0,,,,181.0,0,0,0,0.0,0.0,0.0,0,0,1
K253288,510(k),2026-04-06,2026,6450 Ultrasound System (MyLabE80); 6450 Ultrasound System (MyLabE85),"Esaote, S.p.A.",Esaote S.p.A.,,0,0,Radiology,Radiology,IYN,2,892.1550,2025-09-29,189,N,0.498,1.0,1.0,retrospective,Performance testing comparing the AI-generated contours with manually defined contours has demonstrated that the algorithm meets the established performance criteria.,0,0,,,,182.0,0,0,0,0.0,0.0,0.0,0,0,1
K260524,510(k),2026-04-03,2026,uMI Panvivo (uMI Panvivo LS); uMI Panvivo (uMI Panvivo); uMI Panvivo (uMI Panvivo S); uMI Panvivo (uMI Panvivo EX); uMI Panvivo (uMI Panvivo ES),"Shanghai United Imaging Healthcare Co., Ltd.",Shanghai United Imaging Healthcare,SSE:688271,1,0,Radiology,Radiology,KPS,2,892.1200,2026-02-17,45,N,0.507,1.0,1.0,prospective,average CT value in the affected area...does not exceed 10HU...Pass,0,0,,,,185.0,0,0,0,0.0,0.0,0.0,0,0,1
K260724,510(k),2026-04-03,2026,MAGENTIQ-COLO (ME-APDS),"Magentiq Eye, Ltd.",,,0,0,Gastroenterology-Urology,Other,QNP,2,876.1520,2026-03-05,29,N,0.507,1.0,1.0,retrospective,detects 99.7% to 99.2%...of polyps verified by histology,0,0,,,,185.0,0,0,0,0.0,0.0,0.0,0,0,1
K254015,510(k),2026-04-01,2026,CoLumbo C-Spine,Smart Soft Healthcare AD,,,0,0,Radiology,Radiology,QIH,2,892.2050,2025-12-15,107,N,0.512,1.0,1.0,retrospective,"Vertebral body height 0.72 mm (0.56, 0.88 mm)",0,0,,,,187.0,0,0,0,0.0,0.0,0.0,0,0,1
K254207,510(k),2026-03-30,2026,AiORTA - Plan v2.0,"ViTAA Medical Solutions, Inc.",,,0,0,Radiology,Radiology,QIH,2,892.2050,2025-12-29,91,N,0.517,0.0,0.0,none,"No additional performance testing was conducted for the AI/ML algorithms, as these are identical to those used by the predicate",0,0,,,,189.0,0,0,0,0.0,0.0,0.0,0,0,1
K252360,510(k),2026-03-28,2026,ECG-AI Pulmonary Hypertension (PH) 12-Lead algorithm (1020),"Anumana, Inc.",,,0,0,Cardiovascular,Cardiovascular,SAT,2,870.2380,2025-07-29,242,N,0.523,1.0,1.0,retrospective,achieved a sensitivity of 73.0% ... and a specificity of 74.4%,0,0,,,,191.0,0,0,0,0.0,0.0,0.0,0,0,1
K253649,510(k),2026-03-27,2026,Spectral CT Verida Family,"Philips Medical Systems Technologies , Ltd.",Koninklijke Philips N.V.,SEC:PHG,1,1,Radiology,Radiology,JAK,2,892.1750,2025-11-20,127,N,0.526,,1.0,retrospective,"Retrospective, multi-site, controlled, blinded, non-inferiority clinical investigation...147 scans",0,0,,,,192.0,0,0,0,0.0,0.0,0.0,0,0,0
K252148,510(k),2026-03-27,2026,Butterfly Gestational Age Tool,"Butterfly Network, Inc.","Butterfly Network, Inc.",SEC:BFLY,1,1,Radiology,Radiology,IYN,2,892.1550,2025-07-09,261,N,0.526,1.0,1.0,prospective,mean absolute error (MAE) (±SE) was 3.9±0.12 days for the model versus 4.7±0.15 days for biometry,0,0,,,,192.0,0,0,0,0.0,0.0,0.0,0,0,1
K254161,510(k),2026-03-27,2026,Automated Aortic Stenosis Software (AutoAS),"GE Medical Systems Ultrasound & Primary Care Diagnostics, LLC",GE HealthCare Technologies Inc.,SEC:GEHC,1,1,Radiology,Radiology,POK,2,892.2060,2025-12-22,95,N,0.526,1.0,1.0,prospective,"Area Under the ROC Curve, 93.2%... which is statistically significantly greater than the predefined performance target",0,0,,,,192.0,0,0,0,0.0,0.0,0.0,0,0,1
K253595,510(k),2026-03-27,2026,"EPIQ Series Diagnostic Ultrasound System, Affiniti Series Diagnostic Ultrasound System","Philips Ultrasound, LLC",Koninklijke Philips N.V.,SEC:PHG,1,1,Radiology,Radiology,IYN,2,892.1550,2025-11-18,129,N,0.526,1.0,1.0,prospective,The confidence intervals (CI) for the LoA satisfied the predefined acceptance criteria established for the study,0,0,,,,192.0,0,0,0,0.0,0.0,0.0,0,0,1
K253625,510(k),2026-03-27,2026,"Vantage Fortian/Orian 1.5T, MRT-1550, V10.0 with AiCE Reconstruction Processing Unit for MR",Canon Medical Systems Corporation,Canon Inc.,SEC:CAJPY,1,1,Radiology,Radiology,LNH,2,892.1000,2025-11-18,129,N,0.526,0.0,0.0,none,No image quality testing was conducted.,0,0,,,,192.0,0,0,0,0.0,0.0,0.0,0,0,1
K260746,510(k),2026-03-27,2026,S-scan Open (100001800),"Esaote, S.p.A.",Esaote S.p.A.,,0,0,Radiology,Radiology,LNH,2,892.1000,2026-03-06,21,N,0.526,0.0,0.0,none,Sample clinical images...reviewed by a U.S. board-certified radiologist...acceptable diagnostic image quality,0,0,,,,192.0,0,0,0,0.0,0.0,0.0,0,0,1
K253270,510(k),2026-03-27,2026,Contour ProtégéAI+,"Mim Software, Inc.",GE HealthCare Technologies Inc.,SEC:GEHC,1,1,Radiology,Radiology,QKB,2,892.2050,2025-09-29,179,N,0.526,1.0,1.0,retrospective,The Contour ProtégéAI+ subject device was evaluated on the test subjects from a pool of 189 images gathered from 7 institutions.,0,0,,,,192.0,0,0,0,0.0,0.0,0.0,0,0,1
K253379,510(k),2026-03-26,2026,Stealth AXiS Cranial clinical application,"Medtronic Navigation, Inc.",Medtronic plc,SEC:MDT,1,1,Neurology,Neurology,HAW,2,882.4560,2025-09-30,177,N,0.528,0.0,1.0,retrospective,No clinical testing was performed.,0,0,,,,193.0,0,0,0,0.0,0.0,0.0,0,0,1
K253796,510(k),2026-03-26,2026,Lunit INSIGHT DBT (V1.2),"Lunit, Inc.",Lunit Inc.,KOSDAQ:328130,1,0,Radiology,Radiology,QDQ,2,892.2090,2025-11-28,118,N,0.528,1.0,1.0,prospective,ROC AUC in the standalone performance analysis was 0.9388... Sensitivity... 91.11%... specificity... 77.62%,0,0,,,,193.0,0,0,0,0.0,0.0,0.0,0,0,1
K253775,510(k),2026-03-26,2026,SwiftMR,"Airs Medical, Inc.",,,0,0,Radiology,Radiology,QIH,2,892.2050,2025-11-26,120,N,0.528,1.0,1.0,retrospective,Performance test was conducted using retrospective clinical images...This test passed,0,0,,,,193.0,0,0,0,0.0,0.0,0.0,0,0,1
K252099,510(k),2026-03-24,2026,Trinias,Shimadzu Corporation,Shimadzu Corporation/ADR,SEC:SHMXY,1,1,Radiology,Radiology,OWB,2,892.1650,2025-07-03,264,N,0.534,,0.0,none,,0,0,,,,195.0,0,0,0,0.0,0.0,0.0,0,0,0
K252421,510(k),2026-03-24,2026,JLK-NCCT,"JLK, Inc.",Listed Korean AI company,KOSDAQ,1,0,Radiology,Radiology,QAS,2,892.2080,2025-08-01,235,N,0.534,1.0,1.0,prospective,the observed sensitivity was 78.5% ... and the specificity was 90.3% ... AUC) was 0.880,0,0,,,,195.0,0,0,0,0.0,0.0,0.0,0,0,1
K260673,510(k),2026-03-24,2026,LOGIQ Vita; LOGIQ Vita Pro; LOGIQ Vita Express; LOGIQ Vita Plus; LOGIQ Vita Power; LOGIQ S20; LOGIQ S20 Pro; LOGIQ S20 Express; LOGIQ S20 Plus; LOGIQ S20 Power,GE Medical Systems Ultrasound and Primary Care Diagnostics,GE HealthCare Technologies Inc.,SEC:GEHC,1,1,Radiology,Radiology,IYN,2,892.1550,2026-03-02,22,N,0.534,0.0,0.0,none,leverages the same clinical data as the predicate,0,0,,,,195.0,0,0,0,0.0,0.0,0.0,0,0,1
K252992,510(k),2026-03-23,2026,CT Rembra RT; CT Areta RT; CT Rembra,"Philips Healthcare (Suzhou) Co., Ltd.",Koninklijke Philips N.V.,SEC:PHG,1,1,Radiology,Radiology,JAK,2,892.1750,2025-09-18,186,N,0.537,0.0,0.0,none,"The proposed devices did not require clinical studies, as substantial equivalence to the predicate devices",0,0,,,,196.0,0,0,0,0.0,0.0,0.0,0,0,1
K253686,510(k),2026-03-23,2026,True Definition DL,Ge Healthcare Japan Corporation,GE HealthCare Technologies Inc.,SEC:GEHC,1,1,Radiology,Radiology,JAK,2,892.1750,2025-11-21,122,N,0.537,1.0,1.0,prospective,The result of this reader study validated that True Definition DL provides diagnostic value,0,0,,,,196.0,0,0,0,0.0,0.0,0.0,0,0,1
K253520,510(k),2026-03-20,2026,"Photonova Spectra, Photonova Spectra Select","Ge Medical Systems, LLC",GE HealthCare Technologies Inc.,SEC:GEHC,1,1,Radiology,Radiology,JAK,2,892.1750,2025-11-12,128,N,0.545,1.0,1.0,prospective,"No reader identified any added, removed, or reduced diagnostic information in any DLIR setting",0,0,,,,199.0,0,0,0,0.0,0.0,0.0,0,0,1
K253574,510(k),2026-03-20,2026,SOMATOM X.cite; SOMATOM X.ceed,"Siemens Medical Solutions USA, Inc.",Siemens Healthineers AG,XETRA:SHL,1,0,Radiology,Radiology,JAK,2,892.1750,2025-11-17,123,N,0.545,1.0,1.0,retrospective,verification on patient data...For more than 90% of the ranges no editing action was necessary to cover standard ranges,0,0,,,,199.0,0,2,1,0.0,0.0,2.0,0,0,1
K260509,510(k),2026-03-19,2026,AutoContour (RADAC V5),"Radformation, Inc.",,,0,0,Radiology,Radiology,QKB,2,892.2050,2026-02-17,30,N,0.548,1.0,1.0,retrospective,"mean DSC of 0.91+/-0.14, 0.86+/-0.13, and 0.75+/-0.20",0,0,,,,200.0,0,0,0,0.0,0.0,0.0,0,0,1
K252304,510(k),2026-03-18,2026,syngo.via RT Image Suite VC10,"Varian Medical Systems, Inc.",Siemens Healthineers AG,XETRA:SHL,1,0,Radiology,Radiology,MUJ,2,892.5050,2025-07-24,237,N,0.55,1.0,1.0,retrospective,Algorithm performance was evaluated using independent test datasets comprising a total of 760 patients,0,0,,,,201.0,0,0,0,0.0,0.0,0.0,0,0,1
DEN250014,De Novo,2026-03-17,2026,Tyto Insights for Eardrum Bulging Detection,"Tyto Care , Ltd.",,,0,0,Ear Nose & Throat,Other,SHL,2,874.4775,2025-04-21,330,N,0.553,,1.0,retrospective,,0,0,,,,202.0,0,0,0,0.0,0.0,0.0,0,0,0
K253614,510(k),2026-03-17,2026,EchoNavigator R5.0,Philips Medical Systems Nederland B.V.,Koninklijke Philips N.V.,SEC:PHG,1,1,Radiology,Radiology,QIH,2,892.2050,2025-11-18,119,N,0.553,0.0,1.0,retrospective,,0,0,,,,202.0,0,0,0,0.0,0.0,0.0,0,0,1
K252282,510(k),2026-03-16,2026,SurgiCount+ System,Stryker Instruments,,,0,0,General Hospital,Other,PBZ,2,880.2750,2025-07-22,237,N,0.556,0.0,0.0,none,No clinical testing was provided to support this submission.,0,0,,,,203.0,0,0,0,0.0,0.0,0.0,0,0,1
K253944,510(k),2026-03-16,2026,Data Analysis Facilitation Suite (DAFS),Voronoi Health Analytics Incorporated,,,0,0,Radiology,Radiology,QIH,2,892.2050,2025-12-10,96,N,0.556,1.0,1.0,retrospective,most major anatomical structures achieving mean Dice scores greater than 0.90,0,0,,,,203.0,0,0,0,0.0,0.0,0.0,0,0,1
K252433,510(k),2026-03-16,2026,Sonio Detect  (v3),Sonio,Samsung Electronics Co. Ltd.,KRX:005930,1,0,Radiology,Radiology,IYN,2,892.1550,2025-08-01,227,N,0.556,1.0,1.0,retrospective,Automatic detection of 14 T1 fetal ultrasound images 0.886 ... 0.981,0,0,,,,203.0,0,0,0,0.0,0.0,0.0,0,0,1
K252261,510(k),2026-03-13,2026,InferCare RECIST,"Beijing Infervision Healthcare Medical Technology Co., Ltd.",,,0,0,Radiology,Radiology,QIH,2,892.2050,2025-07-21,235,N,0.564,1.0,1.0,retrospective,The MAE of centroid error distance was 2.44mm (95% C.I.: 2.22mm-2.68mm),0,0,,,,206.0,0,0,0,0.0,0.0,0.0,0,0,1
K260078,510(k),2026-03-13,2026,Aquilion ServeSP (TSX-307B) V2.0,Canon Medical Systems Corporation,Canon Inc.,SEC:CAJPY,1,1,Radiology,Radiology,JAK,2,892.1750,2026-01-12,60,N,0.564,0.0,0.0,none,"CLEAR Motion demonstrated consistent visual improvement in motion artifacts, particularly around the heart wall and liver dome",0,0,,,,206.0,0,0,0,0.0,0.0,0.0,0,0,1
K252089,510(k),2026-03-12,2026,Tyto Stethoscope (G3),"Tyto Care , Ltd.",,,0,0,Cardiovascular,Cardiovascular,DQD,2,870.1875,2025-07-02,253,N,0.567,1.0,1.0,retrospective,The algorithm achieved 100% accuracy (98.1-100% confidence interval) across all cases,0,0,,,,207.0,0,0,0,0.0,0.0,0.0,0,0,1
K250655,510(k),2026-03-12,2026,Deep Capsule® (Deep Capsule US),Digestaid - Artificial Intelligence Development SA,,,0,0,Gastroenterology-Urology,Other,QZF,2,876.1540,2025-03-05,372,N,0.567,1.0,1.0,prospective,Patient-level sensitivity and specificity were determined to be 95.8%... and 75%,0,0,,,,207.0,0,0,0,0.0,0.0,0.0,0,0,1
K253584,510(k),2026-03-10,2026,"Alphenix, INFX-8000V/B, INFX-8000V/S, V9.6 with aEvolve Imaging (FOV Extension)",Canon Medical Systems Corporation,Canon Inc.,SEC:CAJPY,1,1,Radiology,Radiology,OWB,2,892.1650,2025-11-17,113,N,0.572,0.0,0.0,none,AID and SNRF image sequences of an anthropomorphic chest phantom were acquired at various settings,0,0,,,,209.0,0,3,1,0.0,0.0,3.0,0,0,1
K253413,510(k),2026-03-09,2026,LiverMultiScan (v6.0),"Perspectum, Ltd.",,,0,0,Radiology,Radiology,LNH,2,892.1000,2025-10-01,159,N,0.575,1.0,0.0,none,"All aspects of the performance tests met the defined acceptance criteria, thereby assuring robust clinical performance of the device across different scanners",0,0,,,,210.0,0,0,0,0.0,0.0,0.0,0,0,1
K253668,510(k),2026-03-08,2026,Onera SleepMap (SLEEPMAP),Onera B.V.,,,0,0,Neurology,Neurology,OLZ,2,882.1400,2025-11-21,107,N,0.578,1.0,1.0,retrospective,validated using a validation data set consisting of 98 PSG night studies...on 98 unique patients,0,0,,,,211.0,0,0,0,0.0,0.0,0.0,0,0,1
K260166,510(k),2026-03-06,2026,Bunkerhill Contrast CAC,BunkerHill Health,,,0,0,Radiology,Radiology,JAK,2,892.1750,2026-01-20,45,N,0.583,1.0,1.0,prospective,"observed Sensitivity 0.957 (0.924, 0.991), the observed Specificity was 0.929 (0.882, 0.976)",0,0,,,,213.0,0,0,0,0.0,0.0,0.0,0,0,1
K260167,510(k),2026-03-06,2026,Bunkerhill Contrast AVC,BunkerHill Health,,,0,0,Radiology,Radiology,JAK,2,892.1750,2026-01-20,45,N,0.583,1.0,1.0,prospective,"observed Sensitivity was 0.972 (0.940, 1.000), the observed specificity was 0.933 (0.895, 0.971)",0,0,,,,213.0,0,0,0,0.0,0.0,0.0,0,0,1
K253551,510(k),2026-03-06,2026,VELYS Hip Navigation,Depuy Ireland UC,,,0,0,Radiology,Radiology,QIH,2,892.2050,2025-11-14,112,N,0.583,1.0,1.0,retrospective,Result: The study resulted in a Full Pass that validates the acceptance criteria...fell within the range of manual operated data points,0,0,,,,213.0,0,0,0,0.0,0.0,0.0,0,0,1
K253442,510(k),2026-03-05,2026,EarliPoint Assessment,Earlitec Diagnostics,,,0,0,Neurology,Neurology,QPF,2,882.1491,2025-10-01,155,N,0.586,1.0,1.0,prospective,sensitivity 77.1% and specificity 78.6%,0,0,,,,214.0,0,0,0,0.0,0.0,0.0,0,0,1
K252538,510(k),2026-03-05,2026,CEPHX3D,"Orca Dental AI , Ltd.",,,0,0,Radiology,Radiology,QIH,2,892.2050,2025-08-12,205,N,0.586,1.0,1.0,retrospective,Achieved a mean Dice Similarity Coefficient (DSC) of 0.9827 ... 100% (53/53) of cases rated as Clinically Acceptable,0,0,,,,214.0,0,0,0,0.0,0.0,0.0,0,0,1
K260169,510(k),2026-03-05,2026,AV Cardiac CT,Philips Medical Systems Nederland B.V.,Koninklijke Philips N.V.,SEC:PHG,1,1,Radiology,Radiology,JAK,2,892.1750,2026-01-20,44,N,0.586,1.0,1.0,retrospective,OV >0.80 ... Mean (98.3% CI) 0.93 (0.90 - 0.95),0,0,,,,214.0,0,0,0,0.0,0.0,0.0,0,0,1
K251901,510(k),2026-03-05,2026,Magnifico Open (100009900),"Esaote, S.p.A.",Esaote S.p.A.,,0,0,Radiology,Radiology,LNH,2,892.1000,2025-06-20,258,N,0.586,,0.0,none,,0,0,,,,214.0,0,0,0,0.0,0.0,0.0,0,0,0
K253898,510(k),2026-03-04,2026,QT Scanner 2000 Model A,"QT Imaging Holdings, Inc.","QT IMAGING HOLDINGS, INC.",SEC:QTI,1,1,Radiology,Radiology,IYO,2,892.1560,2025-12-05,89,N,0.589,1.0,0.0,none,Clinical testing performed via a visual grading analysis (VGA)... demonstrated that the image quality was improved,0,0,,,,215.0,0,0,0,0.0,0.0,0.0,0,0,1
P250008,PMA,2026-03-03,2026,Claire OCT System,"Perimeter Medical Imaging Ai, Inc.",,,0,0,General and Plastic Surgery,Other,SHH,3,,2025-03-13,355,,0.591,1.0,1.0,prospective,margin-level effectiveness ... sensitivity of 24.62% and a specificity of 91.34%,0,0,,,,216.0,0,0,0,0.0,0.0,0.0,0,0,1
K253818,510(k),2026-03-03,2026,Annalise Enterprise,"Harrison-AI Medical Pty, Ltd.",,,0,0,Radiology,Radiology,QAS,2,892.2080,2025-11-28,95,N,0.591,1.0,1.0,prospective,"AUC (95% CI) Acute Infarct <=1.5mm 0.952 (0.937, 0.965)",0,0,,,,216.0,0,0,0,0.0,0.0,0.0,0,0,1
K253593,510(k),2026-03-02,2026,Clarius Ejection Fraction AI,Clarius Mobile Health Corp.,,,0,0,Radiology,Radiology,QIH,2,892.2050,2025-11-17,105,N,0.594,1.0,1.0,retrospective,found to be non-inferior to that of experienced ultrasound users as shown by statistically significant p-values of 5.57e-21,0,0,,,,217.0,0,0,0,0.0,0.0,0.0,0,0,1
K253535,510(k),2026-02-27,2026,Ligence Heart,Ligence Uab,,,0,0,Radiology,Radiology,QIH,2,892.2050,2025-11-13,106,N,0.602,,0.0,none,,0,0,,,,220.0,0,0,0,0.0,0.0,0.0,0,0,0
K253578,510(k),2026-02-26,2026,BriefCase-Triage: CARE Multi-Triage CT for Pneumothorax; Pericardial effusion; Large aortic aneurysm; Shoulder fracture or dislocation device,"Aidoc Medical , Ltd.",,,0,0,Radiology,Radiology,QAS,2,892.2080,2025-11-17,101,N,0.605,1.0,1.0,prospective,"AUC, Sensitivity and Specificity of 4-clinical indication exceeded the pre-specified performance goal (PG)",0,0,,,,221.0,0,0,0,0.0,0.0,0.0,0,0,1
K260217,510(k),2026-02-24,2026,AI Platform 2.2 (AIP002),Exo Imaging,,,0,0,Radiology,Radiology,QIH,2,892.2050,2026-01-23,32,N,0.611,1.0,1.0,retrospective,overall agreement between the Quality AI and quality rated by the experienced sonographers was ICC = 0.94,0,0,,,,223.0,0,0,0,0.0,0.0,0.0,0,0,1
K253648,510(k),2026-02-23,2026,"Ingenia, Ingenia CX, Ingenia Elition S/X, Ingenia Ambition S/X, BlueSeal SE/XE/QE, MR 5300 and MR 7700 MR Systems including Upgrades",Philips Medical Systems Nederland B.V.,Koninklijke Philips N.V.,SEC:PHG,1,1,Radiology,Radiology,LNH,2,892.1000,2025-11-20,95,N,0.613,0.0,0.0,none,there were no technological characteristics relative to the predicate device that would require clinical testing,0,0,,,,224.0,0,0,0,0.0,0.0,0.0,0,0,1
K260265,510(k),2026-02-23,2026,MAGNETOM Flow.Ace; MAGNETOM Flow.Plus,"Siemens Shenzhen Magnetic Resonance , Ltd.",Siemens Healthineers AG,XETRA:SHL,1,0,Radiology,Radiology,LNH,2,892.1000,2026-01-28,26,N,0.613,0.0,1.0,retrospective,sample clinical images were provided as claim evidence only,0,0,,,,224.0,0,0,0,0.0,0.0,0.0,0,0,1
K252972,510(k),2026-02-20,2026,CARTO 3 EP Navigation System V8.4,"Biosense Webster, Inc.",,,0,0,Cardiovascular,Cardiovascular,DQK,2,870.1425,2025-09-17,156,N,0.621,0.0,1.0,retrospective,"Retrospective Validation Tests – Testing was performed retrospectively, on clinical recorded data from historic EP procedures performed with the CARTOTM 3 System",0,0,,,,227.0,0,3,1,0.0,0.0,3.0,0,0,1
K252500,510(k),2026-02-20,2026,CARA System,"Cara Medical, Ltd.",,,0,0,Radiology,Radiology,OWB,2,892.1650,2025-08-08,196,N,0.621,1.0,1.0,retrospective,Mean DSC = 0.962 ... A retrospective clinical study was conducted on 403 patients,0,0,,,,227.0,0,0,0,0.0,0.0,0.0,0,0,1
K252002,510(k),2026-02-19,2026,Monaco RTP System (6.3),Elekta Solutions AB,Elekta AB,STO:EKTA-B,1,0,Radiology,Radiology,MUJ,2,892.5050,2025-06-27,237,N,0.624,1.0,1.0,retrospective,the mean Absolute Volume Difference (AVD) was less than 3 mm,0,0,,,,228.0,0,0,0,0.0,0.0,0.0,0,0,1
K250233,510(k),2026-02-13,2026,PreemptiveAI Clinical SDK,"Measure Labs, Inc. (Dba Preemptiveai, Inc.)",,,0,0,Cardiovascular,Cardiovascular,DXH,2,870.2920,2025-01-27,382,N,0.641,1.0,1.0,prospective,hypothesis that the PreemptiveAI Clinical SDK can measure pulse rate within ± 3 BPM ARMS is accepted,0,0,,,,234.0,0,0,0,0.0,0.0,0.0,0,0,1
K253564,510(k),2026-02-13,2026,uMI Panvivo (uMI Panvivo); uMI Panvivo (uMI Panvivo S); uMI Panvivo (uMI Panvivo EX); uMI Panvivo (uMI Panvivo ES),"Shanghai United Imaging Healthcare Co., Ltd.",Shanghai United Imaging Healthcare,SSE:688271,1,0,Radiology,Radiology,KPS,2,892.1200,2025-11-17,88,N,0.641,1.0,1.0,prospective,the difference...does not exceed 10HU... Pass,0,0,,,,234.0,0,0,0,0.0,0.0,0.0,0,0,1
K253381,510(k),2026-02-12,2026,Stealth AXiS Surgical System with Stealth AXiS Spine clinical application,"Medtronic Navigation, Inc.",Medtronic plc,SEC:MDT,1,1,Neurology,Neurology,OLO,2,882.4560,2025-09-30,135,N,0.643,0.0,1.0,retrospective,A retrospective clinical evaluation of published literature was performed on the StealthStation Navigation System and Mazor System,0,0,,,,235.0,0,2,1,0.0,0.0,2.0,0,0,1
DEN250007,De Novo,2026-02-11,2026,Delivery Date AI,Ultrasound AI,,,0,0,Radiology,Radiology,SHE,2,892.8200,2025-03-17,331,N,0.646,,1.0,retrospective,,0,0,,,,236.0,0,0,0,0.0,0.0,0.0,0,0,0
K252084,510(k),2026-02-11,2026,AI4CMR v2.0,Ai4medimaging Medical Solutions S.A.,,,0,0,Radiology,Radiology,QIH,2,892.2050,2025-07-02,224,N,0.646,1.0,1.0,retrospective,"intraclass correlation coefficients of 0.95, 0.82, and 0.95, respectively",0,0,,,,236.0,0,0,0,0.0,0.0,0.0,0,0,1
K254016,510(k),2026-02-10,2026,MI View&GO,"Siemens Medical Solutions USA, Inc.",Siemens Healthineers AG,XETRA:SHL,1,0,Radiology,Radiology,QIH,2,892.2050,2025-12-15,57,N,0.649,1.0,1.0,retrospective,average Dice coefficient for the 20 subjects was higher for each lobe in the subject device than in the predicate device,0,0,,,,237.0,0,0,0,0.0,0.0,0.0,0,0,1
K252076,510(k),2026-02-06,2026,Kneevoice Cartilage Evaluation System (750-3600-001),"Kneevoice, Inc.",,,0,0,Cardiovascular,Cardiovascular,DQD,2,870.1875,2025-07-02,219,N,0.66,0.0,0.0,none,Human Factors Validation Tests,0,0,,,,241.0,0,0,0,0.0,0.0,0.0,0,0,1
K251218,510(k),2026-02-06,2026,SafeBeat Rx App,"SafeBeat Rx, Inc.",,,0,0,Cardiovascular,Cardiovascular,DQK,2,870.1425,2025-04-21,291,N,0.66,1.0,1.0,retrospective,"Software-generated QT, QRS, and HR/RR measurements were compared against annotations performed by board-certified cardiologists with excellent agreement.",0,0,,,,241.0,0,0,0,0.0,0.0,0.0,0,0,1
K243348,510(k),2026-02-06,2026,Athelas Home,"Athelas, Inc.",,,0,0,Hematology,Other,GKZ,2,864.5220,2024-10-28,466,N,0.66,1.0,1.0,retrospective,the At-Home Precision Repeatability studies met their pre-set evaluation criteria for WBC CV%,0,0,,,,241.0,0,0,0,0.0,0.0,0.0,0,0,1
K251474,510(k),2026-02-06,2026,Median LCS (internal name) / eyonis LCS (trade name) (1.0),Median Technologies,,,0,0,Radiology,Radiology,QDQ,2,892.2090,2025-05-13,269,N,0.66,1.0,1.0,prospective,a patient-level AUROC of 0.904 [0.881-0.926] p<0.0001 (acceptance criterion: AUROC>0.800),0,0,,,,241.0,0,0,0,0.0,0.0,0.0,0,0,1
K253780,510(k),2026-02-06,2026,SIGNA Bolt,"Ge Medical Systems, LLC",GE HealthCare Technologies Inc.,SEC:GEHC,1,1,Radiology,Radiology,LNH,2,892.1000,2025-11-26,72,N,0.66,1.0,1.0,retrospective,"SIGNA One Camera met the predefined acceptance criterion of 90%, achieving successful detection in up to 99% of cases",0,0,,,,241.0,0,0,0,0.0,0.0,0.0,0,0,1
K253779,510(k),2026-02-05,2026,SIGNA Sprint Select,"Ge Medical Systems, LLC",GE HealthCare Technologies Inc.,SEC:GEHC,1,1,Radiology,Radiology,LNH,2,892.1000,2025-11-26,71,N,0.663,0.0,0.0,none,A U.S. Board Certified radiologist reviewed these images and attested that images produced by SIGNA Sprint Select are of sufficient quality for diagnostic use,0,0,,,,242.0,0,0,0,0.0,0.0,0.0,0,0,1
K260104,510(k),2026-02-04,2026,Signature ONE System,Orthosoft Inc. (d/b/a) Zimmer CAS,,,0,0,Orthopedic,Other,QHE,2,888.3660,2026-01-13,22,N,0.665,0.0,0.0,none,,0,0,,,,243.0,0,0,0,0.0,0.0,0.0,0,0,1
K251200,510(k),2026-02-02,2026,Vital Signs,Oxehealth Limited,,,0,0,Cardiovascular,Cardiovascular,QME,2,870.2785,2025-04-18,290,N,0.671,0.0,0.0,none,,0,0,,,,245.0,0,0,0,0.0,0.0,0.0,0,0,1
K251769,510(k),2026-01-30,2026,RevealAI-Lung,"Precision Medical Ventures, Inc. Dba Revealdx",,,0,0,Radiology,Radiology,POK,2,892.2060,2025-06-10,234,N,0.679,1.0,1.0,prospective,"Concurrent use of RevealAI-Lung improved radiologists accuracy for the diagnosis of pulmonary nodules by an average of 18 points, from 0.54 to 0.72 (p < 0.001)",0,0,,,,248.0,0,0,0,0.0,0.0,0.0,0,0,1
K252091,510(k),2026-01-29,2026,Surgical Reality Viewer,Medicalvr B.V.,,,0,0,Radiology,Radiology,QIH,2,892.2050,2025-07-03,210,N,0.682,1.0,1.0,retrospective,Lobe segmentation accuracy resulted in an average DICE of 0.97,0,0,,,,249.0,0,0,0,0.0,0.0,0.0,0,0,1
K252496,510(k),2026-01-29,2026,Neurophet AQUA AD Plus,"Neurophet., Inc.",,,0,0,Radiology,Radiology,QIH,2,892.2050,2025-08-08,174,N,0.682,1.0,1.0,retrospective,mean DSC of 0.83 ± 0.04 for cortical regions ... met the predefined acceptance criteria,0,0,,,,249.0,0,0,0,0.0,0.0,0.0,0,0,1
K251306,510(k),2026-01-28,2026,Seg Pro V3 (RT-300),"Ever Fortune.Ai, Co., Ltd.",,,0,0,Radiology,Radiology,QKB,2,892.2050,2025-04-28,275,N,0.684,1.0,1.0,prospective,The overall performance demonstrated a mean DSC of 0.85.,0,0,,,,250.0,0,0,0,0.0,0.0,0.0,0,0,1
K251195,510(k),2026-01-27,2026,BriefCase-Triage,"Aidoc Medical , Ltd.",,,0,0,Radiology,Radiology,QAS,2,892.2080,2025-04-17,285,N,0.687,1.0,1.0,prospective,"sensitivity was 87.8% (95% CI: 83.1%, 91.6%) and specificity was 91.6% (95% CI: 87.9%, 94.5%), meeting the study's primary endpoint.",0,0,,,,251.0,0,0,0,0.0,0.0,0.0,0,0,1
K243349,510(k),2026-01-23,2026,BodyGuardian Remote Monitoring System (BGRMS v3.0),"Boston Scientific Cardiac Diagnostic Technologies, Inc.",,,0,0,Cardiovascular,Cardiovascular,DSI,2,870.1025,2024-10-28,452,N,0.698,1.0,1.0,retrospective,clinical validation results met all predefined acceptance criteria and demonstrated substantially equivalent performance,0,0,,,,255.0,0,0,0,0.0,0.0,0.0,0,0,1
K251351,510(k),2026-01-23,2026,AccuContour 4.0,"Manteia Technologies Co., Ltd.",,,0,0,Radiology,Radiology,QKB,2,892.2050,2025-04-30,268,N,0.698,1.0,0.0,none,the auto-segmentation performance of the AccuContour system for sCT images derived from both CBCT and MR modalities meets the requirements for geometric accuracy,0,0,,,,255.0,0,0,0,0.0,0.0,0.0,0,0,1
K252984,510(k),2026-01-22,2026,Perin Health System (PHD80060-2),"Perin Health Devices, LLC",,,0,0,Cardiovascular,Cardiovascular,DRG,2,870.2910,2025-09-18,126,N,0.701,0.0,1.0,prospective,Auscultation data of heart and lung sounds has been verified by using bench test,0,0,,,,256.0,0,0,0,0.0,0.0,0.0,0,0,1
K251511,510(k),2026-01-22,2026,PhenoMATRIX,Copan Wasp Srl,,,0,0,Microbiology,Other,PPU,2,866.2190,2025-05-16,251,N,0.701,1.0,1.0,retrospective,Each PhenoMATRIX configuration demonstrated high classification agreement with the culture plate classification performed by the laboratory microbiologist,0,0,,,,256.0,0,0,0,0.0,0.0,0.0,0,0,1
K253735,510(k),2026-01-22,2026,AV Vascular,Philips Medical Systems Nederland B.V.,Koninklijke Philips N.V.,SEC:PHG,1,1,Radiology,Radiology,QIH,2,892.2050,2025-11-24,59,N,0.701,1.0,1.0,retrospective,"3D DSC > 0.9 ... 0.96 (0.96, 0.97)",0,0,,,,256.0,0,0,0,0.0,0.0,0.0,0,0,1
K253057,510(k),2026-01-22,2026,AI-Rad Companion Brain MR,Siemens Healthcare GmbH,Siemens Healthineers AG,XETRA:SHL,1,0,Radiology,Radiology,QIH,2,892.2050,2025-09-22,122,N,0.701,1.0,1.0,retrospective,the Pearson correlation coefficient between the WMH volumes estimated by our software and ground truth annotation was 0.96,0,0,,,,256.0,0,0,0,0.0,0.0,0.0,0,0,1
K253173,510(k),2026-01-20,2026,uCT 780 with uWS-CT-Dual Energy Analysis,"Shanghai United Imaging Healthcare Co., Ltd.",Shanghai United Imaging Healthcare,SSE:688271,1,0,Radiology,Radiology,JAK,2,892.1750,2025-09-26,116,N,0.706,0.0,0.0,none,The subject of this premarket submission did not require clinical studies to support substantial equivalence.,1,1,2026-08-11,,203.0,203.0,0,0,0,0.0,0.0,0.0,0,0,1
K251934,510(k),2026-01-16,2026,qXR-Detect,Qure.Ai Technologies,,,0,0,Radiology,Radiology,MYN,2,892.2070,2025-06-24,206,N,0.717,1.0,1.0,prospective,The overall wAFROC significantly improved from 0.6894 in the unaided reads to 0.7505 in reads aided by qXR-Detect,0,0,,,,262.0,0,0,0,0.0,0.0,0.0,0,0,1
K252634,510(k),2026-01-16,2026,Imagine® Enterprise Suite,Softlink International Private Limited,,,0,0,Radiology,Radiology,QIH,2,892.2050,2025-08-20,149,N,0.717,1.0,1.0,retrospective,"evaluated using a comprehensive set of performance metrics, including Jaccard Index ... Dice Score, Precision, Accuracy, and Recall",0,0,,,,262.0,0,0,0,0.0,0.0,0.0,0,0,1
K252934,510(k),2026-01-15,2026,Diagnocat,"DGNCT, LLC",,,0,0,Radiology,Radiology,MYN,2,892.2070,2025-09-15,122,N,0.72,1.0,1.0,prospective,Sensitivity (0.85) and specificity (0.99) both met the pre-defined PGs.,0,0,,,,263.0,0,0,0,0.0,0.0,0.0,0,0,1
K253023,510(k),2026-01-15,2026,BIOGRAPH One,Siemens Healthineers AG,Siemens Healthineers AG,XETRA:SHL,1,0,Radiology,Radiology,OUO,2,892.1200,2025-09-19,118,N,0.72,0.0,1.0,retrospective,"references to a clinical investigation report are provided as well as, sample clinical images were provided as stated above",0,0,,,,263.0,0,0,0,0.0,0.0,0.0,0,0,1
K252188,510(k),2026-01-15,2026,EMLA (Elekta Evo); EMLA (VersaHD); EMLA (Elekta Harmony Pro); EMLA (Elekta Infintiy); EMLA (Elekta Harmony); EMLA (Elekta Synergy),Elekta Solutions AB,Elekta AB,STO:EKTA-B,1,0,Radiology,Radiology,IYE,2,892.5050,2025-07-14,185,N,0.72,0.0,0.0,none,,0,0,,,,263.0,0,1,1,0.0,0.0,0.0,0,0,1
K254001,510(k),2026-01-13,2026,VERITON CT 300 Series Digital SPECT/CT System (VERITON CT 316/364); VERITON CT 400 Series Digital SPECT/CT System (VERITON CT 416/464),"Spectrum Dynamics Medical, Ltd.",,,0,0,Radiology,Radiology,KPS,2,892.1200,2025-12-15,29,N,0.726,1.0,1.0,retrospective,"Bone (Tc-99m): R2 = 0.99, Slope = 0.94... Pass criteria: R2 > 0.8, Slope 0.9-1.1",0,0,,,,265.0,0,0,0,0.0,0.0,0.0,0,0,1
K251558,510(k),2026-01-12,2026,Precision AI Surgical Planning System (PAI-SPS),"Precision AI Pty, Ltd.",,,0,0,Orthopedic,Other,QHE,2,888.3660,2025-05-21,236,N,0.728,0.0,0.0,none,,0,0,,,,266.0,0,0,0,0.0,0.0,0.0,0,0,1
K252842,510(k),2026-01-11,2026,SafeOp 3: Neural Informatix System,"Alphatec Spine, Inc.",,,0,0,Neurology,Neurology,GWF,2,882.1870,2025-09-08,125,N,0.731,0.0,1.0,retrospective,Determination of substantial equivalence is not based on an assessment of clinical performance data,1,1,2026-05-13,2.0,122.0,122.0,0,0,0,0.0,0.0,0.0,0,0,1
K252589,510(k),2026-01-09,2026,Corvair Monza,"AliveCor, Inc.",,,0,0,Cardiovascular,Cardiovascular,MHX,2,870.1025,2025-08-15,147,N,0.736,1.0,1.0,retrospective,"evaluated against a clinically relevant acceptance criteria ... sensitivity, specificity, and PPV",0,0,,,,269.0,0,0,0,0.0,0.0,0.0,0,0,1
K253370,510(k),2026-01-08,2026,LOGIQ Totus,GE Medical Systems Ultrasound and Primary Care Diagnostics,GE HealthCare Technologies Inc.,SEC:GEHC,1,1,Radiology,Radiology,IYN,2,892.1550,2025-09-30,100,N,0.739,1.0,1.0,retrospective,Strong correlation was confirmed between UFF values and MRI-PDFF. The correlation coefficient was 0.87.,0,0,,,,270.0,0,0,0,0.0,0.0,0.0,0,0,1
K253009,510(k),2026-01-07,2026,DS Core Detect,"Dentsply Sirona, Inc.",DENTSPLY SIRONA Inc.,SEC:XRAY,1,1,Radiology,Radiology,MYN,2,892.2070,2025-09-19,110,N,0.742,1.0,1.0,prospective,"Sensitivity: High sensitivity 0.78 [0.74; 0.81], Standard sensitivity 0.66 [0.62; 0.70]",0,0,,,,271.0,0,0,0,0.0,0.0,0.0,0,0,1
K252970,510(k),2026-01-07,2026,BriefCase-Triage: CARE Multi-triage CT Body,"Aidoc Medical , Ltd.",,,0,0,Radiology,Radiology,QAS,2,892.2080,2025-09-17,112,N,0.742,1.0,1.0,prospective,"AUC, Sensitivity and Specificity of 11-clinical indication exceeded the pre-specified performance goal (PG) of area under the curve (AUC) > 0.95",0,0,,,,271.0,0,0,0,0.0,0.0,0.0,0,0,1
K253366,510(k),2026-01-07,2026,LOGIQ Fortis,GE Medical Systems Ultrasound and Primary Care Diagnostics,GE HealthCare Technologies Inc.,SEC:GEHC,1,1,Radiology,Radiology,IYN,2,892.1550,2025-09-30,99,N,0.742,1.0,1.0,retrospective,Strong correlation was confirmed between UFF values and MRI-PDFF. The correlation coefficient was 0.87.,0,0,,,,271.0,0,0,0,0.0,0.0,0.0,0,0,1
K252018,510(k),2026-01-05,2026,HERA Z20 Diagnostic Ultrasound System; HERA Z20e Diagnostic Ultrasound System; HERA Z20s Diagnostic Ultrasound System; R20 Diagnostic Ultrasound System; HERA Z30 Diagnostic Ultrasound System; R30 Diagnostic Ultrasound System,"Samsung Medison Co., Ltd.",Samsung Electronics Co. Ltd.,KRX:005930,1,0,Radiology,Radiology,IYN,2,892.1550,2025-06-30,189,N,0.747,1.0,1.0,prospective,"The study confirmed that this feature achieved a Success Rate of 100% [94.17%, 100.00%]",0,0,,,,273.0,0,0,0,0.0,0.0,0.0,0,0,1
K253532,510(k),2025-12-30,2025,TruSPECT Processing Station,"Spectrum Dynamics Medical, Ltd.",,,0,0,Radiology,Radiology,QIH,2,892.2050,2025-11-13,47,N,0.764,1.0,1.0,retrospective,"LVEF r=0.94, EDV r=0.98, TPD r=0.98 ... within pre-specified acceptance criteria",0,0,,,,279.0,0,0,0,0.0,0.0,0.0,0,0,1
K252379,510(k),2025-12-23,2025,AIR Recon DL,"Ge Medical Systems, LLC",GE HealthCare Technologies Inc.,SEC:GEHC,1,1,Radiology,Radiology,LNH,2,892.1000,2025-07-30,146,N,0.783,1.0,1.0,prospective,DLPC with PC-ARDL did not show significant differences in ADC values ... while the predicate device has statistically significant reductions,0,0,,,,286.0,0,0,0,0.0,0.0,0.0,0,0,1
K253091,510(k),2025-12-23,2025,ART-Plan+ (v3.1.0),Therapanacea Sas,,,0,0,Radiology,Radiology,MUJ,2,892.5050,2025-09-23,91,N,0.783,1.0,1.0,retrospective,validation of the performance of autosegmentation... was performed by comparison of the DSC between contours generated by the previous version of ART-Plan and manual contours,0,0,,,,286.0,0,0,0,0.0,0.0,0.0,0,0,1
K252856,510(k),2025-12-22,2025,PeekMed web,"Peek Health, S.A.",,,0,0,Radiology,Radiology,QIH,2,892.2050,2025-09-09,104,N,0.786,1.0,0.0,none,Comparison of the efficacy results of the Segmentation ML model using the testing and external validation datasets against the predefined ground truth met the acceptance criteria for ML model performance,0,0,,,,287.0,0,0,0,0.0,0.0,0.0,0,0,1
K253664,510(k),2025-12-22,2025,SKOUT system,Iterative Health,,,0,0,Gastroenterology-Urology,Other,QNP,2,876.1520,2025-11-20,32,N,0.786,1.0,1.0,retrospective,"evaluation of true positives, false positives, and polyp detection time...demonstrated passing results in all applicable testing",0,0,,,,287.0,0,0,0,0.0,0.0,0.0,0,0,1
K250959,510(k),2025-12-22,2025,BioticsAI,"Bioticsai, Inc.",,,0,0,Radiology,Radiology,IYN,2,892.1550,2025-03-31,266,N,0.786,1.0,1.0,retrospective,"BioticsAI conducted a standalone performance testing on a dataset of 11,186 fetal ultrasound images in the United States across 296 patients",0,0,,,,287.0,0,0,0,0.0,0.0,0.0,0,0,1
K252557,510(k),2025-12-22,2025,Lumify Diagnostic Ultrasound System,"Philips Ultrasound, LLC",Koninklijke Philips N.V.,SEC:PHG,1,1,Radiology,Radiology,IYN,2,892.1550,2025-08-13,131,N,0.786,1.0,1.0,prospective,"achieving 87.9% concordance, Cohen's kappa of 0.67 ... Binary classification performance met the predefined acceptance criterion",0,0,,,,287.0,0,0,0,0.0,0.0,0.0,0,0,1
K252670,510(k),2025-12-19,2025,Alzevita,TOPIA MEDTECH LIMITED,,,0,0,Radiology,Radiology,QIH,2,892.2050,2025-08-25,116,N,0.794,1.0,1.0,retrospective,The Alzevita algorithm met all predefined performance thresholds ... Dice Score: >= 75%,0,0,,,,290.0,0,0,0,0.0,0.0,0.0,0,0,1
K252284,510(k),2025-12-19,2025,eMurmur Heart AI,Csd Labs,,,0,0,Cardiovascular,Cardiovascular,DQD,2,870.1875,2025-07-22,150,N,0.794,1.0,1.0,retrospective,Sensitivity 90.0% (78.8%-95.9%) Specificity 90.0% (78.8%-95.9%),0,0,,,,290.0,0,0,0,0.0,0.0,0.0,0,0,1
K252838,510(k),2025-12-19,2025,MAGNETOM Sola; MAGNETOM Altea; MAGNETOM Sola Fit; MAGNETOM Viato.Mobile; MAGNETOM Vida; MAGNETOM Lumina; MAGNETOM Vida Fit; MAGNETOM Flow.Elite; MAGNETOM Flow.Neo; MAGNETOM Flow.Rise,Siemens Healthcare GmbH,Siemens Healthineers AG,XETRA:SHL,1,0,Radiology,Radiology,LNH,2,892.1000,2025-09-05,105,N,0.794,0.0,1.0,retrospective,No clinical tests were conducted to support substantial equivalence for the subject devices. Sample clinical images were provided,0,0,,,,290.0,0,4,1,0.0,4.0,0.0,0,0,1
K252029,510(k),2025-12-19,2025,AI-CVD,HeartLung Corporation,,,0,0,Radiology,Radiology,QIH,2,892.2050,2025-06-30,172,N,0.794,1.0,1.0,retrospective,The results demonstrated comparative safety and effectiveness between expert manual measurements and both the automated Agatston CAC scores,0,0,,,,290.0,0,0,0,0.0,0.0,0.0,0,0,1
K250914,510(k),2025-12-18,2025,MediAI-BA,"Crescom Co., Ltd.",,,0,0,Radiology,Radiology,QIH,2,892.2050,2025-03-27,266,N,0.797,1.0,1.0,retrospective,MediAI-BA was confirmed to meet all of the predefined performance criteria described below,0,0,,,,291.0,0,0,0,0.0,0.0,0.0,0,0,1
K253516,510(k),2025-12-18,2025,Assert-IQ (DM5100),Abbott Medical,Abbott Laboratories,SEC:ABT,1,1,Cardiovascular,Cardiovascular,MXD,2,870.1025,2025-11-12,36,N,0.797,0.0,0.0,none,"Existing validation activities from predicate (K251221) models (e.g., usability, algorithm performance...) remain applicable and sufficient.",0,0,,,,291.0,0,0,0,0.0,0.0,0.0,0,0,1
K252235,510(k),2025-12-18,2025,PVAD IQ Software,"Ultrasight , Ltd.",,,0,0,Radiology,Radiology,QIH,2,892.2050,2025-07-17,154,N,0.797,1.0,1.0,retrospective,The PVAD IQ software achieved an MAE of 0.42 cm with a 95% CI of (0.38-0.47 cm),0,0,,,,291.0,0,0,0,0.0,0.0,0.0,0,0,1
K251416,510(k),2025-12-17,2025,UltraSight Guidance,"Ultrasight , Ltd.",,,0,0,Radiology,Radiology,QJU,2,892.2100,2025-05-07,224,N,0.799,,0.0,none,,0,0,,,,292.0,0,0,0,0.0,0.0,0.0,0,0,0
K252922,510(k),2025-12-17,2025,Neosoma Brain Mets,"Neosoma, Inc.",,,0,0,Radiology,Radiology,QIH,2,892.2050,2025-09-15,93,N,0.799,1.0,1.0,retrospective,The testing dataset consisted of 70 subjects and 70 MRIs used for the evaluation of the machine learning model performance,0,0,,,,292.0,0,0,0,0.0,0.0,0.0,0,0,1
K251763,510(k),2025-12-16,2025,IRISeg,"Intuitive Surgical, Inc.",INTUITIVE SURGICAL INC,SEC:ISRG,1,1,Radiology,Radiology,QIH,2,892.2050,2025-06-09,190,N,0.802,0.0,0.0,none,"The algorithm was not modified in the subject device, and therefore the performance of the ML algorithm is as effective as in the predicate device",0,0,,,,293.0,0,0,0,0.0,0.0,0.0,0,0,1
K252204,510(k),2025-12-16,2025,prolaio eVO2peak Module (Version 1.0),"Prolaio, Inc.",,,0,0,Cardiovascular,Cardiovascular,PPW,2,870.2200,2025-07-14,155,N,0.802,1.0,1.0,prospective,"Performance of prolaio eVO2peak met the target accuracy, reliability/consistency, and bias criteria",0,0,,,,293.0,0,0,0,0.0,0.0,0.0,0,0,1
K253489,510(k),2025-12-12,2025,Swoop® Portable MR Imaging® System,"Hyperfine, Inc.","Hyperfine, Inc.",SEC:HYPR,1,1,Radiology,Radiology,LNH,2,892.1000,2025-10-24,49,N,0.813,1.0,1.0,retrospective,Advanced Reconstruction was required to perform at least as well as Linear Reconstruction in all categories (median score ≥0...),0,0,,,,297.0,0,0,0,0.0,0.0,0.0,0,0,1
K252482,510(k),2025-12-11,2025,CogNet AI-MT+,"Medcognetics, Inc.",,,0,0,Radiology,Radiology,QFM,2,892.2080,2025-08-07,126,N,0.816,1.0,1.0,retrospective,CogNet AI-MT+ achieved an AUROC = 0.9548 ... Sensitivity = 0.8809 ... and Specificity = 0.9156,0,0,,,,298.0,0,0,0,0.0,0.0,0.0,0,0,1
K253141,510(k),2025-12-11,2025,DeepRhythmAI,Medicalgorithmics S.A.,Medicalgorithmics S.A.,WSE:MDG,1,0,Cardiovascular,Cardiovascular,DQK,2,870.1425,2025-09-25,77,N,0.816,1.0,0.0,none,the algorithm was tested against the proprietary database (MDG validation db) that includes a large number of recordings captured among the intended patient population,0,0,,,,298.0,0,0,0,0.0,0.0,0.0,0,0,1
K252497,510(k),2025-12-10,2025,SANSA HSAT,Huxley Medical,,,0,0,Anesthesiology,Other,MNR,2,868.2375,2025-08-08,124,N,0.819,1.0,1.0,retrospective,sensitivity of the Sansa device to detect AHIc ≥ 10 was 100.0% ... and the specificity was 98.7%,0,0,,,,299.0,0,0,0,0.0,0.0,0.0,0,0,1
K243449,510(k),2025-12-09,2025,INFINITT DPS,"Infinitt Healthcare Co., Ltd.",,,0,0,Pathology,Other,QKQ,2,864.3700,2024-11-07,397,N,0.821,0.0,0.0,none,This test demonstrated identical image reproduction between the subject device (INFINITT DPS) and the predicate viewer,0,0,,,,300.0,0,0,0,0.0,0.0,0.0,0,0,1
K252294,510(k),2025-12-08,2025,Fetal EchoScan (v1.2),Brightheart,,,0,0,Radiology,Radiology,POK,2,892.2060,2025-07-23,138,N,0.824,1.0,1.0,prospective,The ROC AUC for detection of any suspicious radiographic finding was significantly higher in the aided compared to the unaided reading condition,0,0,,,,301.0,0,0,0,0.0,0.0,0.0,0,0,1
K251936,510(k),2025-12-08,2025,Ceribell Delirium Monitor System,"Ceribell, Inc.","Ceribell, Inc.",SEC:CBLL,1,1,Neurology,Neurology,NCG,2,882.1440,2025-06-24,167,N,0.824,1.0,1.0,retrospective,EEG data was collected from 225 adults (22 years or older) in a critical care environment,0,0,,,,301.0,0,0,0,0.0,0.0,0.0,0,0,1
K251657,510(k),2025-12-05,2025,Personalized Therapy Comfort Settings (PTCS),ResMed Corp,RESMED INC,SEC:RMD,1,1,Anesthesiology,Other,BZD,2,868.5905,2025-05-30,189,N,0.832,1.0,1.0,retrospective,Retrospective comparisons of PTCS recommended settings to default configurations showed measurable improvements in patient therapy engagement,0,0,,,,304.0,0,0,0,0.0,0.0,0.0,0,0,1
K250780,510(k),2025-12-05,2025,ARTAssistant,"Manteia Technologies Co., Ltd.",,,0,0,Radiology,Radiology,QKB,2,892.2050,2025-03-14,266,N,0.832,1.0,1.0,retrospective,the NMI and HD values of the proposed device was non-inferiority compares with that of the predicate device,0,0,,,,304.0,0,0,0,0.0,0.0,0.0,0,0,1
K251514,510(k),2025-12-05,2025,Overjet CBCT Assist,"Overjet, Inc.",,,0,0,Radiology,Radiology,QIH,2,892.2050,2025-05-16,203,N,0.832,1.0,1.0,prospective,the instance-level sensitivity for restorative structures was 87.0%... and the instance-level sensitivity for dental anatomy was 93.9%,0,0,,,,304.0,0,0,0,0.0,0.0,0.0,0,0,1
K252504,510(k),2025-12-05,2025,Gastric Alimetry,"Alimetry , Ltd.",,,0,0,Gastroenterology-Urology,Other,MYE,2,876.1735,2025-08-08,119,N,0.832,0.0,0.0,none,,0,0,,,,304.0,0,0,0,0.0,0.0,0.0,0,0,1
K251203,510(k),2025-12-03,2025,AVIEW Lung Nodule CAD,"Coreline Soft Co.,Ltd",Listed Korean AI company,KOSDAQ,1,0,Radiology,Radiology,OEB,2,892.2050,2025-04-18,229,N,0.838,0.0,0.0,none,,0,0,,,,306.0,0,0,0,0.0,0.0,0.0,0,0,1
K252103,510(k),2025-12-02,2025,Acorn 3D Software (AC-SEG-4009); Acorn 3DP Model (AC-101-XX),Mighty Oak Medical,,,0,0,Radiology,Radiology,QIH,2,892.2050,2025-07-03,152,N,0.841,0.0,1.0,retrospective,"accuracy of alignments and measurements completed within the subject device, Acorn 3D Alignment & Measurement module, was assessed via bench testing",0,0,,,,307.0,0,0,0,0.0,0.0,0.0,0,0,1
K251370,510(k),2025-12-01,2025,Cartesion Prime (PCD-1000A/3) V10.21,Canon Medical Systems Corporation,Canon Inc.,SEC:CAJPY,1,1,Radiology,Radiology,KPS,2,892.1200,2025-05-02,213,N,0.843,1.0,1.0,retrospective,"By satisfying all prespecified criteria, it was demonstrated that DRG2 performs with substantial equivalence to DRG1",0,0,,,,308.0,0,0,0,0.0,0.0,0.0,0,0,1
K252217,510(k),2025-11-28,2025,CT VScore+,"Canon Medical Informatics, Inc.",Canon Inc.,SEC:CAJPY,1,1,Radiology,Radiology,JAK,2,892.1750,2025-07-15,136,N,0.851,1.0,1.0,retrospective,"Total Agatston Score ICC(2,1): 0.997 [95% CI: 0.996-0.998] (Acceptance: >0.95)",0,0,,,,311.0,0,0,0,0.0,0.0,0.0,0,0,1
K253269,510(k),2025-11-26,2025,OEC One CFD,"Ge Hualun Medical Systems Co. , Ltd.",GE HealthCare Technologies Inc.,SEC:GEHC,1,1,Radiology,Radiology,OXO,2,892.1650,2025-09-29,58,N,0.857,1.0,1.0,prospective,"For Last Image Hold(LIH) images, success rate: 98.8% with a 95% confidence level. For Fluoroscopy images, success rate: 97.1%",0,0,,,,313.0,0,0,0,0.0,0.0,0.0,0,0,1
K250694,510(k),2025-11-25,2025,Scaida BrainCT-ICH (v1.0),Mlhealth 360,,,0,0,Radiology,Radiology,QAS,2,892.2080,2025-03-07,263,N,0.86,0.0,1.0,retrospective,retrospective study ... to evaluate the software performance in identifying intracranial hemorrhage (ICH) findings,0,0,,,,314.0,0,0,0,0.0,0.0,0.0,0,0,1
K253310,510(k),2025-11-25,2025,7600 Ultrasound System (MyLabC25); 7600 Ultrasound System (MyLabC30),"Esaote, S.P.A.",Esaote S.p.A.,,0,0,Radiology,Radiology,IYN,2,892.1550,2025-09-29,57,N,0.86,0.0,0.0,none,The proposed device did not require clinical studies to support substantial equivalence.,0,0,,,,314.0,0,0,0,0.0,0.0,0.0,0,0,1
K250635,510(k),2025-11-25,2025,FEops HEARTguide Simulation Application,Feops NV,,,0,0,Cardiovascular,Cardiovascular,QQI,2,870.1405,2025-03-03,267,N,0.86,0.0,0.0,none,similar performance has been demonstrated,0,0,,,,314.0,0,0,0,0.0,0.0,0.0,0,0,1
K252328,510(k),2025-11-24,2025,Voluson Expert 18; Voluson Expert 20; Voluson Expert 22,Ge Medical Systems Ultrasound and Primary Care Diagnostics,GE HealthCare Technologies Inc.,SEC:GEHC,1,1,Radiology,Radiology,IYN,2,892.1550,2025-07-25,122,N,0.862,0.0,1.0,retrospective,did not require clinical studies to support substantial equivalence,0,0,,,,315.0,0,0,0,0.0,0.0,0.0,0,0,1
K252366,510(k),2025-11-24,2025,a2z-Unified-Triage,"A2z Radiology Ai, Inc.",,,0,0,Radiology,Radiology,QAS,2,892.2080,2025-07-30,117,N,0.862,1.0,1.0,retrospective,AUC: 0.985 [0.972-0.998],0,0,,,,315.0,0,0,0,0.0,0.0,0.0,0,0,1
K251293,510(k),2025-11-21,2025,CardioVision,Icardio.Ai,,,0,0,Cardiovascular,Cardiovascular,QUO,2,870.2200,2025-04-25,210,N,0.871,1.0,1.0,prospective,"Sensitivity 0.896 (95% Wilson score CI: [0.8427 , 0.9321])",0,0,,,,318.0,0,0,0,0.0,0.0,0.0,0,0,1
K251506,510(k),2025-11-21,2025,Nelli (Version 7.11),Neuro Event Labs OY,,,0,0,Neurology,Neurology,POS,2,882.1580,2025-05-16,189,N,0.871,1.0,1.0,prospective,The results met the specified performance goals for the primary and secondary objectives,0,0,,,,318.0,0,0,0,0.0,0.0,0.0,0,0,1
P130020/S005,PMA,2025-11-21,2025,Senographe Pristina 3D,GE Healthcare,GE HealthCare Technologies Inc.,SEC:GEHC,1,1,Radiology,Radiology,OTE,3,,2025-04-21,214,,0.871,,,not_available,,0,0,,,,318.0,0,1,1,0.0,0.0,1.0,0,1,0
K251822,510(k),2025-11-20,2025,MAGNETOM Free.Max; MAGNETOM Free.Star,"Siemens Shenzhen Magnetic Resonance , Ltd.",Siemens Healthineers AG,XETRA:SHL,1,0,Radiology,Radiology,LNH,2,892.1000,2025-06-13,160,N,0.873,0.0,1.0,retrospective,Data collected from the study demonstrated the diagnostic image quality... was adequate in a clinical setting,0,0,,,,319.0,0,0,0,0.0,0.0,0.0,0,0,1
K252086,510(k),2025-11-17,2025,DTX Studio Assist,Nobel Biocare C/O Medicim NV,,,0,0,Radiology,Radiology,MYN,2,892.2070,2025-07-02,138,N,0.882,1.0,1.0,retrospective,The algorithm achieved an overall sensitivity of 88.8% and specificity of 96.6%,0,0,,,,322.0,0,0,0,0.0,0.0,0.0,0,0,1
K252330,510(k),2025-11-17,2025,DeepRESP,Nox Medical Ehf,,,0,0,Neurology,Neurology,OLZ,2,882.1400,2025-07-25,115,N,0.882,1.0,1.0,retrospective,A retrospective study validated the clinical performance of the subject device DeepRESP... using manually scored sleep recordings,0,0,,,,322.0,0,0,0,0.0,0.0,0.0,0,0,1
K250525,510(k),2025-11-14,2025,Second Opinion® Panoramic,"Pearl, Inc.",,,0,0,Radiology,Radiology,MYN,2,892.2070,2025-02-21,266,N,0.89,1.0,1.0,prospective,"wAFROC values of 0.9788, 0.8113, and 0.7211... surpassing the minimum benchmarks",0,0,,,,325.0,0,0,0,0.0,0.0,0.0,0,0,1
K251078,510(k),2025-11-14,2025,AutoDensity,Eos Imaging,Alphatec Holdings Inc.,SEC:ATEC,1,1,Radiology,Radiology,QIH,2,892.2050,2025-04-08,220,N,0.89,1.0,1.0,retrospective,"AutoDensity precision CV% was 2.23% [95% CI: 1.78%, 2.98%] with the patient in a weight-bearing standing position",0,0,,,,325.0,0,0,0,0.0,0.0,0.0,0,0,1
K252452,510(k),2025-11-12,2025,PeekMed web,"Peek Health, S.A.",,,0,0,Radiology,Radiology,QIH,2,892.2050,2025-08-04,100,N,0.895,1.0,0.0,none,"met the acceptance criteria for ML model performance, demonstrating the substantial equivalence",0,0,,,,327.0,0,0,0,0.0,0.0,0.0,0,0,1
K250264,510(k),2025-11-07,2025,SugarBug (1.x),"Bench7, Inc.",,,0,0,Radiology,Radiology,MYN,2,892.2070,2025-01-29,282,N,0.909,1.0,1.0,prospective,"mean aided reader wAFROC-AUC was 0.725 (0.683, 0.767)... statistically significant improvement",0,0,,,,332.0,0,0,0,0.0,0.0,0.0,0,0,1
K252041,510(k),2025-11-07,2025,Fibresolve (with PCCP),"Imvaria, Inc.",,,0,0,Radiology,Radiology,QWO,2,892.2085,2025-06-30,130,N,0.909,0.0,1.0,retrospective,Software Verification and Validation (per IEC 62304) were performed to demonstrate safety based on current industry standards.,0,0,,,,332.0,0,0,0,0.0,0.0,0.0,0,0,1
K253265,510(k),2025-11-06,2025,BriefCase-Triage,"Aidoc Medical , Ltd.",,,0,0,Radiology,Radiology,QAS,2,892.2080,2025-09-29,38,N,0.912,1.0,1.0,prospective,"Sensitivity was 94.2% (95% CI: 89.6%, 97.2%) and Specificity was 94.6% (95% CI: 90.7%, 97.2%) meeting the study's primary endpoints.",0,0,,,,333.0,0,0,0,0.0,0.0,0.0,0,0,1
K250330,510(k),2025-11-03,2025,3mensio Workstation,Pie Medical Imaging BV,,,0,0,Radiology,Radiology,QIH,2,892.2050,2025-02-05,271,N,0.92,1.0,1.0,retrospective,"Dice scores ranged from 0.94 ± 0.07 for the mitral annulus, 0.87 ± 0.12 for the tricuspid annulus",1,1,2026-05-07,2.0,185.0,185.0,0,0,0,0.0,0.0,0.0,0,0,1
K251532,510(k),2025-11-03,2025,Acorn 3D Software (AC-SEG-4009); Acorn 3DP Model (AC-101-XX),Mighty Oak Medical,,,0,0,Radiology,Radiology,LLZ,2,892.2050,2025-05-19,168,N,0.92,1.0,0.0,none,Accuracy of the pedicle screws was compared using clinical data. Deviations were within the acceptance criteria,0,0,,,,336.0,0,0,0,0.0,0.0,0.0,0,0,1
K252074,510(k),2025-10-31,2025,"Aplio i900, Aplio i800 and Aplio i700 Software V9.0 Diagnostic Ultrasound System",Canon Medical Systems Corporation,Canon Inc.,SEC:CAJPY,1,1,Radiology,Radiology,IYN,2,892.1550,2025-07-02,121,N,0.928,1.0,0.0,none,scores for 3-HI were higher than the middle score of 3 with respect to spatial resolution,0,0,,,,339.0,0,0,0,0.0,0.0,0.0,0,0,1
K250337,510(k),2025-10-30,2025,AiORTA - Plan,"ViTAA Medical Solutions, Inc.",,,0,0,Radiology,Radiology,QIH,2,892.2050,2025-02-06,266,N,0.931,1.0,1.0,retrospective,Overall Mean Dice coefficient of 89% achieved for the aortic wall,0,0,,,,340.0,0,0,0,0.0,0.0,0.0,0,0,1
K251985,510(k),2025-10-29,2025,LOGIQ E10,Ge Medical Systems Ultrasound and Primary Care Diagnostics,GE HealthCare Technologies Inc.,SEC:GEHC,1,1,Radiology,Radiology,IYN,2,892.1550,2025-06-27,124,N,0.934,1.0,1.0,retrospective,Strong correlation was confirmed between UFF values and MRI-PDFF. The correlation coefficient was 0.87.,0,0,,,,341.0,0,0,0,0.0,0.0,0.0,0,0,1
K251963,510(k),2025-10-29,2025,LOGIQ E10s,Ge Medical Systems Ultrasound and Primary Care Diagnostics,GE HealthCare Technologies Inc.,SEC:GEHC,1,1,Radiology,Radiology,IYN,2,892.1550,2025-06-26,125,N,0.934,1.0,1.0,retrospective,Strong correlation was confirmed between UFF values and MRI-PDFF. The correlation coefficient was 0.87.,0,0,,,,341.0,0,0,0,0.0,0.0,0.0,0,0,1
K250882,510(k),2025-10-29,2025,SANSA HSAT,Huxley Medical,,,0,0,Anesthesiology,Other,MNR,2,868.2375,2025-03-24,219,N,0.934,1.0,1.0,retrospective,Clinically acceptable performance was demonstrated through qualitative and quantitative analysis of the ECG signal,0,0,,,,341.0,0,0,0,0.0,0.0,0.0,0,0,1
P220012/S059,PMA,2025-10-28,2025,Aurora EV ICD (DVEA3E4),"Medtronic, Inc.",Medtronic plc,SEC:MDT,1,1,Cardiovascular,Cardiovascular,LWS,3,,2025-09-29,29,,0.936,,,not_available,,1,1,2025-10-29,2.0,1.0,1.0,0,2554,1,32.0,1673.0,849.0,0,1,0
P980016/S939,PMA,2025-10-28,2025,"Cobalt MRI ICD (DDPB3D1, DDPB3D4, DVPB3D1, DVPB3D4); Cobalt XT MRI ICD (DDPA2D1, DDPA2D4, DVPA2D1, DVPA2D4); Crome MRI I",Medtronic Cardiac Rhythm Disease Management,Medtronic plc,SEC:MDT,1,1,Cardiovascular,Cardiovascular,LWS,3,,2025-09-29,29,,0.936,,,not_available,,0,0,,,,342.0,6,42293,1,,,,1,1,0
K251027,510(k),2025-10-27,2025,cvi42 Coronary Plaque Software Application,"Circle Cardiovascular Imaging, Inc.",,,0,0,Radiology,Radiology,QIH,2,892.2050,2025-04-02,208,N,0.939,1.0,1.0,retrospective,All performance testing results met Circle's pre-defined acceptance criteria.,0,0,,,,343.0,0,0,0,0.0,0.0,0.0,0,0,1
K251059,510(k),2025-10-24,2025,Syngo Carbon Clinicals (VA41),Siemens Healthineers AG,Siemens Healthineers AG,XETRA:SHL,1,0,Radiology,Radiology,QIH,2,892.2050,2025-04-04,203,N,0.947,1.0,1.0,prospective,"algorithm's measurement deviations fell within the range of inter-reader variability for the major Cobb angle, thoracic kyphosis angle, lumbar lordosis angle, coronal balance, and sagittal vertical alignment",0,0,,,,346.0,0,0,0,0.0,0.0,0.0,0,0,1
K250288,510(k),2025-10-23,2025,TeraRecon Cardiovascular.Calcification.CT,"Terarecon,Inc.",,,0,0,Radiology,Radiology,QIH,2,892.2050,2025-01-31,265,N,0.95,1.0,1.0,retrospective,"Dice similarity coefficient against expert annotations, consistently exceeded the predefined acceptance criteria",0,0,,,,347.0,0,0,0,0.0,0.0,0.0,0,0,1
K252298,510(k),2025-10-22,2025,ANDI 2.0,"Imeka Solutions, Inc.",,,0,0,Radiology,Radiology,QIH,2,892.2050,2025-07-23,91,N,0.953,1.0,1.0,retrospective,Average Dice coefficients ranged from 0.89 to 0.96 for major subcortical brain structures,0,0,,,,348.0,0,0,0,0.0,0.0,0.0,0,0,1
K252665,510(k),2025-10-20,2025,brAIn Shoulder Positioning,Avatar Medical,,,0,0,Radiology,Radiology,QIH,2,892.2050,2025-08-25,56,N,0.958,1.0,1.0,retrospective,meeting a mean Dice Similarity Coefficient (DSC) on the testing set greater than or equal to 0.95,0,0,,,,350.0,0,0,0,0.0,0.0,0.0,0,0,1
K251673,510(k),2025-10-17,2025,X9 Ultrasound System,"X9, Inc.",,,0,0,Radiology,Radiology,SGH,2,892.1560,2025-05-30,140,N,0.966,1.0,1.0,retrospective,"The calculated Access Presence Sensitivity was 94.5%, which exceeded the acceptance criteria of greater than or equal to 75%",0,0,,,,353.0,0,0,0,0.0,0.0,0.0,0,0,1
K251355,510(k),2025-10-17,2025,X1-FFR,"Spectrawave, Inc.",,,0,0,Radiology,Radiology,QHA,2,892.1600,2025-04-30,170,N,0.966,1.0,1.0,retrospective,A Bland-Altman analysis assessing the relationship between X1-FFR and invasive hyperemic pressure wire evaluation across the entire dataset demonstrated a bias of 0.00,0,0,,,,353.0,0,0,0,0.0,0.0,0.0,0,0,1
K251602,510(k),2025-10-10,2025,"Alphenix, INFX-8000V/B, INFX-8000V/S, V9.6 with aEvolve Imaging",Canon Medical Systems Corporation,Canon Inc.,SEC:CAJPY,1,1,Radiology,Radiology,OWB,2,892.1650,2025-05-27,136,N,0.986,1.0,1.0,prospective,"the mean score of the AID imaging chain images was significantly higher than that of the SNRF imaging chain with regard to sharpness, contrast",0,0,,,,360.0,0,0,0,0.0,0.0,0.0,0,0,1
K251082,510(k),2025-10-10,2025,HYDROS Robotic System (HY1000); HYDROS Handpiece (HH1000); HYDROS TRUS Probe (HU1000),Procept Biorobotics,PROCEPT BioRobotics Corp,SEC:PRCT,1,1,General and Plastic Surgery,Other,PZP,2,876.4350,2025-04-09,184,N,0.986,0.0,0.0,none,Design validation included simulated use testing and cadaver testing.,0,0,,,,360.0,0,0,0,0.0,0.0,0.0,0,0,1
K251651,510(k),2025-10-09,2025,EPIQ Series Diagnostic Ultrasound System; Affiniti Series Diagnostic Ultrasound System,"Philips Ultrasound, LLC",Koninklijke Philips N.V.,SEC:PHG,1,1,Radiology,Radiology,IYN,2,892.1550,2025-05-29,133,N,0.988,0.0,0.0,none,did not require clinical data for determination of substantial equivalence,0,0,,,,361.0,0,5,1,0.0,0.0,5.0,0,0,1
K252214,510(k),2025-10-07,2025,AIAS Cephalon,Metamorphosis GmbH,,,0,0,Radiology,Radiology,QIH,2,892.2050,2025-07-15,84,N,0.994,1.0,1.0,retrospective,the acceptance criteria for the median error and 95% error quantiles of the measurements provided by the device are met,0,0,,,,363.0,0,0,0,0.0,0.0,0.0,0,0,1
K252007,510(k),2025-10-06,2025,BlineSlide,"Deep Breathe, Inc.",,,0,0,Radiology,Radiology,QIH,2,892.2050,2025-06-27,101,N,0.997,1.0,1.0,retrospective,Sensitivity 0.91 (0.88 - 0.94) Specificity 0.84 (0.81 - 0.86),0,0,,,,364.0,0,0,0,0.0,0.0,0.0,0,0,1
K250662,510(k),2025-10-03,2025,Bunkerhill MAC,Bunkerhill Health,,,0,0,Radiology,Radiology,JAK,2,892.1750,2025-03-05,212,N,1.005,1.0,1.0,prospective,the observed Precision was 0.885... and the observed Recall was 0.867... met all study acceptance criteria,0,0,,,,367.0,0,0,0,0.0,0.0,0.0,0,0,1
K252178,510(k),2025-10-03,2025,MAGENTIQ-COLO (ME-APDS),"Magentiq Eye, Ltd.",,,0,0,Gastroenterology-Urology,Other,QNP,2,876.1520,2025-07-11,84,N,1.005,1.0,1.0,retrospective,The system detects 99.7% to 99.7% (PRecall1 to PRecall7) of polyps verified by histology,0,0,,,,367.0,0,0,0,0.0,0.0,0.0,0,0,1
K251639,510(k),2025-10-03,2025,xvision Spine system,"Augmedics, Ltd.",,,0,0,Neurology,Neurology,SBF,2,882.4560,2025-05-29,127,N,1.005,0.0,0.0,none,"The system's accuracy was validated in a cadaver study, using both headsets' configurations",0,0,,,,367.0,0,0,0,0.0,0.0,0.0,0,0,1
K250766,510(k),2025-10-02,2025,LungQ 4,Thirona BV,,,0,0,Radiology,Radiology,JAK,2,892.1750,2025-03-13,203,N,1.008,1.0,1.0,retrospective,valve detection sensitivity ≥ 95% and a valve detection precision of ≥ 90% was achieved,0,0,,,,368.0,0,0,0,0.0,0.0,0.0,0,0,1
K250023,510(k),2025-09-29,2025,SMART PCFD,Disior Ltd,Zimmer Biomet Holdings Inc.,SEC:ZBH,1,1,Radiology,Radiology,QIH,2,892.2050,2025-01-03,269,N,1.016,0.0,1.0,retrospective,Surgical Planning Component was tested with multiple images and appropriate outputs for the subject device were evaluated by qualified truthers,0,0,,,,371.0,0,0,0,0.0,0.0,0.0,0,0,1
K252054,510(k),2025-09-29,2025,SpineAR SNAP (SyncAR Spine),"Surgical Theater, Inc.",,,0,0,Neurology,Neurology,SBF,2,882.4560,2025-07-01,90,N,1.016,0.0,1.0,retrospective,AI-Enabled Device Performance Validation Report was provided as recommended in FDA's draft guidance document,0,0,,,,371.0,0,0,0,0.0,0.0,0.0,0,0,1
K252105,510(k),2025-09-26,2025,Ligence Heart,"Ligence, UAB",,,0,0,Radiology,Radiology,QIH,2,892.2050,2025-07-03,85,N,1.024,1.0,1.0,retrospective,Intraclass Correlation Coefficients (ICC) were ≥ 0.90 for all four parameters,0,0,,,,374.0,0,0,0,0.0,0.0,0.0,0,0,1
K252371,510(k),2025-09-25,2025,uMR 680,"Shanghai United Imaging Healthcare Co., Ltd.",Shanghai United Imaging Healthcare,SSE:688271,1,0,Radiology,Radiology,LNH,2,892.1000,2025-07-30,57,N,1.027,0.0,0.0,none,Sample clinical images for Tx/Rx Head Coil were reviewed by U.S. board-certified radiologist,0,0,,,,375.0,0,0,0,0.0,0.0,0.0,0,0,1
K251527,510(k),2025-09-25,2025,Brain WMH,Quantib BV,RadNet Inc.,SEC:RDNT,1,1,Radiology,Radiology,QIH,2,892.2050,2025-05-19,129,N,1.027,1.0,1.0,retrospective,Performance testing concluded that the subject device met the pre-specified performance criteria,0,0,,,,375.0,0,0,0,0.0,0.0,0.0,0,0,1
K251483,510(k),2025-09-23,2025,SwiftSight-Brain,AIRS Medical Inc.,,,0,0,Radiology,Radiology,QIH,2,892.2050,2025-05-14,132,N,1.032,1.0,1.0,retrospective,Dice's coefficients were above 80% and for major cortical were above 75%,0,0,,,,377.0,0,0,0,0.0,0.0,0.0,0,0,1
K251987,510(k),2025-09-23,2025,Rapid Aortic Measurements,"iSchemaView, Inc.",,,0,0,Radiology,Radiology,QIH,2,892.2050,2025-06-27,88,N,1.032,1.0,1.0,retrospective,average Dice coefficient of 0.93 and average Hausdorff distance of 0.54 mm,0,0,,,,377.0,0,0,0,0.0,0.0,0.0,0,0,1
K251167,510(k),2025-09-19,2025,uDR Aurora CX,"Shanghai United Imaging Healthcare Co., Ltd.",Shanghai United Imaging Healthcare,SSE:688271,1,0,Radiology,Radiology,KPR,2,892.1680,2025-04-15,157,N,1.043,1.0,1.0,retrospective,"the sensitivity and specificity of whether there is a foreign body, whether the lung field is intact, and whether the scapula is open all exceed 0.9",0,0,,,,381.0,0,0,0,0.0,0.0,0.0,0,0,1
K251002,510(k),2025-09-19,2025,Videa Dental AI,VideaHealth Inc.,,,0,0,Radiology,Radiology,MYN,2,892.2070,2025-04-01,171,N,1.043,1.0,1.0,prospective,VDA caries had a standalone specificity of 0.867 for caries' and 0.989 for PRL' second operating points respectively.,0,0,,,,381.0,0,0,0,0.0,0.0,0.0,0,0,1
K250649,510(k),2025-09-19,2025,Bunkerhill ECG-EF,BunkerHill Health,,,0,0,Cardiovascular,Cardiovascular,QYE,2,870.2380,2025-03-04,199,N,1.043,1.0,1.0,retrospective,The Bunkerhill ECG-EF device achieved a sensitivity of 82.66%... a specificity of 83.20%,0,0,,,,381.0,0,0,0,0.0,0.0,0.0,0,0,1
K250369,510(k),2025-09-18,2025,Axial3D Insight,Axial Medical Printing Limited,,,0,0,Radiology,Radiology,QIH,2,892.2050,2025-02-10,220,N,1.046,1.0,1.0,retrospective,all cases were scored within the acceptance criteria of 1 or 2a,0,0,,,,382.0,0,0,0,0.0,0.0,0.0,0,0,1
K251386,510(k),2025-09-17,2025,ECHELON Synergy,Fujifilm Corporation,Fujifilm Holdings Corp.,TSE:4901,1,0,Radiology,Radiology,LNH,2,892.1000,2025-05-05,135,N,1.049,1.0,1.0,retrospective,three (3) physicians... reviewed the image quality in clinical image with DLR Symmetry... using 3-point scale,0,0,,,,383.0,0,0,0,0.0,0.0,0.0,0,0,1
K251221,510(k),2025-09-17,2025,Assert-IQ  (DM5000); Assert-IQ (DM5300); Assert-IQ (DM5500); Merlin.net (MN7000),Abbott,Abbott Laboratories,SEC:ABT,1,1,Cardiovascular,Cardiovascular,MXD,2,870.1025,2025-04-21,149,N,1.049,1.0,1.0,prospective,achieving an episode-based relative sensitivity of 99.2% and a false positive reduction of 90.6%,0,0,,,,383.0,0,0,0,0.0,0.0,0.0,0,0,1
K250237,510(k),2025-09-15,2025,InferOperate Suite,"Beijing Infervision Healthcare Medical Technology Co., Ltd.",,,0,0,Radiology,Radiology,QIH,2,892.2050,2025-01-27,231,N,1.054,1.0,1.0,retrospective,"segmentation performance, characterized by the Dice coefficient (DSC) and 95% Hausdorff Distance",0,0,,,,385.0,0,0,0,0.0,0.0,0.0,0,0,1
K252586,510(k),2025-09-12,2025,CADDIE,Odin Medical Limited,,,0,0,Gastroenterology-Urology,Other,QNP,2,876.1520,2025-08-15,28,N,1.062,1.0,1.0,retrospective,"Frame-level accuracy 90.38% [90.34, 90.43]",0,0,,,,388.0,0,0,0,0.0,0.0,0.0,0,0,1
K251518,510(k),2025-09-12,2025,Volta AF-Xplorer II,Volta Medical,,,0,0,Cardiovascular,Cardiovascular,DQK,2,870.1425,2025-05-16,119,N,1.062,0.0,0.0,none,validated by experts through quantitative and qualitative analysis of 2D dispersion maps... during ablation procedures in a simulated environment,0,0,,,,388.0,0,0,0,0.0,0.0,0.0,0,0,1
K251368,510(k),2025-09-12,2025,FETOLY,Diagnoly,,,0,0,Radiology,Radiology,IYN,2,892.1550,2025-05-01,134,N,1.062,1.0,1.0,retrospective,detects fetal heart and brain ultrasound views with a sensitivity ≥ 85% (acceptance criterion) and specificity ≥ 85% (acceptance criterion),0,0,,,,388.0,0,0,0,0.0,0.0,0.0,0,0,1
K252595,510(k),2025-09-12,2025,Stethophone Pro,"Sparrow Acoustics, Inc.",,,0,0,Cardiovascular,Cardiovascular,DQD,2,870.1875,2025-08-15,28,N,1.062,0.0,0.0,none,"Therefore, no new performance data is required",0,0,,,,388.0,0,0,0,0.0,0.0,0.0,0,0,1
K251399,510(k),2025-09-11,2025,SIGNA Sprint,"GE Medical Systems, LLC",GE HealthCare Technologies Inc.,SEC:GEHC,1,1,Radiology,Radiology,LNH,2,892.1000,2025-05-06,128,N,1.065,0.0,0.0,none,Sample clinical images have been included in this submission,0,0,,,,389.0,0,0,0,0.0,0.0,0.0,0,0,1
K250507,510(k),2025-09-11,2025,Hypertension Notification Feature (HTNF),Apple Inc.,Apple Inc.,SEC:AAPL,1,1,Cardiovascular,Cardiovascular,SFR,2,870.2380,2025-02-21,202,N,1.065,1.0,1.0,prospective,overall sensitivity and specificity were 41.2%... and 92.3%,0,0,,,,389.0,0,0,0,0.0,0.0,0.0,0,0,1
K251316,510(k),2025-09-11,2025,Mazor X System / Mazor X Stealth Edition,Mazor Robotics Ltd.,,,0,0,Neurology,Neurology,OLO,2,882.4560,2025-04-29,135,N,1.065,1.0,1.0,retrospective,The acceptance criterion of the ICC of least 0.75 with a 95% confidence level was achieved,0,0,,,,389.0,0,19,1,0.0,1.0,18.0,0,0,1
K244002,510(k),2025-09-10,2025,AngioWaveNet,"Angiowave Imaging, Inc.",,,0,0,Radiology,Radiology,QIH,2,892.2050,2024-12-26,258,N,1.068,1.0,1.0,prospective,"with all 31 patients showing neutral or positive clinical decision impact (mean Likert score 3.23, range 3.12–3.44 across three readers)",0,0,,,,390.0,0,0,0,0.0,0.0,0.0,0,0,1
K251072,510(k),2025-09-09,2025,Segmentron Viewer,"DGNCT, LLC",,,0,0,Radiology,Radiology,QIH,2,892.2050,2025-04-07,155,N,1.07,1.0,1.0,retrospective,the Dice Coefficient (primary endpoint) exceeding the pre-defined performance goal (PG) with a result of 0.96,0,0,,,,391.0,0,0,0,0.0,0.0,0.0,0,0,1
K251682,510(k),2025-09-09,2025,MuscleView 2.0,"Springbok, Inc. (dba Springbok Analytics)",,,0,0,Radiology,Radiology,LNH,2,892.1000,2025-05-30,102,N,1.07,1.0,1.0,retrospective,Validation Tests met the acceptance criteria if the dice similarity coefficient (DSC) or volume difference (VDt) was below interobserver variability,0,0,,,,391.0,0,0,0,0.0,0.0,0.0,0,0,1
K251931,510(k),2025-09-08,2025,BioTraceIO Vision  (V1.7),Techsomed Medical Technologies,,,0,0,Radiology,Radiology,QTZ,2,892.2050,2025-06-24,76,N,1.073,1.0,0.0,none,CT Liver Segmentation Mean DICE 0.98,0,0,,,,392.0,0,0,0,0.0,0.0,0.0,0,0,1
K251610,510(k),2025-09-08,2025,qER-CTA (v1.0),Qure.ai Technologies,,,0,0,Radiology,Radiology,QAS,2,892.2080,2025-05-27,104,N,1.073,1.0,1.0,retrospective,The device showed good performance and met the predefined success criteria when evaluated against the ground truth,0,0,,,,392.0,0,0,0,0.0,0.0,0.0,0,0,1
K251533,510(k),2025-09-04,2025,"Rapid Obstructive Hydrocephalus, Rapid OH",iSchemaView Inc.,,,0,0,Radiology,Radiology,QAS,2,892.2080,2025-05-19,108,N,1.084,1.0,1.0,retrospective,sensitivity (Se) of 89.5% (95% CI:0.837-0.935) and specificity (Sp) of 97.6% (95% CI:0.940-0.991),0,0,,,,396.0,0,0,0,0.0,0.0,0.0,0,0,1
K250064,510(k),2025-09-04,2025,Dose+ (1.0),Mvision AI Oy,,,0,0,Radiology,Radiology,MUJ,2,892.5050,2025-01-10,237,N,1.084,1.0,0.0,none,both prostate and pelvisLN models of Dose+ met all predefined acceptance criteria for OAR mean doses and target coverage metrics,0,0,,,,396.0,0,0,0,0.0,0.0,0.0,0,0,1
K251656,510(k),2025-09-04,2025,Careverse CoronaryDoc (Careverse CoronaryDoc),Careverse Technology Pte. Ltd.,,,0,0,Radiology,Radiology,QIH,2,892.2050,2025-05-30,97,N,1.084,1.0,1.0,retrospective,"the value of Dice Coefficient is 0.899, which is higher than the acceptable criteria 0.842",0,0,,,,396.0,0,0,0,0.0,0.0,0.0,0,0,1
K252539,510(k),2025-09-03,2025,Tempus Pixel,"Arterys, Inc.",Tempus AI Inc.,SEC:TEM,1,1,Radiology,Radiology,QIH,2,892.2050,2025-08-12,22,N,1.087,1.0,1.0,retrospective,Mean absolute error = 4.76 ms ... 95th percentile absolute error = 13.82 ms ... PASS,0,0,,,,397.0,0,0,0,0.0,0.0,0.0,0,0,1
K251408,510(k),2025-09-02,2025,OsteoSight Hip (v1),Naitive Technologies Ltd,,,0,0,Radiology,Radiology,SAO,2,892.1171,2025-05-06,119,N,1.09,1.0,1.0,retrospective,the area under the ROC curve (AUC) was 0.837... Sensitivity for detecting low BMD was 0.441... specificity was 0.943,0,0,,,,398.0,0,0,0,0.0,0.0,0.0,0,0,1
K250753,510(k),2025-09-02,2025,VELMENI for DENTISTS (V4D),Velmeni Inc.,,,0,0,Radiology,Radiology,MYN,2,892.2070,2025-03-12,174,N,1.09,0.0,1.0,prospective,the clinical test results under K240003 remain applicable,0,0,,,,398.0,0,0,0,0.0,0.0,0.0,0,0,1
K251106,510(k),2025-08-29,2025,Sonosite LX and Sonosite PX Ultrasound Systems,Fujifilm Sonosite Inc,Fujifilm Holdings Corp.,TSE:4901,1,0,Radiology,Radiology,IYN,2,892.1550,2025-04-11,140,N,1.101,1.0,1.0,prospective,Vessel Precision for the L19-5 transducer when used on both Sonosite LX and Sonosite PX Ultrasound Systems is 97.32% (95% CI:97%- 98%),0,0,,,,402.0,0,0,0,0.0,0.0,0.0,0,0,1
K250003,510(k),2025-08-29,2025,GENESEEQPRIME NGS Tumor Profiling Assay (FFPE) (GS6005),Geneseeq Technology Inc.,,,0,0,Pathology,Other,PZM,2,866.6080,2025-01-02,239,N,1.101,1.0,1.0,prospective,ToSeq uses a Distributed Random Forest model that achieved high performance (SNV AUC = 0.9867; indel AUC = 0.9818),0,0,,,,402.0,0,0,0,0.0,0.0,0.0,0,0,1
K250290,510(k),2025-08-29,2025,SurgiTwin,Twinsight,,,0,0,Radiology,Radiology,LLZ,2,892.2050,2025-01-31,210,N,1.101,1.0,0.0,none,Comparison... against the predefined ground truth met the acceptance criteria for the model performance,0,0,,,,402.0,0,0,0,0.0,0.0,0.0,0,0,1
K243859,510(k),2025-08-29,2025,PRAEVAorta®2,Nurea,,,0,0,Radiology,Radiology,QIH,2,892.2050,2024-12-16,256,N,1.101,1.0,1.0,retrospective,the mean absolute error between the ground truth measurements and PRAEVAorta®2 measurements for total maximum orthogonal diameter was 2.04 mm,0,0,,,,402.0,0,0,0,0.0,0.0,0.0,0,0,1
K250788,510(k),2025-08-28,2025,Definium Tempo Select,"GE Hualun Medical Systems Co., Ltd",GE HealthCare Technologies Inc.,SEC:GEHC,1,1,Radiology,Radiology,KPR,2,892.1680,2025-03-14,167,N,1.103,1.0,1.0,retrospective,The verification tests confirmed that the algorithm meets the performance criteria,0,0,,,,403.0,0,0,0,0.0,0.0,0.0,0,0,1
K243687,510(k),2025-08-27,2025,Vital Signs,Oxehealth Limited,,,0,0,Cardiovascular,Cardiovascular,QME,2,870.2785,2024-11-29,271,N,1.106,1.0,1.0,retrospective,The heart rate MAE is found to be significantly (P-value <= 0.05) less than three beats per minute,0,0,,,,404.0,0,0,0,0.0,0.0,0.0,0,0,1
K251983,510(k),2025-08-26,2025,Brainomix 360 Triage Stroke,Brainomix Limited,,,0,0,Radiology,Radiology,QAS,2,892.2080,2025-06-27,60,N,1.109,1.0,1.0,prospective,sensitivity was 96.41% (95% CI: 92.65-98.65%) and specificity was 96.55%,0,0,,,,405.0,0,0,0,0.0,0.0,0.0,0,0,1
K252362,510(k),2025-08-22,2025,GBrain MRI,"Galileo CDS, Inc",,,0,0,Radiology,Radiology,QIH,2,892.2050,2025-07-29,24,N,1.12,1.0,1.0,retrospective,Contrast Enhancement measurements were validated on 131 patient cases,0,0,,,,409.0,0,0,0,0.0,0.0,0.0,0,0,1
K243685,510(k),2025-08-22,2025,MammoScreen BD,Therapixel,,,0,0,Radiology,Radiology,QIH,2,892.2050,2024-11-29,266,N,1.12,1.0,1.0,retrospective,the lower bound of the 95% confidence interval for Kappa > 0.85,0,0,,,,409.0,0,0,0,0.0,0.0,0.0,0,0,1
K251029,510(k),2025-08-21,2025,"Vista OS, Vista AI Scan, RTHawk","Vista AI, Inc.",,,0,0,Radiology,Radiology,LNH,2,892.1000,2025-04-02,141,N,1.123,1.0,1.0,retrospective,The primary acceptance criterion for this test was 80% agreement between neural-network assessment at its default sensitivity level and the cardiologist reader.,0,0,,,,410.0,0,0,0,0.0,0.0,0.0,0,0,1
K251590,510(k),2025-08-20,2025,Methinks CTA Stroke,Methinks Software S.L.,,,0,0,Radiology,Radiology,QAS,2,892.2080,2025-05-23,89,N,1.125,1.0,1.0,prospective,LVO was observed at Sensitivity: 98.2% (95% CI: 93.6% - 99.8%) and Specificity: 91.6% (95% CI: 87.2% - 94.9%),0,0,,,,411.0,0,0,0,0.0,0.0,0.0,0,0,1
K251837,510(k),2025-08-20,2025,Salix Coronary Plaque (V1.0.0),Artrya Limited,,,0,0,Radiology,Radiology,QIH,2,892.2050,2025-06-16,65,N,1.125,1.0,0.0,none,Salix Coronary Plaque performance exceeded all the pre-defined acceptance criteria for all validation tests,0,0,,,,411.0,0,0,0,0.0,0.0,0.0,0,0,1
K251481,510(k),2025-08-20,2025,ACUSON Sequoia Diagnostic Ultrasound System; ACUSON Sequoia Select Diagnostic Ultrasound System; ACUSON Origin Diagnostic Ultrasound System; ACUSON Origin ICE Diagnostic Ultrasound System,"Siemens Medical Solutions USA, Inc.",Siemens Healthineers AG,XETRA:SHL,1,0,Radiology,Radiology,IYN,2,892.1550,2025-05-13,99,N,1.125,0.0,0.0,none,did not require clinical studies to support substantial equivalence,0,0,,,,411.0,0,0,0,0.0,0.0,0.0,0,0,1
K251747,510(k),2025-08-15,2025,VEA Align; spineEOS,EOS imaging,Alphatec Holdings Inc.,SEC:ATEC,1,1,Radiology,Radiology,QIH,2,892.2050,2025-06-06,70,N,1.139,1.0,1.0,retrospective,Direct comparison between skeletal landmark locations between the subject device and predicate device met acceptance criteria for algorithm performance,0,0,,,,416.0,0,0,0,0.0,0.0,0.0,0,0,1
K250818,510(k),2025-08-15,2025,Nerveblox,Smart Alfa Teknoloji San. Ve Tic. A.S.,,,0,0,Anesthesiology,Other,QRG,2,868.1980,2025-03-18,150,N,1.139,1.0,1.0,prospective,Accuracy (TP+TN): 97.2% (933 out of 960 scans),0,0,,,,416.0,0,0,0,0.0,0.0,0.0,0,0,1
K243851,510(k),2025-08-15,2025,CHLOE BLAST,Fairtility Ltd.,,,0,0,Obstetrics and Gynecology,Other,PBH,2,884.6195,2024-12-16,242,N,1.139,1.0,1.0,prospective,"primary endpoint of the study was met, with blastocyst prediction for Good/Fair embryos using CHLOE achieving an Odds",0,0,,,,416.0,0,0,0,0.0,0.0,0.0,0,0,1
K250755,510(k),2025-08-12,2025,DS Core Diagnosis,Dentsply Sirona Inc.,DENTSPLY SIRONA Inc.,SEC:XRAY,1,1,Radiology,Radiology,QIH,2,892.2050,2025-03-12,153,N,1.147,1.0,0.0,none,panoramic curve proposal performance met the prespecified acceptance criteria... PCPSR of 98.81%,0,0,,,,419.0,0,0,0,0.0,0.0,0.0,0,0,1
K251494,510(k),2025-08-12,2025,Eko Foundation Analysis Software with Transformers (EFAST),"Eko Health, Inc.",,,0,0,Cardiovascular,Cardiovascular,DQD,2,870.1875,2025-05-15,89,N,1.147,1.0,1.0,retrospective,Ground truth for structural murmur classification was obtained by pairing the cardiologist annotations with gold standard echocardiogram,0,0,,,,419.0,0,0,0,0.0,0.0,0.0,0,0,1
K251873,510(k),2025-08-11,2025,Saige-Dx,"DeepHealth, Inc.",RadNet Inc.,SEC:RDNT,1,1,Radiology,Radiology,QDQ,2,892.2090,2025-06-18,54,N,1.15,1.0,1.0,prospective,"The test met the pre-specified performance criteria, and the results support the safety and effectiveness of Saige-Dx",0,0,,,,420.0,0,0,0,0.0,0.0,0.0,0,0,1
K251629,510(k),2025-08-07,2025,UNiD Spine Analyzer,Medicrea International S.A.S. (Medtronic),Medtronic plc,SEC:MDT,1,1,Radiology,Radiology,QIH,2,892.2050,2025-05-28,71,N,1.161,1.0,1.0,retrospective,The results from the degenerative predictive model performance testing met the defined acceptance criterion,0,0,,,,424.0,0,0,0,0.0,0.0,0.0,0,0,1
K250569,510(k),2025-08-06,2025,Cardiologs Holter Platform,Philips France Commercial,Koninklijke Philips N.V.,SEC:PHG,1,1,Cardiovascular,Cardiovascular,DPS,2,870.2340,2025-02-26,161,N,1.164,,0.0,none,,0,0,,,,425.0,0,0,0,0.0,0.0,0.0,0,0,0
K250246,510(k),2025-08-05,2025,uMR Jupiter,"Shanghai United Imaging Healthcare Co., Ltd.",Shanghai United Imaging Healthcare,SSE:688271,1,0,Radiology,Radiology,LNH,2,892.1000,2025-01-27,190,N,1.166,1.0,1.0,retrospective,All DeepRecon images were rated with equivalent or higher scores in terms of diagnosis quality,0,0,,,,426.0,0,0,0,0.0,0.0,0.0,0,0,1
K250941,510(k),2025-08-01,2025,Revolution Vibe,"GE Medical Systems, LLC",GE HealthCare Technologies Inc.,SEC:GEHC,1,1,Radiology,Radiology,JAK,2,892.1750,2025-03-28,126,N,1.177,1.0,1.0,prospective,Auto ROI performance was tested using 1341 clinical images from real clinical practice and the tests results in success rates exceeding the pre-established acceptance criteria.,0,0,,,,430.0,0,0,0,0.0,0.0,0.0,0,0,1
K243341,510(k),2025-07-31,2025,Genius AI Detection 2.0,"Hologic, Inc.",Hologic Inc.,,0,0,Radiology,Radiology,QDQ,2,892.2090,2024-10-25,279,N,1.18,1.0,1.0,retrospective,the difference in AUC (ENV-SOC) to be -0.0017 (95% CI -0.023-0.020),0,0,,,,431.0,0,0,0,0.0,0.0,0.0,0,0,1
K250738,510(k),2025-07-31,2025,YSIO X.pree,Siemens Medical Solutions,Siemens Healthineers AG,XETRA:SHL,1,0,Radiology,Radiology,KPR,2,892.1680,2025-03-11,142,N,1.18,0.0,1.0,retrospective,"The clinical test results stated that the system's intended use was met, and the clinical needs were covered",0,0,,,,431.0,0,8,1,0.0,2.0,6.0,0,0,1
DEN240068,De Novo,2025-07-31,2025,ArteraAI Prostate,Artera Inc.,,,0,0,Pathology,Other,SFH,2,864.3755,2024-11-25,248,N,1.18,1.0,1.0,prospective,10-year risk of DM for ArteraAI Prostate risk category High (28.1%) is statistically significantly higher than the overall risk (8.1%),0,0,,,,431.0,0,0,0,0.0,0.0,0.0,0,0,1
K243919,510(k),2025-07-30,2025,Voxel Dosimetry (00859873006226),Hermes Medical Solutions AB,,,0,0,Radiology,Radiology,QIH,2,892.2050,2024-12-20,222,N,1.183,0.0,0.0,none,Non-clinical performance testing for added features shows that the algorithms perform as expected and results were within pre-set acceptance criteria,0,0,,,,432.0,0,0,0,0.0,0.0,0.0,0,0,1
K250652,510(k),2025-07-28,2025,ECG-AI Low Ejection Fraction (LEF) 12-Lead algorithm (1010),"Anumana, Inc.",,,0,0,Cardiovascular,Cardiovascular,QYE,2,870.2380,2025-03-04,146,N,1.188,0.0,1.0,retrospective,results of non-clinical verification demonstrate that the subject device is as safe and as effective as the predicate,0,0,,,,434.0,0,0,0,0.0,0.0,0.0,0,0,1
K251322,510(k),2025-07-25,2025,Venue; Venue Go; Venue Fit; Venue Sprint,"GE Medical Systems Ultrasound and Primary care Diagnostics,",GE HealthCare Technologies Inc.,SEC:GEHC,1,1,Radiology,Radiology,IYN,2,892.1550,2025-04-29,87,N,1.196,1.0,1.0,retrospective,Automatic caliper placement success rate: 95.09% with a 95% confidence level,0,0,,,,437.0,0,0,0,0.0,0.0,0.0,0,0,1
K251455,510(k),2025-07-24,2025,EPIQ Series Diagnostic Ultrasound System; Affiniti Series Diagnostic Ultrasound System,Philips Ultrasound LLC,Koninklijke Philips N.V.,SEC:PHG,1,1,Radiology,Radiology,IYN,2,892.1550,2025-05-12,73,N,1.199,1.0,1.0,retrospective,"Lower Confidence Bound for the Pearson's correlation coefficient to be >0.8... 0.953 (0.917, 0.974)",0,0,,,,438.0,0,1,1,0.0,0.0,1.0,0,0,1
K243681,510(k),2025-07-23,2025,Neuro Insight V1.0,Olea Medical S.A.S.,Canon Inc.,SEC:CAJPY,1,1,Radiology,Radiology,LLZ,2,892.2050,2024-11-29,236,N,1.202,0.0,1.0,retrospective,considered as acceptable for reading and interpretation,0,0,,,,439.0,0,0,0,0.0,0.0,0.0,0,0,1
K250901,510(k),2025-07-22,2025,"Vantage Fortian/Orian 1.5T, MRT-1550, V10.0 with AiCE Reconstruction Processing Unit for MR",Canon Medical Systems Corporation,Canon Inc.,SEC:CAJPY,1,1,Radiology,Radiology,LNH,2,892.1000,2025-03-26,118,N,1.205,1.0,0.0,none,"scored on average at, or above, clinically acceptable",0,0,,,,440.0,0,0,0,0.0,0.0,0.0,0,0,1
K250686,510(k),2025-07-22,2025,GyriCalc (Version 1.0.0),NeuroSpectrum Insights Corp.,,,0,0,Radiology,Radiology,LLZ,2,892.2050,2025-03-06,138,N,1.205,1.0,1.0,retrospective,evaluated using Dice's coefficient metric. The results were in the range of 92-99% with an average of 95%,0,0,,,,440.0,0,0,0,0.0,0.0,0.0,0,0,1
K250902,510(k),2025-07-18,2025,HeartFlow Analysis,"HeartFlow, Inc.","Heartflow, Inc.",SEC:HTFL,1,1,Cardiovascular,Cardiovascular,PJA,2,870.1415,2025-03-26,114,N,1.216,1.0,1.0,prospective,"plaque localization performance measured with point-wise level DICE similarity coefficient was 0.8 (Goal > 0.7, p<0.0001)",0,0,,,,444.0,0,15,1,0.0,1.0,14.0,0,0,1
K250999,510(k),2025-07-18,2025,V8 Diagnostic Ultrasound System; cV8 Diagnostic Ultrasound System; V7 Diagnostic Ultrasound System; cV7 Diagnostic Ultrasound System; V6 Diagnostic Ultrasound System; cV6 Diagnostic Ultrasound System; V5 Diagnostic Ultrasound System; cV5 Diagnostic Ultrasound System; V4 Diagnostic Ultrasound System; cV4 Diagnostic Ultrasound System,"Samsung Medison Co., Ltd.",Samsung Electronics Co. Ltd.,KRX:005930,1,0,Radiology,Radiology,IYN,2,892.1550,2025-04-01,108,N,1.216,1.0,1.0,prospective,The average dice-score is 0.869 (threshold 0.8),0,0,,,,444.0,0,0,0,0.0,0.0,0.0,0,0,1
K243547,510(k),2025-07-17,2025,uMR Ultra,"Shanghai United Imaging Healthcare Co., Ltd.",Shanghai United Imaging Healthcare,SSE:688271,1,0,Radiology,Radiology,LNH,2,892.1000,2024-11-15,244,N,1.218,1.0,1.0,retrospective,The pass criteria of EasyScan feature is 99.6%,0,0,,,,445.0,0,0,0,0.0,0.0,0.0,0,0,1
K251839,510(k),2025-07-17,2025,uMI Panvivo (uMI Panvivo); uMI Panvivo (uMI Panvivo S),"Shanghai United Imaging Healthcare Co., Ltd.",Shanghai United Imaging Healthcare,SSE:688271,1,0,Radiology,Radiology,KPS,2,892.1200,2025-06-16,31,N,1.218,1.0,1.0,prospective,"DeepRecon.PET images were evaluated by two American Board of Radiologists certificated physicians, covering a range of protocols and body parts",1,1,2026-08-11,,390.0,390.0,0,0,0,0.0,0.0,0.0,0,0,1
K243397,510(k),2025-07-16,2025,uMR 680,"Shanghai United Imaging Healthcare Co., Ltd.",Shanghai United Imaging Healthcare,SSE:688271,1,0,Radiology,Radiology,LNH,2,892.1000,2024-10-31,258,N,1.221,1.0,1.0,retrospective,The average detection accuracy is 94%,0,0,,,,446.0,0,0,0,0.0,0.0,0.0,0,0,1
K251151,510(k),2025-07-16,2025,Rapid CTA 360,iSchemaView,,,0,0,Radiology,Radiology,QAS,2,892.2080,2025-04-14,93,N,1.221,1.0,1.0,retrospective,"The primary endpoint analysis passed with Sensitivity 0.921 (95% CI: 0.880, 0.949) and Specificity 0.890 (95% CI: 0.832, 0.929) supporting the finding.",0,0,,,,446.0,0,0,0,0.0,0.0,0.0,0,0,1
K251342,510(k),2025-07-16,2025,EchoPAC Software Only / EchoPAC Plug-in,GE Medical Systems Ultrasound and Primary Care Diagnostics,GE HealthCare Technologies Inc.,SEC:GEHC,1,1,Radiology,Radiology,QIH,2,892.2050,2025-04-30,77,N,1.221,1.0,1.0,retrospective,The verification requirement included a step to check for a feasibility score of more than 95%,0,0,,,,446.0,0,0,0,0.0,0.0,0.0,0,0,1
K250119,510(k),2025-07-15,2025,Tempus ECG-Low EF,"Tempus AI, Inc.","Tempus AI, Inc.",SEC:TEM,1,1,Cardiovascular,Cardiovascular,QYE,2,870.2380,2025-01-16,180,N,1.224,1.0,1.0,retrospective,the lower bound of the 95% CI was 84% which was above the predetermined acceptance criteria of 80%,0,0,,,,447.0,0,0,0,0.0,0.0,0.0,0,0,1
K251096,510(k),2025-07-14,2025,PeekMed web,"Peek Health, S.A.",,,0,0,Radiology,Radiology,QIH,2,892.2050,2025-04-10,95,N,1.227,1.0,0.0,none,the efficacy results of the Segmentation ML model using the testing and external validation datasets against the predefined ground truth met the acceptance criteria for ML model performance,0,0,,,,448.0,0,0,0,0.0,0.0,0.0,0,0,1
K250660,510(k),2025-07-14,2025,LUMINOS Q.namix T; LUMINOS Q.namix R,Siemens Medical Solutions,Siemens Healthineers AG,XETRA:SHL,1,0,Radiology,Radiology,OWB,2,892.1650,2025-03-05,131,N,1.227,0.0,0.0,none,He determined that the images and fluorography studies with this detector were qualified for proper diagnosis,1,1,2025-12-29,2.0,168.0,168.0,0,0,0,0.0,0.0,0.0,0,0,1
K251169,510(k),2025-07-10,2025,Vivid Pioneer,GE Medical Systems Ultrasound and Primary Care Diagnostics,GE HealthCare Technologies Inc.,SEC:GEHC,1,1,Radiology,Radiology,IYN,2,892.1550,2025-04-15,86,N,1.238,1.0,1.0,retrospective,"The model achieved a verification success rate of 85%, with a sensitivity of 84.91% and a specificity of 91.82%",0,0,,,,452.0,0,0,0,0.0,0.0,0.0,0,0,1
K251766,510(k),2025-07-08,2025,TumorSight Viz,"SimBioSys, Inc.",,,0,0,Radiology,Radiology,QIH,2,892.2050,2025-06-09,29,N,1.243,1.0,1.0,retrospective,"We found that all tests met the acceptance criteria, demonstrating adequate performance for our intended use",0,0,,,,454.0,0,0,0,0.0,0.0,0.0,0,0,1
K243884,510(k),2025-07-07,2025,TAVIPILOT,Caranx Medical,,,0,0,Radiology,Radiology,OWB,2,892.1650,2024-12-18,201,N,1.246,1.0,0.0,none,"NCC was detected, tracked and marked ≤ 2 mm in 100% of all patients being tested with statistical significance",0,0,,,,455.0,0,0,0,0.0,0.0,0.0,0,0,1
K243679,510(k),2025-07-03,2025,MammoScreen® (4),Therapixel,,,0,0,Radiology,Radiology,QDQ,2,892.2090,2024-11-29,216,N,1.257,1.0,1.0,prospective,"AUC at the mammogram level MS4: 0.894 (0.870, 0.919)",0,0,,,,459.0,0,0,0,0.0,0.0,0.0,0,0,1
K251528,510(k),2025-07-03,2025,syngo.via MI Workflows; Scenium; syngo MBF,"Siemens Medical Solutions USA, Inc.",Siemens Healthineers AG,XETRA:SHL,1,0,Radiology,Radiology,QIH,2,892.2050,2025-05-19,45,N,1.257,1.0,1.0,retrospective,The average Dice coefficient for the 20 subjects was higher for each lobe in the subject device than in the predicate device,0,0,,,,459.0,0,0,0,0.0,0.0,0.0,0,0,1
K250221,510(k),2025-07-01,2025,StrokeSENS ASPECTS Software Application,Circle Cardiovascular Imaging Inc.,,,0,0,Radiology,Radiology,POK,2,892.2060,2025-01-24,158,N,1.262,1.0,1.0,prospective,an AUC-ROC of 90.9%... a sensitivity of 70.6%... and a specificity of 93.9%,0,0,,,,461.0,0,0,0,0.0,0.0,0.0,0,0,1
K243779,510(k),2025-07-01,2025,Bunkerhill Abdominal Aortic Quantification (AAQ),BunkerHill Health,,,0,0,Radiology,Radiology,QIH,2,892.2050,2024-12-09,204,N,1.262,1.0,1.0,retrospective,mean-absolute-error = 1.58 mm (95 % CI 1.38–1.80) versus the ≤ 2.0 mm acceptance criterion,0,0,,,,461.0,0,0,0,0.0,0.0,0.0,0,0,1
K250096,510(k),2025-07-01,2025,Felix NeuroAI  System,Fasikl Incorporated,,,0,0,Neurology,Neurology,QBC,2,882.5897,2025-01-14,168,N,1.262,1.0,1.0,prospective,participants using the Felix device reported significantly greater improvements as compared to participants in the sham control arm,0,0,,,,461.0,0,0,0,0.0,0.0,0.0,0,0,1
K250484,510(k),2025-06-30,2025,PIUR tUS inside,PIUR Imaging GmbH,,,0,0,Radiology,Radiology,QIH,2,892.2050,2025-02-19,131,N,1.265,0.0,0.0,none,,0,0,,,,462.0,0,0,0,0.0,0.0,0.0,0,0,1
K243647,510(k),2025-06-30,2025,Synapse PACS (7.5),FUJIFILM Healthcare Americas Corporation,Fujifilm Holdings Corp.,TSE:4901,1,0,Radiology,Radiology,QIH,2,892.2050,2024-11-26,216,N,1.265,1.0,1.0,retrospective,mean observed dice overlap coefficient and 95% HD with 95% confidence intervals were 0.959,0,0,,,,462.0,0,0,0,0.0,0.0,0.0,0,0,1
K250670,510(k),2025-06-30,2025,EchoConfidence (USA),Mycardium AI Limited,,,0,0,Radiology,Radiology,QIH,2,892.2050,2025-03-05,117,N,1.265,1.0,1.0,retrospective,upper 95% confidence interval is less than +25%... AI agrees with the humans more than they agree with each other,0,0,,,,462.0,0,0,0,0.0,0.0,0.0,0,0,1
K250984,510(k),2025-06-27,2025,Maestro System (REF100),Moon Surgical,,,0,0,Gastroenterology-Urology,Other,QZB,2,876.1500,2025-03-31,88,N,1.273,,0.0,none,verify that the model performance (lower bound of the 95%CI for AP and AR) is compliant with our specification,0,0,,,,465.0,0,0,0,0.0,0.0,0.0,0,0,0
K243144,510(k),2025-06-27,2025,X100/X100HT with Full Field Peripheral Blood Smear (PBS) Application,"Scopio Labs , Ltd.",,,0,0,Hematology,Other,JOY,2,864.5260,2024-09-30,270,N,1.273,1.0,0.0,none,The results met the pre-defined acceptance criteria,0,0,,,,465.0,0,0,0,0.0,0.0,0.0,0,0,1
K250268,510(k),2025-06-24,2025,HyperSnap Surgical System (HSS),Hypervision Surgical,,,0,0,Gastroenterology-Urology,Other,SFE,2,876.1500,2025-01-30,145,N,1.281,0.0,0.0,none,"Three GLP compliant animal studies were conducted to evaluate safety, performance",0,0,,,,468.0,0,0,0,0.0,0.0,0.0,0,0,1
K250877,510(k),2025-06-20,2025,TMINI Miniature Robotic System,"THINK Surgical, Inc.",,,0,0,Neurology,Neurology,OLO,2,882.4560,2025-03-24,88,N,1.292,0.0,0.0,none,Cadaver Lab Validation Testing ... Reanalyzed data passed,0,0,,,,472.0,0,6,1,0.0,0.0,6.0,0,0,1
K250151,510(k),2025-06-20,2025,Us2.ca,Eko.Ai Pte Ltd. D/B/A Us2.Ai,,,0,0,Cardiovascular,Cardiovascular,SDJ,2,870.2200,2025-01-21,150,N,1.292,1.0,1.0,retrospective,performed with a sensitivity of 86.9% (95% CI: 84.2%-89.7%) and specificity of 87.4%,0,0,,,,472.0,0,0,0,0.0,0.0,0.0,0,0,1
K250515,510(k),2025-06-19,2025,EpiMonitor,Empatica  Srl,,,0,0,Neurology,Neurology,POS,2,882.1580,2025-02-21,118,N,1.295,1.0,1.0,retrospective,Positive Percentage Agreement (PPA) and false alarm rate per 24 hours (FAR) were calculated for adult and pediatric subgroups,0,0,,,,473.0,0,0,0,0.0,0.0,0.0,0,0,1
K250886,510(k),2025-06-18,2025,EPIQ Series Diagnostic Ultrasound Systems; Affiniti Series Diagnostic Ultrasound Systems,Philips Ultrasound LLC,Koninklijke Philips N.V.,SEC:PHG,1,1,Radiology,Radiology,IYN,2,892.1550,2025-03-25,85,N,1.298,1.0,1.0,retrospective,"the Pearsons' correlation coefficient was 0.891 (95%CI 0.851, 0.920) for the EF and 0.906 (95%CI 0.871, 0.931) for the GLS measurement",0,0,,,,474.0,0,0,0,0.0,0.0,0.0,0,0,1
K243253,510(k),2025-06-18,2025,6600 Ultrasound System (MyLabA50); 6600 Ultrasound System (MyLabA70),Esaote S.p.A.,Esaote S.p.A.,,0,0,Radiology,Radiology,IYN,2,892.1550,2024-10-15,246,N,1.298,,0.0,none,,0,0,,,,474.0,0,0,0,0.0,0.0,0.0,0,0,0
K243672,510(k),2025-06-18,2025,CardIQ Suite,GE Medical Systems SCS,GE HealthCare Technologies Inc.,SEC:GEHC,1,1,Radiology,Radiology,JAK,2,892.1750,2024-11-27,203,N,1.298,1.0,1.0,retrospective,the output has met the acceptance criteria of more than 90 % of the exams that are successfully segmented,0,0,,,,474.0,0,0,0,0.0,0.0,0.0,0,0,1
K250440,510(k),2025-06-17,2025,"RT Elements  (4.5); (Elements) Multiple Brain Mets SRS; (Elements) Cranial SRS; (Elements) Spine SRS; (Elements) Cranial SRS w/ Cones; (Elements) RT Planning Platform; (Elements) Dose Review; (Elements) Retreatment Review; Elements Segmentation [Cranial , Basal Ganglia, Head & Neck, Pelvic, Spine, Thoracic & Spine, Extracranial] RT; Elements AI Tumor Segmentation RT; Elements SmartBrush [Angio, Spine] RT; Elements Object Management RT",Brainlab AG,Brainlab AG,,0,0,Radiology,Radiology,MUJ,2,892.5050,2025-02-14,123,N,1.3,1.0,1.0,retrospective,"Acceptance criteria were Dice ≥ 0.7, Recall ≥ 0.8 and Precision ≥ 0.8",0,0,,,,475.0,0,0,0,0.0,0.0,0.0,0,0,1
K250436,510(k),2025-06-16,2025,MAGNETOM Flow.Ace; MAGNETOM Flow.Plus,"Siemens Shenzhen Magnetic Resonance , Ltd.",Siemens Healthineers AG,XETRA:SHL,1,0,Radiology,Radiology,LNH,2,892.1000,2025-02-14,122,N,1.303,0.0,1.0,prospective,No clinical tests were conducted to support substantial equivalence for the subject devices; however... sample clinical images were provided,0,0,,,,476.0,0,1,1,0.0,1.0,0.0,0,0,1
K250443,510(k),2025-06-16,2025,MAGNETOM Avanto Fit; MAGNETOM Skyra Fit; MAGNETOM Sola Fit; MAGNETOM Viato.Mobile,Siemens Healthcare GmbH,Siemens Healthineers AG,XETRA:SHL,1,0,Radiology,Radiology,LNH,2,892.1000,2025-02-14,122,N,1.303,0.0,1.0,prospective,"No clinical tests were conducted to support substantial equivalence for the subject devices; however, as stated above, sample clinical images were provided",1,1,2025-08-28,1.0,73.0,73.0,0,3,1,0.0,2.0,1.0,0,0,1
K250685,510(k),2025-06-16,2025,Methinks NCCT Stroke,Methinks Software S.L.,,,0,0,Radiology,Radiology,QAS,2,892.2080,2025-03-06,102,N,1.303,1.0,1.0,prospective,ICH performance was observed at Se: 94.7%... Sp: 99.5%... LVO was observed at Se: 76.4%... Sp: 91.1%,0,0,,,,476.0,0,0,0,0.0,0.0,0.0,0,0,1
K240795,510(k),2025-06-15,2025,Withings ECG App,Withings,,,0,0,Cardiovascular,Cardiovascular,QDA,2,870.2345,2024-03-22,450,N,1.306,1.0,1.0,prospective,The Withings ECG App demonstrated 99.7% sensitivity in classifying AFib ... and 99.8% specificity,0,0,,,,477.0,0,0,0,0.0,0.0,0.0,0,0,1
K243633,510(k),2025-06-13,2025,Brainlab Elements (7.0); Brainlab Elements Image Fusion (5.0); Brainlab Elements Image Fusion Angio (1.0); Brainlab Elements Contouring (5.0); Brainlab Elements Fibertracking (3.0); Brainlab Elements BOLD MRI Mapping (1.0),Brainlab AG,Brainlab AG,,0,0,Radiology,Radiology,QIH,2,892.2050,2024-11-25,200,N,1.311,1.0,1.0,retrospective,"Acceptance criteria were Dice ≥ 0.7, Recall ≥ 0.8 and Precision ≥ 0.8",0,0,,,,479.0,0,3,1,0.0,3.0,0.0,0,0,1
K243234,510(k),2025-06-12,2025,Second Opinion® CS,Pearl Inc.,,,0,0,Radiology,Radiology,MYN,2,892.2070,2024-10-10,245,N,1.314,1.0,1.0,prospective,"the study met the primary endpoint, where Second Opinion CS sensitivity was > 70%",0,0,,,,480.0,0,0,0,0.0,0.0,0.0,0,0,1
K251153,510(k),2025-06-12,2025,Aurora,GE Medical Systems Israel,GE HealthCare Technologies Inc.,SEC:GEHC,1,1,Radiology,Radiology,KPS,2,892.1200,2025-04-14,59,N,1.314,1.0,1.0,retrospective,The DL Automatic kidney produced an average DICE score above the predefined success criteria.,0,0,,,,480.0,0,0,0,0.0,0.0,0.0,0,0,1
K250354,510(k),2025-06-10,2025,"Viz Subdural+, Viz SUBDURAL PLUS","Viz.ai, Inc.",,,0,0,Radiology,Radiology,QIH,2,892.2050,2025-02-07,123,N,1.32,1.0,1.0,retrospective,the device passed the primary endpoints for the study in terms of mean absolute error (MAE),0,0,,,,482.0,0,0,0,0.0,0.0,0.0,0,0,1
K251009,510(k),2025-06-06,2025,Cirrus Resting State fMRI Software,"Sora Neuroscience, Inc.",,,0,0,Radiology,Radiology,QIH,2,892.2050,2025-04-01,66,N,1.331,1.0,1.0,retrospective,Cirrus SMN maps had a mean 0.826 spatial correlation with corresponding,0,0,,,,486.0,0,0,0,0.0,0.0,0.0,0,0,1
K242737,510(k),2025-06-06,2025,Empatica Health Monitoring Platform; EmbracePlus; Empatica Care; Care Portal,Empatica S.R.L.,,,0,0,Cardiovascular,Cardiovascular,MWI,2,870.2300,2024-09-11,268,N,1.331,0.0,1.0,retrospective,No additional clinical data or documentation has been attached to these 510(k) submissions.,0,0,,,,486.0,0,0,0,0.0,0.0,0.0,0,0,1
K251456,510(k),2025-06-05,2025,BrightHeart View Classifier,BrightHeart,,,0,0,Radiology,Radiology,QIH,2,892.2050,2025-05-12,24,N,1.333,1.0,1.0,retrospective,"mean standard view recognition sensitivity of 0.939 (95% CI, 0.917 ; 0.960) and a mean standard view recognition specificity of 0.984",0,0,,,,487.0,0,0,0,0.0,0.0,0.0,0,0,1
K243667,510(k),2025-06-05,2025,Sonic DL,"GE Medical Systems, LLC",GE HealthCare Technologies Inc.,SEC:GEHC,1,1,Radiology,Radiology,LNH,2,892.1000,2024-11-27,190,N,1.333,1.0,1.0,prospective,Sonic DL 3D images are of diagnostic quality while yielding a substantial reduction in the scan time,0,0,,,,487.0,0,0,0,0.0,0.0,0.0,0,0,1
K251397,510(k),2025-06-04,2025,"Ingenia, Ingenia CX, Ingenia Elition, Ingenia Ambition, BlueSeal, MR 5300 and MR 7700 MR System",Philips Medical Systems Nederland B.V.,Koninklijke Philips N.V.,SEC:PHG,1,1,Radiology,Radiology,LNH,2,892.1000,2025-05-06,29,N,1.336,1.0,0.0,none,reader evaluation by ABR board certified radiologists was performed... assessed as equivalent for diagnosis and holds significantly better SNR and sharpness,1,2,2026-04-14,2.0,314.0,314.0,0,0,0,0.0,0.0,0.0,0,0,1
K243810,510(k),2025-06-04,2025,TraumaCad Neo (1.1),Brainlab Ltd.,Brainlab AG,,0,0,Radiology,Radiology,QIH,2,892.2050,2024-12-11,175,N,1.336,1.0,1.0,retrospective,99% of the time the machine learning algorithm was able to correctly determine the implant presence,0,0,,,,488.0,0,0,0,0.0,0.0,0.0,0,0,1
K250749,510(k),2025-06-04,2025,PhysCade System,"PhysCade, Inc.",,,0,0,Cardiovascular,Cardiovascular,DQK,2,870.1425,2025-03-12,84,N,1.336,0.0,0.0,none,has not been established by clinical investigations,0,0,,,,488.0,0,0,0,0.0,0.0,0.0,0,0,1
K243005,510(k),2025-05-30,2025,AudaxCeph Cephalogram Analysis Software,Audax d.o.o.,,,0,0,Radiology,Radiology,QIH,2,892.2050,2024-09-26,246,N,1.35,1.0,0.0,none,the device met all acceptance criteria for automatic landmark detection,0,0,,,,493.0,0,0,0,0.0,0.0,0.0,0,0,1
K250236,510(k),2025-05-30,2025,Swoop® Portable MR Imaging® System (V2),"Hyperfine, Inc.","Hyperfine, Inc.",SEC:HYPR,1,1,Radiology,Radiology,LNH,2,892.1000,2025-01-27,123,N,1.35,1.0,1.0,retrospective,Advanced Reconstruction was required to perform at least as well as Linear Reconstruction in all categories,0,0,,,,493.0,0,0,0,0.0,0.0,0.0,0,0,1
K243863,510(k),2025-05-30,2025,Opulus Lymphoma Precision,"Roche Molecular Systems, Inc.",,,0,0,Radiology,Radiology,QIH,2,892.2050,2024-12-17,164,N,1.35,1.0,1.0,retrospective,"mean DSC score was 0.70 (95% CI, 0.66, 0.73)",0,0,,,,493.0,0,0,0,0.0,0.0,0.0,0,0,1
DEN240047,De Novo,2025-05-30,2025,Allix5,"Clairity, Inc.",,,0,0,Radiology,Radiology,SEZ,2,892.8500,2024-09-06,266,N,1.35,1.0,1.0,prospective,"reported AUC(5) of 0.70 with the 95% confidence interval (0.69, 0.72) being above the performance goal of 0.64",0,0,,,,493.0,0,0,0,0.0,0.0,0.0,0,0,1
K251406,510(k),2025-05-30,2025,BriefCase-Triage,"Aidoc Medical, Ltd.",,,0,0,Radiology,Radiology,QAS,2,892.2080,2025-05-06,24,N,1.35,1.0,1.0,prospective,"Sensitivity was 92.7% (95% CI: 88.2%, 95.8%) and Specificity was 92.8% (95% CI: 89.2%, 95.4%)",0,0,,,,493.0,0,0,0,0.0,0.0,0.0,0,0,1
K242830,510(k),2025-05-30,2025,LensHooke X3 PRO Semen Quality Analyzer; LensHooke X3 PRO SE Semen Quality Analyzer,"Bonraybio Co., LTD.",,,0,0,Hematology,Other,POV,2,864.5220,2024-09-19,253,N,1.35,,0.0,none,The study results demonstrate that the layperson user accuracy and ease of use,0,0,,,,493.0,0,0,0,0.0,0.0,0.0,0,0,0
K250543,510(k),2025-05-29,2025,Voluson Performance 16; Voluson Performance 18,GE Medical Systems Ultrasound and Primary care Diagnostics,GE HealthCare Technologies Inc.,SEC:GEHC,1,1,Radiology,Radiology,IYN,2,892.1550,2025-02-24,94,N,1.352,0.0,0.0,none,did not require clinical studies to support substantial equivalence,0,0,,,,494.0,0,0,0,0.0,0.0,0.0,0,0,1
K250367,510(k),2025-05-28,2025,CoLumboX,Smart Soft Healthcare AD,,,0,0,Radiology,Radiology,QIH,2,892.2050,2025-02-10,107,N,1.355,0.0,1.0,retrospective,compared the CoLumboX software outputs... to the ground truth defined by 3 radiologists,0,0,,,,495.0,0,0,0,0.0,0.0,0.0,0,0,1
K250427,510(k),2025-05-28,2025,TAIMedImg DeepMets,"Taiwan Medical Imaging Co., Ltd.",,,0,0,Radiology,Radiology,QKB,2,892.2050,2025-02-14,103,N,1.355,1.0,1.0,retrospective,"Lesion-Wise Sensitivity (Se) (%) 89.97 (86.51, 93.43) > 80",0,0,,,,495.0,0,0,0,0.0,0.0,0.0,0,0,1
K243378,510(k),2025-05-28,2025,Rapid MLS,iSchemaview Inc.,,,0,0,Radiology,Radiology,QIH,2,892.2050,2024-10-30,210,N,1.355,1.0,1.0,retrospective,"The Rapid MAE is 0.7 mm, and the experts average pairwise MAE is 1.0 mm",0,0,,,,495.0,0,0,0,0.0,0.0,0.0,0,0,1
K250932,510(k),2025-05-27,2025,DeepRhythmAI,Medicalgorithmics S.A.,Medicalgorithmics S.A.,WSE:MDG,1,0,Cardiovascular,Cardiovascular,DQK,2,870.1425,2025-03-28,60,N,1.358,1.0,0.0,none,the algorithm was tested against the proprietary database (MDG validation db) that includes a large number of recordings captured among the intended patient population,0,0,,,,496.0,0,0,0,0.0,0.0,0.0,0,0,1
K243937,510(k),2025-05-23,2025,Accuro 3S,"Rivanna Medical, Inc.",,,0,0,Radiology,Radiology,IYO,2,892.1560,2024-12-20,154,N,1.369,1.0,1.0,retrospective,"test dataset included 120 sequences and 10,080 image frames obtained from a total of 81 individuals",0,0,,,,500.0,0,0,0,0.0,0.0,0.0,0,0,1
K242594,510(k),2025-05-23,2025,DEEPECHO,DeepEcho,,,0,0,Radiology,Radiology,IYN,2,892.1550,2024-08-30,266,N,1.369,1.0,1.0,retrospective,Abdominal View Sensitivity 442/508 86.9% (83.8% - 89.7%),0,0,,,,500.0,0,0,0,0.0,0.0,0.0,0,0,1
K250005,510(k),2025-05-23,2025,Clever One,"Ewoosoft Co., Ltd",,,0,0,Radiology,Radiology,QIH,2,892.2050,2025-01-02,141,N,1.369,0.0,0.0,none,"SW verification/validation and the measurement accuracy test were conducted to establish the performance, functionality and reliability characteristics",0,0,,,,500.0,0,0,0,0.0,0.0,0.0,0,0,1
K243989,510(k),2025-05-23,2025,Second Opinion® 3D,"Pearl, Inc.",,,0,0,Radiology,Radiology,QIH,2,892.2050,2024-12-26,148,N,1.369,1.0,1.0,retrospective,These anonymized images represent patients across the United States with permanent teeth and are representative of the intended patient population,0,0,,,,500.0,0,0,0,0.0,0.0,0.0,0,0,1
K243793,510(k),2025-05-21,2025,EPIQ Series Diagnostic Ultrasound System; Affiniti Series Diagnostic Ultrasound System,Philips Ultrasound LLC,Koninklijke Philips N.V.,SEC:PHG,1,1,Radiology,Radiology,IYN,2,892.1550,2024-12-10,162,N,1.374,1.0,1.0,retrospective,A retrospective data analysis study was executed to evaluate the performance of R-trigger AI based software,0,0,,,,502.0,0,0,0,0.0,0.0,0.0,0,0,1
K243762,510(k),2025-05-21,2025,Synapse 3D Base Tools (V7.0),FUJIFILM Corporation,Fujifilm Holdings Corp.,TSE:4901,1,0,Radiology,Radiology,QIH,2,892.2050,2024-12-06,166,N,1.374,1.0,0.0,none,benchmark performance testing was conducted using actual clinical images to help demonstrate,0,0,,,,502.0,0,0,0,0.0,0.0,0.0,0,0,1
K243866,510(k),2025-05-21,2025,InVision Precision Cardiac Amyloid,InVision Medical Technology Corporation,,,0,0,Cardiovascular,Cardiovascular,SDJ,2,870.2200,2024-12-17,155,N,1.374,1.0,0.0,none,"validation study met all its predefined endpoints, demonstrating a sensitivity of 0.607 and a specificity of 0.990",0,0,,,,502.0,0,0,0,0.0,0.0,0.0,0,0,1
K243122,510(k),2025-05-21,2025,uMR Omega,"Shanghai United Imaging Healthcare Co., Ltd.",Shanghai United Imaging Healthcare,SSE:688271,1,0,Radiology,Radiology,LNH,2,892.1000,2024-09-30,233,N,1.374,1.0,1.0,retrospective,The average detection accuracy is 94%,0,0,,,,502.0,0,2,1,0.0,0.0,2.0,0,0,1
K251276,510(k),2025-05-21,2025,Swoop® Portable MR Imaging® System,"Hyperfine, Inc.","Hyperfine, Inc.",SEC:HYPR,1,1,Radiology,Radiology,LNH,2,892.1000,2025-04-24,27,N,1.374,1.0,1.0,retrospective,Advanced Reconstruction achieved a median score of 2 (the most positive rating scale value) in all categories.,0,0,,,,502.0,0,0,0,0.0,0.0,0.0,0,0,1
K250370,510(k),2025-05-20,2025,SCENARIA View Phase 5.0,FUJIFILM Corporation,Fujifilm Holdings Corp.,TSE:4901,1,0,Radiology,Radiology,JAK,2,892.1750,2025-02-10,99,N,1.377,0.0,1.0,retrospective,images... were reviewed by Japanese M.D.... able to obtain images of sufficient quality,0,0,,,,503.0,0,0,0,0.0,0.0,0.0,0,0,1
K243617,510(k),2025-05-16,2025,uCT ATLAS Astound with uWS-CT-Dual Energy Analysis; uCT ATLAS with uWS-CT-Dual Energy Analysis,"Shanghai United Imaging Healthcare Co.,Ltd.",Shanghai United Imaging Healthcare,SSE:688271,1,0,Radiology,Radiology,JAK,2,892.1750,2024-11-22,175,N,1.388,1.0,1.0,prospective,readers to perform a five-point scale evaluation of both image sets on the several image quality aspects,1,2,2025-09-12,2.0,119.0,119.0,0,0,0,0.0,0.0,0.0,0,0,1
K241671,510(k),2025-05-16,2025,6450 Ultrasound System (MyLabE80); 6450 Ultrasound System (MyLabE85),Esaote S.p.A.,Esaote S.p.A.,,0,0,Radiology,Radiology,IYN,2,892.1550,2024-06-11,339,N,1.388,1.0,1.0,retrospective,"The LASr, LAScd and LASct results for each image run are compared to the corresponding TomTec reference... LASr = 0.84",0,0,,,,507.0,0,0,0,0.0,0.0,0.0,0,0,1
K250086,510(k),2025-05-16,2025,OTS Hip,Ortoma AB,,,0,0,Neurology,Neurology,OLO,2,882.4560,2025-01-13,123,N,1.388,1.0,0.0,none,test datasets consisted of 503 x-ray images from 276 US patients,1,1,2025-07-28,2.0,73.0,73.0,0,0,0,0.0,0.0,0.0,0,0,1
K240554,510(k),2025-05-16,2025,InferRead Lung CT.AI,"Infervision Medical Technology Co., Ltd.",,,0,0,Radiology,Radiology,OEB,2,892.2050,2024-02-28,443,N,1.388,1.0,1.0,retrospective,InferRead Lung CT.AI achieved an overall nodule Match Rate of 0.970,0,0,,,,507.0,0,0,0,0.0,0.0,0.0,0,0,1
K242437,510(k),2025-05-14,2025,Smile Dx®,"Cube Click, Inc.",,,0,0,Radiology,Radiology,MYN,2,892.2070,2024-08-16,271,N,1.394,1.0,1.0,prospective,Smile Dx®'s caries and periapical radiolucency detection performance was evaluated using a test dataset of 867 cases,0,0,,,,509.0,0,0,0,0.0,0.0,0.0,0,0,1
K242624,510(k),2025-05-14,2025,Medical Image Post-processing Software (uOmnispace.CT),"Shanghai United Imaging Healthcare Co., Ltd.",Shanghai United Imaging Healthcare,SSE:688271,1,0,Radiology,Radiology,QIH,2,892.2050,2024-09-03,253,N,1.394,1.0,1.0,retrospective,lung segmentation 0.9801...which is higher than the acceptance criteria,0,0,,,,509.0,0,0,0,0.0,0.0,0.0,0,0,1
K243812,510(k),2025-05-09,2025,Volta AF-Xplorer,Volta Medical,,,0,0,Cardiovascular,Cardiovascular,DQK,2,870.1425,2024-12-11,149,N,1.407,1.0,1.0,prospective,158 (88%) demonstrated treatment success with respect to the primary effectiveness endpoint as compared to 124 (70%),0,0,,,,514.0,0,0,0,0.0,0.0,0.0,0,0,1
K242388,510(k),2025-05-09,2025,LensHooke X12 PRO Semen Analysis System,"Bonraybio Co., LTD.",,,0,0,Hematology,Other,POV,2,864.5220,2024-08-12,270,N,1.407,0.0,0.0,none,the user accuracy and ease of use (via participant questionnaire scoring) of Subject Device,0,0,,,,514.0,0,0,0,0.0,0.0,0.0,0,0,1
K251110,510(k),2025-05-09,2025,EPIQ Series Diagnostic Ultrasound Systems; Affiniti Series Diagnostic Ultrasound Systems,Philips Ultrasound LLC,Koninklijke Philips N.V.,SEC:PHG,1,1,Radiology,Radiology,IYN,2,892.1550,2025-04-11,28,N,1.407,1.0,1.0,retrospective,"the Pearson's correlation coefficient and associated confidence intervals are 0.952 (95%CI 0.919, 0.972).",0,0,,,,514.0,0,0,0,0.0,0.0,0.0,0,0,1
K251126,510(k),2025-05-09,2025,SKOUT system,Iterative Health,,,0,0,Gastroenterology-Urology,Other,QNP,2,876.1520,2025-04-11,28,N,1.407,1.0,0.0,none,"Algorithm performance testing was performed for evaluation of true positives, false positives, and polyp detection time, with an expanded dataset for the added video processing tower.",0,0,,,,514.0,0,0,0,0.0,0.0,0.0,0,0,1
K243230,510(k),2025-05-09,2025,Second Opinion® BLE,Pearl Inc.,,,0,0,Radiology,Radiology,QIH,2,892.2050,2024-10-08,213,N,1.407,1.0,1.0,prospective,Second Opinion BLE met the prespecified acceptance criteria of > 82% for both precision & recall,0,0,,,,514.0,0,0,0,0.0,0.0,0.0,0,0,1
K250226,510(k),2025-05-08,2025,Clarius Median Nerve AI,Clarius Mobile Health Corp.,,,0,0,Radiology,Radiology,QIH,2,892.2050,2025-01-27,101,N,1.41,1.0,1.0,retrospective,automatic median nerve CSA measurement was found to be non-inferior,0,0,,,,515.0,0,0,0,0.0,0.0,0.0,0,0,1
K243684,510(k),2025-05-07,2025,BrightHeart View Classifier,BrightHeart,,,0,0,Radiology,Radiology,QIH,2,892.2050,2024-11-29,159,N,1.413,1.0,1.0,retrospective,"mean standard view recognition sensitivity of 0.939 (95% CI, 0.917 ; 0.960)",0,0,,,,516.0,0,0,0,0.0,0.0,0.0,0,0,1
K243893,510(k),2025-05-05,2025,Second Opinion® Pediatric,"Pearl, Inc.",,,0,0,Radiology,Radiology,MYN,2,892.2070,2024-12-18,138,N,1.418,1.0,1.0,prospective,"study met the primary endpoint, where Second Opinion® Pediatric sensitivity was > 75% for bitewing and periapical images",0,0,,,,518.0,0,0,0,0.0,0.0,0.0,0,0,1
K251071,510(k),2025-05-02,2025,Fetal EchoScan (v1.1),BrightHeart,,,0,0,Radiology,Radiology,POK,2,892.2060,2025-04-07,25,N,1.426,1.0,1.0,prospective,The ROC AUC for detection of any suspicious radiographic finding was significantly higher in the aided compared to the unaided reading condition,0,0,,,,521.0,0,0,0,0.0,0.0,0.0,0,0,1
K242583,510(k),2025-05-02,2025,AT-Patch (ATP-C130/ATP-C70),"ATsens Co.,Ltd.",,,0,0,Cardiovascular,Cardiovascular,DSH,2,870.2800,2024-08-30,245,N,1.426,0.0,1.0,retrospective,"Performance was assessed based on Sensitivity, Positive Predictive Value (PPV), and False Positive Rate (FPR), validated against reference data",0,0,,,,521.0,0,0,0,0.0,0.0,0.0,0,0,1
K250087,510(k),2025-05-01,2025,Vscan Air,GE Medical Systems Ultrasound and Primary Care Diagnostics,GE HealthCare Technologies Inc.,SEC:GEHC,1,1,Radiology,Radiology,IYN,2,892.1550,2025-01-14,107,N,1.429,1.0,1.0,retrospective,Automatic caliper placement success rate: 92.24% with a 90% confidence level,0,0,,,,522.0,0,0,0,0.0,0.0,0.0,0,0,1
P230022,PMA,2025-04-30,2025,"Jewel Patch Wearable Cardioverter Defibrillator (P-WCD) (Jewel), Jewel P-WCD Firmware, Device Accessories Skin Preparati","Element Science, Inc.",,,0,0,Cardiovascular,Cardiovascular,MVK,3,,2023-07-03,667,,1.432,1.0,1.0,prospective,The subject device met the performance goals ... Coarse VF 203 ... 99.5% Sensitivity,0,0,,,,523.0,0,4,1,1.0,3.0,0.0,0,0,1
K250328,510(k),2025-04-30,2025,UltraExtend NX CUW-U001S V2.0 Ultrasound Image Analysis Program,Canon Medical Systems Corporation,Canon Inc.,SEC:CAJPY,1,1,Radiology,Radiology,QIH,2,892.2050,2025-02-05,84,N,1.432,0.0,1.0,retrospective,these studies utilized a representative subset of the clinical data acquired for the original performance testing,0,0,,,,523.0,0,0,0,0.0,0.0,0.0,0,0,1
K243376,510(k),2025-04-28,2025,uAngio AVIVA CX,"Shanghai United Imaging Healthcare Co.,Ltd.",Shanghai United Imaging Healthcare,SSE:688271,1,0,Radiology,Radiology,OWB,2,892.1650,2024-10-30,180,N,1.437,1.0,1.0,retrospective,Each image received a score of ≥ 3 and received a PASS result,0,0,,,,525.0,0,0,0,0.0,0.0,0.0,0,0,1
K243239,510(k),2025-04-24,2025,Lung AI (LAI001),Exo Inc,,,0,0,Radiology,Radiology,MYN,2,892.2070,2024-10-10,196,N,1.448,1.0,1.0,prospective,Se = 0.97 (95% CI 0.94 – 0.99) ... Sp = 0.91 (95% CI 0.87 – 0.96),0,0,,,,529.0,0,0,0,0.0,0.0,0.0,0,0,1
K250831,510(k),2025-04-23,2025,Annalise Enterprise,Annalise-AI,,,0,0,Radiology,Radiology,QFM,2,892.2080,2025-03-19,35,N,1.451,1.0,1.0,prospective,"Pneumothorax QFM 0.984 (0.976, 0.990)",0,0,,,,530.0,0,0,0,0.0,0.0,0.0,0,0,1
K243651,510(k),2025-04-21,2025,VersaViewer,GE Medical Systems SCS,GE HealthCare Technologies Inc.,SEC:GEHC,1,1,Radiology,Radiology,LLZ,2,892.2050,2024-11-26,146,N,1.457,1.0,1.0,retrospective,the algorithm successfully passed the defined acceptance criteria,0,0,,,,532.0,0,0,0,0.0,0.0,0.0,0,0,1
K243878,510(k),2025-04-17,2025,CLARUS (700),"Carl Zeiss Meditec, Inc.",,,0,0,Ophthalmic,Other,QER,2,886.1120,2024-12-18,120,N,1.467,0.0,0.0,none,"quality of the images captured by the CLARUS 700 simultaneous FA, simultaneous ICGA, and standalone ICGA were clinically acceptable by three independent graders",0,0,,,,536.0,0,0,0,0.0,0.0,0.0,0,0,1
K242129,510(k),2025-04-17,2025,VitalRhythm,"VitalConnect, Inc.",,,0,0,Cardiovascular,Cardiovascular,DQK,2,870.1425,2024-07-22,269,N,1.467,1.0,1.0,retrospective,"test results... met the acceptance criteria of ≥ 95% for non-sinus rhythms... met the acceptance criteria of ≥ 90% with regard to sensitivity, specificity, PPV, NPV, and accuracy",0,0,,,,536.0,0,0,0,0.0,0.0,0.0,0,0,1
K242500,510(k),2025-04-16,2025,LARALAB,LARALAB GmbH,,,0,0,Radiology,Radiology,QIH,2,892.2050,2024-08-22,237,N,1.47,1.0,1.0,retrospective,Dice scores ranging from 0.89 to 0.98...met the predefined acceptance criteria,0,0,,,,537.0,0,0,0,0.0,0.0,0.0,0,0,1
K243853,510(k),2025-04-16,2025,Clarius Prostate AI,Clarius Mobile Health Corp.,,,0,0,Radiology,Radiology,QIH,2,892.2050,2024-12-16,121,N,1.47,1.0,1.0,retrospective,automated prostate volume measurement was found to be non-inferior to human experts with statistically significant results,0,0,,,,537.0,0,0,0,0.0,0.0,0.0,0,0,1
K250650,510(k),2025-04-15,2025,SpotLight / SpotLight Duo with Low Dose Lung Cancer Screening Option,Arineta Ltd.,,,0,0,Radiology,Radiology,JAK,2,892.1750,2025-03-04,42,N,1.473,0.0,0.0,none,"all 10 cases, representing small patient sizes... were evaluated as diagnostic for the indications for use",0,0,,,,538.0,0,0,0,0.0,0.0,0.0,0,0,1
K250416,510(k),2025-04-11,2025,GBrain MRI,"Galileo CDS, Inc",,,0,0,Radiology,Radiology,QIH,2,892.2050,2025-02-13,57,N,1.484,1.0,1.0,retrospective,the GBrain MRI system segments hyperintensities with an accuracy that passed the planned acceptance criteria,0,0,,,,542.0,0,0,0,0.0,0.0,0.0,0,0,1
K243558,510(k),2025-04-11,2025,Canvas Dx,"Cognoa, Inc.",,,0,0,Neurology,Neurology,QPF,2,882.1491,2024-11-18,144,N,1.484,0.0,1.0,retrospective,Clinical testing was not performed in support of this submission,0,0,,,,542.0,0,0,0,0.0,0.0,0.0,0,0,1
K242748,510(k),2025-04-11,2025,Oncospace,"Oncospace, Inc.",,,0,0,Radiology,Radiology,MUJ,2,892.5050,2024-09-12,211,N,1.484,1.0,1.0,retrospective,mean dose was statistically significantly lower for 5 OARs for abdominal and 4 OAR for pelvis,0,0,,,,542.0,0,0,0,0.0,0.0,0.0,0,0,1
K242600,510(k),2025-04-11,2025,Second Opinion Periapical Radiolucency Contours,Pearl Inc.,,,0,0,Radiology,Radiology,MYN,2,892.2070,2024-08-30,224,N,1.484,1.0,1.0,prospective,lower bound of the 95% CI exceeded -0.05 showing Second Opinion PC was non-inferior,0,0,,,,542.0,0,0,0,0.0,0.0,0.0,0,0,1
K243145,510(k),2025-04-10,2025,syngo.CT LVO Detection,"Siemens Medical Solutions USA, Inc.",Siemens Healthineers AG,XETRA:SHL,1,0,Radiology,Radiology,QAS,2,892.2080,2024-09-30,192,N,1.487,1.0,1.0,retrospective,"sensitivity and specificity ... were 90.6% ... and 88.8% ..., exceeding the predefined acceptance threshold of >80%",0,0,,,,543.0,0,0,0,0.0,0.0,0.0,0,0,1
K250177,510(k),2025-04-10,2025,EPIQ Series Diagnostic Ultrasound System; Affiniti Series Diagnostic Ultrasound System,Philips Ultrasound LLC,Koninklijke Philips N.V.,SEC:PHG,1,1,Radiology,Radiology,IYN,2,892.1550,2025-01-22,78,N,1.487,0.0,0.0,none,did not require clinical data for determination of substantial equivalence,0,0,,,,543.0,0,0,0,0.0,0.0,0.0,0,0,1
K250754,510(k),2025-04-10,2025,cmAngio® (V1.6),"CureMetrix, Inc.",,,0,0,Radiology,Radiology,QIH,2,892.2050,2025-03-12,29,N,1.487,,0.0,none,,0,0,,,,543.0,0,0,0,0.0,0.0,0.0,0,0,0
K243743,510(k),2025-04-09,2025,autoSCORE (V 2.0.0),Holberg EEG AS,,,0,0,Neurology,Neurology,OMB,2,882.1400,2024-12-04,126,N,1.489,1.0,1.0,retrospective,A retrospective non-interventional comprehensive clinical validation was performed using de-identified data to evaluate the performance of all autoSCORE features,0,0,,,,544.0,0,0,0,0.0,0.0,0.0,0,0,1
K242295,510(k),2025-04-08,2025,BunkerHill BMD,BunkerHill Health,,,0,0,Radiology,Radiology,KGI,2,892.1170,2024-08-02,249,N,1.492,1.0,1.0,retrospective,achieved a sensitivity of 81.0 (74.0 - 86.8) and specificity of 78.4 (72.3 - 83.7),0,0,,,,545.0,0,0,0,0.0,0.0,0.0,0,0,1
K243567,510(k),2025-04-07,2025,Tyto Insights for Rhonchi Detection,"Tyto Care , Ltd.",,,0,0,Anesthesiology,Other,PHZ,2,868.1900,2024-11-18,140,N,1.495,1.0,1.0,retrospective,Sensitivity (Se) 0.60 (0.50–0.69) Specificity (Sp) 0.99 (0.97–1.00),0,0,,,,546.0,0,0,0,0.0,0.0,0.0,0,0,1
K242807,510(k),2025-04-04,2025,HeartFocus (V.1.1.1),Deski,,,0,0,Radiology,Radiology,QJU,2,892.2100,2024-09-17,199,N,1.503,1.0,1.0,prospective,"Cohen's kappa scores range from 0.699 ... to 0.873 ..., meeting the success criteria",0,0,,,,549.0,0,0,0,0.0,0.0,0.0,0,0,1
K240398,510(k),2025-04-04,2025,"RayStation 2023B, RayPlan 2023B, RayStation 2024A, RayPlan 2024A, RayStation 2024A SP3, RayPlan 2024A SP3",RaySearch Laboratories AB (PUBL),RaySearch Laboratories AB,STO:RAY-B,1,0,Radiology,Radiology,MUJ,2,892.5050,2024-02-09,420,N,1.503,0.0,1.0,retrospective,No Clinical trials were required to demonstrate substantial equivalence.,1,2,2025-08-08,2.0,126.0,126.0,0,1,1,0.0,0.0,1.0,0,0,1
K243769,510(k),2025-04-04,2025,QFR (3.0),QFR Solutions bv,,,0,0,Radiology,Radiology,QHA,2,892.1600,2024-12-06,119,N,1.503,1.0,0.0,none,96% of the patient studies showing the RCA were selected correctly,0,0,,,,549.0,0,0,0,0.0,0.0,0.0,0,0,1
K241982,510(k),2025-04-04,2025,DeepFoqus (DeepFoqus-Accelerate),Foqus Technologies Inc.,,,0,0,Radiology,Radiology,QIH,2,892.2050,2024-07-05,273,N,1.503,0.0,0.0,none,Radiologists reviewed a sample of diverse accelerated scans... to determine whether the accelerated scans were equivalent to the ground truth,0,0,,,,549.0,0,0,0,0.0,0.0,0.0,0,0,1
K242551,510(k),2025-04-03,2025,syngo Dynamics (Version VA41D),Siemens Healthcare GmbH,Siemens Healthineers AG,XETRA:SHL,1,0,Radiology,Radiology,QIH,2,892.2050,2024-08-27,219,N,1.506,1.0,1.0,retrospective,Auto EF results with the subject device are exceeding all 12 defined acceptance criteria,0,0,,,,550.0,0,0,0,0.0,0.0,0.0,0,0,1
K241984,510(k),2025-04-02,2025,Hi-D Imaging 4TAVR,Hi-D Imaging AG,,,0,0,Radiology,Radiology,QIH,2,892.2050,2024-07-08,268,N,1.509,1.0,1.0,retrospective,929 CT scans of patients... acceptance criteria were set to be >90% accuracy for annulus parameters... percentage agreement with the ground truth data in all annulus parameters were >98%,0,0,,,,551.0,0,0,0,0.0,0.0,0.0,0,0,1
K242925,510(k),2025-04-01,2025,MR Contour DL,GE HealthCare,GE HealthCare Technologies Inc.,SEC:GEHC,1,1,Radiology,Radiology,QKB,2,892.2050,2024-09-24,189,N,1.511,1.0,1.0,prospective,the MR Contour DL generated organ contours are adequate for use in radiotherapy planning,0,0,,,,552.0,0,0,0,0.0,0.0,0.0,0,0,1
K242166,510(k),2025-03-31,2025,TribusConnect,TribusMed Beheer BV,,,0,0,Radiology,Radiology,QIH,2,892.2050,2024-07-24,250,N,1.514,0.0,1.0,retrospective,"Validation studies demonstrated equivalent diagnostic image quality, usability, and accuracy in supported modalities",0,0,,,,553.0,0,0,0,0.0,0.0,0.0,0,0,1
K242745,510(k),2025-03-27,2025,AI-Rad Companion Organs RT,Siemens Healthcare GmbH,Siemens Healthineers AG,XETRA:SHL,1,0,Radiology,Radiology,QKB,2,892.2050,2024-09-11,197,N,1.525,1.0,1.0,retrospective,validated in a retrospective performance study on CT data previously acquired for RT treatment planning (N= 579,0,0,,,,557.0,0,0,0,0.0,0.0,0.0,0,0,1
K243038,510(k),2025-03-27,2025,Salix Central,Artrya Limited,,,0,0,Radiology,Radiology,QIH,2,892.2050,2024-09-27,181,N,1.525,1.0,1.0,retrospective,Salix Central performance exceeded all the pre-defined acceptance criteria for all validation tests,0,0,,,,557.0,0,0,0,0.0,0.0,0.0,0,0,1
K242919,510(k),2025-03-27,2025,V5med Lung AI,V5med Inc.,,,0,0,Radiology,Radiology,OEB,2,892.2050,2024-09-24,184,N,1.525,1.0,1.0,prospective,"a significant increase in the AUC (Aided-Unaided: 0.0959, 95%CI: (0.0586, 0.1332))",0,0,,,,557.0,0,0,0,0.0,0.0,0.0,0,0,1
K243891,510(k),2025-03-26,2025,EarliPoint System,EarliTec Diagnostics,,,0,0,Neurology,Neurology,QPF,2,882.1491,2024-12-18,98,N,1.528,1.0,1.0,prospective,All patients were evaluated for ASD by both the EarliPoint system and by expert clinician diagnosis,0,0,,,,558.0,0,0,0,0.0,0.0,0.0,0,0,1
K243831,510(k),2025-03-26,2025,Rayvolve LN,AZmed,,,0,0,Radiology,Radiology,MYN,2,892.2070,2024-12-13,103,N,1.528,1.0,1.0,prospective,Reader AUC improved from 0.8071 to 0.8583 (a difference of 0.0511),0,0,,,,558.0,0,0,0,0.0,0.0,0.0,0,0,1
K243808,510(k),2025-03-21,2025,Rayvolve PTX-PE,AZmed,,,0,0,Radiology,Radiology,QFM,2,892.2080,2024-12-11,100,N,1.541,1.0,1.0,retrospective,sample size was composed of 1000 radiographs in the Pneumothorax group and 1000 radiographs in the Pleural effusion group,0,0,,,,563.0,0,0,0,0.0,0.0,0.0,0,0,1
K250186,510(k),2025-03-21,2025,GoLIF! Lumbar Interbody Fusion System,"GetSet Surgical, SA",,,0,0,Orthopedic,Other,MAX,2,888.3080,2025-01-22,58,N,1.541,0.0,0.0,none,Mechanical testing... Limulus Amebocyte Lysate (LAL) testing was conducted,0,0,,,,563.0,0,0,0,0.0,0.0,0.0,0,0,1
K241961,510(k),2025-03-20,2025,Vent Creativity Knee v1.0 (Hermes),Vent Creativity,,,0,0,Radiology,Radiology,QIH,2,892.2050,2024-07-03,260,N,1.544,,0.0,none,accuracy of the segmentation and subsequent DICE score comparison to previously marketed devices,0,0,,,,564.0,0,0,0,0.0,0.0,0.0,0,0,0
K243292,510(k),2025-03-20,2025,brAIn Shoulder Positioning,Avatar Medical,,,0,0,Radiology,Radiology,LLZ,2,892.2050,2024-10-18,153,N,1.544,1.0,1.0,retrospective,"validated against manual segmentation, meeting a mean Dice Similarity Coefficient (DSC) on the testing set greater than or equal to 0.95",0,0,,,,564.0,0,0,0,0.0,0.0,0.0,0,0,1
K243689,510(k),2025-03-19,2025,AVIEW,"Coreline Soft Co., Ltd.",Listed Korean AI company,KOSDAQ,1,0,Radiology,Radiology,QIH,2,892.2050,2024-11-29,110,N,1.547,0.0,0.0,none,there was no clinical testing required to support the medical device,0,0,,,,565.0,0,0,0,0.0,0.0,0.0,0,0,1
K250042,510(k),2025-03-19,2025,PeekMed web,"Peek Health, S.A.",,,0,0,Radiology,Radiology,QIH,2,892.2050,2025-01-08,70,N,1.547,1.0,0.0,none,"ML models were developed with datasets from multiple sites in a total of 2852 CR datasets, and 1903 CT scans",0,0,,,,565.0,0,0,0,0.0,0.0,0.0,0,0,1
K242683,510(k),2025-03-18,2025,QP-Prostate® CAD,Quibim S.L.,,,0,0,Radiology,Radiology,QDQ,2,892.2090,2024-09-06,193,N,1.55,1.0,1.0,prospective,DAUC (AUC aided - AUC unaided) 0.019...p-value: 0.039...met its primary endpoint,0,0,,,,566.0,0,0,0,0.0,0.0,0.0,0,0,1
K243862,510(k),2025-03-17,2025,LVivo Software Application,DiA Imaging Analysis Ltd.,Koninklijke Philips N.V.,SEC:PHG,1,1,Radiology,Radiology,QIH,2,892.2050,2024-12-16,91,N,1.552,1.0,1.0,retrospective,Specificity and sensitivity of WMSI were 79% and 82% respectively and the accuracy was found to be 82%,0,0,,,,567.0,0,0,0,0.0,0.0,0.0,0,0,1
K250379,510(k),2025-03-17,2025,SIGNA Prime Elite,"GE Medical Systems, LLC",GE HealthCare Technologies Inc.,SEC:GEHC,1,1,Radiology,Radiology,LNH,2,892.1000,2025-02-11,34,N,1.552,0.0,0.0,none,Sample clinical images have been included... demonstrate acceptable diagnostic image performance,0,0,,,,567.0,0,0,0,0.0,0.0,0.0,0,0,1
K241960,510(k),2025-03-14,2025,DeepRESP,Nox Medical ehf,,,0,0,Neurology,Neurology,OLZ,2,882.1400,2024-07-03,254,N,1.561,1.0,1.0,retrospective,the predefined clinical performance criteria of DeepRESP against the primary predicate device and additional predicate device have been met,0,0,,,,570.0,0,0,0,0.0,0.0,0.0,0,0,1
K242323,510(k),2025-03-14,2025,Maestro System (REF100),Moon Surgical,,,0,0,General and Plastic Surgery,Other,QZB,2,876.1500,2024-08-06,220,N,1.561,0.0,0.0,none,Testing described in this 510(k) consisted of verification of the Scopilot input requirements and product specifications,0,0,,,,570.0,0,0,0,0.0,0.0,0.0,0,0,1
K250255,510(k),2025-03-13,2025,xvision Spine system,Augmedics Ltd.,,,0,0,Neurology,Neurology,SBF,2,882.4560,2025-01-28,44,N,1.563,0.0,0.0,none,"additional Form, Fit, and Function (FFF) tests for the modified components",0,0,,,,571.0,0,0,0,0.0,0.0,0.0,0,0,1
K241725,510(k),2025-03-11,2025,Better Diagnostics Caries Assist (BDCA) Version 1.0,Better Diagnostics AI Corp,,,0,0,Radiology,Radiology,MYN,2,892.2070,2024-06-14,270,N,1.569,1.0,1.0,prospective,The BDCA achieved a sensitivity of 89.2%... significantly surpass the predefined performance goals of 0.74 and 0.95,0,0,,,,573.0,0,0,0,0.0,0.0,0.0,0,0,1
K242338,510(k),2025-03-07,2025,Cleerly LABS (v2.0),"Cleerly, Inc.",,,0,0,Radiology,Radiology,QIH,2,892.2050,2024-08-07,212,N,1.58,0.0,0.0,none,No clinical testing was conducted to demonstrate safety or effectiveness,0,0,,,,577.0,0,0,0,0.0,0.0,0.0,0,0,1
K243331,510(k),2025-03-06,2025,LVivo Seamless,DiA Imaging Analysis Ltd.,Koninklijke Philips N.V.,SEC:PHG,1,1,Radiology,Radiology,QIH,2,892.2050,2024-10-24,133,N,1.582,1.0,1.0,retrospective,80% correlation between Ground Truth Biplane EF measurements and automated Biplane EF results,0,0,,,,578.0,0,0,0,0.0,0.0,0.0,0,0,1
K241770,510(k),2025-03-05,2025,Prostate MR AI (VA10A),Siemens Healthcare GmbH,Siemens Healthineers AG,XETRA:SHL,1,0,Radiology,Radiology,QDQ,2,892.2090,2024-06-20,258,N,1.585,1.0,1.0,prospective,the case level sensitivity of the lesion detection is equal or greater than 0.80... All pre-specified criteria for non-clinical testing were therefore met,0,0,,,,579.0,0,0,0,0.0,0.0,0.0,0,0,1
K243933,510(k),2025-03-04,2025,Ceevra Reveal 3+,"Ceevra, Inc.",,,0,0,Radiology,Radiology,QIH,2,892.2050,2024-12-20,74,N,1.588,1.0,0.0,none,A total of 133 imaging studies were used to evaluate the device,0,0,,,,580.0,0,0,0,0.0,0.0,0.0,0,0,1
K243235,510(k),2025-03-03,2025,LVivo Software Application,DiA Imaging Analysis Ltd.,Koninklijke Philips N.V.,SEC:PHG,1,1,Radiology,Radiology,QIH,2,892.2050,2024-10-10,144,N,1.591,1.0,1.0,retrospective,"EDV 4CH correlation of r=0.96, CI [0.94, 0.97] was obtained between automated and manual results",0,0,,,,581.0,0,0,0,0.0,0.0,0.0,0,0,1
K243611,510(k),2025-03-03,2025,JLK-SDH,"JLK, Inc.",Listed Korean AI company,KOSDAQ,1,0,Radiology,Radiology,QAS,2,892.2080,2024-11-22,101,N,1.591,1.0,1.0,retrospective,"the sensitivity was 97.1%, with a 95% confidence interval (CI) of 94.4% to 99.4%",0,0,,,,581.0,0,0,0,0.0,0.0,0.0,0,0,1
K241922,510(k),2025-02-28,2025,Myomics,Phantomics Inc.,,,0,0,Radiology,Radiology,QIH,2,892.2050,2024-07-01,242,N,1.599,1.0,1.0,retrospective,All AI performance testing results met pre-defined acceptance criteria... all modules attained an average DICE Score of over 0.7,0,0,,,,584.0,0,0,0,0.0,0.0,0.0,0,0,1
K242798,510(k),2025-02-28,2025,Airmod,Heroic Faith International Ltd.,,,0,0,Anesthesiology,Other,BZQ,2,868.2375,2024-09-16,165,N,1.599,1.0,1.0,retrospective,RMSE value for AirmodTM was found to be 2.689 BPM ... thus meeting the primary outcome,0,0,,,,584.0,0,0,0,0.0,0.0,0.0,0,0,1
K241620,510(k),2025-02-27,2025,ChestView US,Gleamer SAS,,,0,0,Radiology,Radiology,MYN,2,892.2070,2024-06-05,267,N,1.602,1.0,1.0,prospective,"standalone clinical performance study on 3,884 chest radiograph cases... detects ROIs with high Area Under the Curve (AUC)",0,0,,,,585.0,0,0,0,0.0,0.0,0.0,0,0,1
K241546,510(k),2025-02-26,2025,aiCockpit AI Viewer,"Fovia, Inc.",,,0,0,Radiology,Radiology,LLZ,2,892.2050,2024-05-31,271,N,1.604,0.0,0.0,none,,0,0,,,,586.0,0,0,0,0.0,0.0,0.0,0,0,1
K241222,510(k),2025-02-26,2025,Ventripoint Medical System Plus (VMS+) 4.0,Ventripoint Diagnostics Ltd.,Ventripoint Diagnostics Ltd.,TSXV:VPT,1,0,Radiology,Radiology,QIH,2,892.2050,2024-05-01,301,N,1.604,0.0,0.0,none,"the study did not evaluate accuracy of the initial point placed by the AI software, which should only be viewed as a first guess",0,0,,,,586.0,0,0,0,0.0,0.0,0.0,0,0,1
K242967,510(k),2025-02-25,2025,Loss of Pulse Detection,Fitbit,,,0,0,Cardiovascular,Cardiovascular,SDY,2,870.2790,2024-09-26,152,N,1.607,1.0,1.0,prospective,"sensitivity of 69.3% (95% CI: 64.3%, 74.1%)",0,0,,,,587.0,0,0,0,0.0,0.0,0.0,0,0,1
K243446,510(k),2025-02-25,2025,3DXR,GE Medical Systems SCS,GE HealthCare Technologies Inc.,SEC:GEHC,1,1,Radiology,Radiology,OWB,2,892.1650,2024-11-06,111,N,1.607,1.0,1.0,prospective,"In 98% of the cases, the CBCT images reconstructed with CleaRecon DL option are evaluated as clearer",0,0,,,,587.0,0,0,0,0.0,0.0,0.0,0,0,1
K242822,510(k),2025-02-25,2025,ART-Plan+ (v.3.0.0),Therapanacea SAS,,,0,0,Radiology,Radiology,MUJ,2,892.5050,2024-09-18,160,N,1.607,1.0,1.0,retrospective,"all tests passed their respective acceptance criteria, thus showing ART-Plan + v3.0.0 clinical acceptability",0,0,,,,587.0,0,0,0,0.0,0.0,0.0,0,0,1
K242994,510(k),2025-02-24,2025,OncoStudio (OS-01),"OncoSoft. Co., Ltd.",,,0,0,Radiology,Radiology,QKB,2,892.2050,2024-09-26,151,N,1.61,,1.0,retrospective,the mean Dice coefficient (DSC) of structures for each anatomical region ... should meet the established criteria,0,0,,,,588.0,0,0,0,0.0,0.0,0.0,0,0,0
K242838,510(k),2025-02-21,2025,QuickRad,Aikenist Technologies Pvt Ltd,,,0,0,Radiology,Radiology,LLZ,2,892.2050,2024-09-19,155,N,1.618,1.0,0.0,none,demonstrated that QuickRad's angle measurement tool is substantially equivalent to FlexView Diagnostic,0,0,,,,591.0,0,0,0,0.0,0.0,0.0,0,0,1
K242607,510(k),2025-02-21,2025,ScanDiags Ortho L-Spine MR-Q,ScanDiags AG,,,0,0,Radiology,Radiology,QIH,2,892.2050,2024-09-03,171,N,1.618,1.0,1.0,retrospective,device successfully passed the primary ICC acceptance criteria across all structures,0,0,,,,591.0,0,0,0,0.0,0.0,0.0,0,0,1
K243614,510(k),2025-02-21,2025,Sonio Suspect,Sonio,Samsung Electronics Co. Ltd.,KRX:005930,1,0,Radiology,Radiology,POK,2,892.2060,2024-11-22,91,N,1.618,1.0,1.0,prospective,a sensitivity of 93.2% (Confidence Interval of [91.6%-94.6%]) and a specificity of 90.8%,0,0,,,,591.0,0,0,0,0.0,0.0,0.0,0,0,1
K242821,510(k),2025-02-20,2025,EFAI Chestsuite XR Malpositioned ETT Assessment System (ETT-XR-100),"Ever Fortune.AI, Co., Ltd.",,,0,0,Radiology,Radiology,QAS,2,892.2080,2024-09-18,155,N,1.621,1.0,1.0,retrospective,EFAI ETTXR demonstrated a sensitivity and specificity of 0.890 ... and 0.935,0,0,,,,592.0,0,0,0,0.0,0.0,0.0,0,0,1
K242447,510(k),2025-02-20,2025,Falcon HST,Compumedics Limited,,,0,0,Neurology,Neurology,OLV,2,882.1400,2024-08-16,188,Y,1.621,,0.0,none,produces substantially equivalent results for calculating the apnea hypopnea index (AHI) and sleep staging,0,0,,,,592.0,0,0,0,0.0,0.0,0.0,0,0,0
K242240,510(k),2025-02-20,2025,CaRi-Plaque,Caristo Diagnostics Ltd.,,,0,0,Radiology,Radiology,LLZ,2,892.2050,2024-07-30,205,N,1.621,1.0,1.0,retrospective,These results met the predetermined acceptance criteria.,0,0,,,,592.0,0,0,0,0.0,0.0,0.0,0,0,1
K250248,510(k),2025-02-14,2025,BriefCase-Triage,"Aidoc Medical, Ltd.",,,0,0,Radiology,Radiology,QAS,2,892.2080,2025-01-27,18,N,1.637,1.0,1.0,prospective,"Sensitivity was 91.7% (95% CI: 87.5%, 94.9%) and Specificity was 91.4%",0,0,,,,598.0,0,0,0,0.0,0.0,0.0,0,0,1
K243294,510(k),2025-02-14,2025,Brainomix 360 e-ASPECTS,Brainomix Limited,,,0,0,Radiology,Radiology,POK,2,892.2060,2024-10-18,119,N,1.637,1.0,1.0,prospective,"area under the curve (AUC) of 83% (95% CI: 80-86%), with a sensitivity of 69%",0,0,,,,598.0,0,0,0,0.0,0.0,0.0,0,0,1
K243696,510(k),2025-02-14,2025,AVIEW CAC,"Coreline Soft Co., Ltd.",Listed Korean AI company,KOSDAQ,1,0,Radiology,Radiology,QIH,2,892.2050,2024-11-29,77,N,1.637,0.0,0.0,none,there was no clinical testing required to support the medical device,0,0,,,,598.0,0,0,0,0.0,0.0,0.0,0,0,1
K243702,510(k),2025-02-12,2025,V8 Diagnostic Ultrasound System; cV8 Diagnostic Ultrasound System; V7 Diagnostic Ultrasound System; cV7 Diagnostic Ultrasound System; V6 Diagnostic Ultrasound System; cV6 Diagnostic Ultrasound System,"Samsung Medison Co., Ltd.",Samsung Electronics Co. Ltd.,KRX:005930,1,0,Radiology,Radiology,IYN,2,892.1550,2024-11-29,75,N,1.643,1.0,1.0,prospective,"average error rate of FR was 8.31% (95% Confidence Interval: [7.29, 9.34])",0,0,,,,600.0,0,0,0,0.0,0.0,0.0,0,0,1
K243523,510(k),2025-02-12,2025,NAEOTOM Alpha.Peak/ NAEOTOM Alpha; NAEOTOM Alpha.Pro; NAEOTOM Alpha.Prime,"Siemens Medical Solutions USA, Inc.",Siemens Healthineers AG,XETRA:SHL,1,0,Radiology,Radiology,JAK,2,892.1750,2024-11-14,90,N,1.643,1.0,0.0,none,For more than 90% of the ranges no editing action was necessary to cover standard ranges,0,0,,,,600.0,0,1,1,0.0,1.0,0.0,0,0,1
K243250,510(k),2025-02-12,2025,SubtleHD (1.x),"Subtle Medical, Inc.",,,0,0,Radiology,Radiology,QIH,2,892.2050,2024-10-15,120,N,1.643,1.0,1.0,prospective,"SubtleHD performs denoising, in terms of improved SNR, MRI images",0,0,,,,600.0,0,0,0,0.0,0.0,0.0,0,0,1
K243628,510(k),2025-02-11,2025,Vivid T9/Vivid T8,GE Medical Systems Ultrasound and Primary Care Diagnostics,GE HealthCare Technologies Inc.,SEC:GEHC,1,1,Radiology,Radiology,IYN,2,892.1550,2024-11-25,78,N,1.645,0.0,0.0,none,did not require clinical studies to support substantial equivalence,0,0,,,,601.0,0,0,0,0.0,0.0,0.0,0,0,1
K243620,510(k),2025-02-11,2025,Vivid iq,GE Medical Systems Ultrasound and Primary Care Diagnostics,GE HealthCare Technologies Inc.,SEC:GEHC,1,1,Radiology,Radiology,IYN,2,892.1550,2024-11-22,81,N,1.645,0.0,0.0,none,did not require clinical studies to support substantial equivalence,0,0,,,,601.0,0,0,0,0.0,0.0,0.0,0,0,1
K241659,510(k),2025-02-10,2025,Ultrasound Workspace (UWS 6.0),Philips Ultrasound LLC,Koninklijke Philips N.V.,SEC:PHG,1,1,Radiology,Radiology,QIH,2,892.2050,2024-06-10,245,N,1.648,1.0,1.0,retrospective,Lower Confidence Bound for the Pearson's correlation coefficient to be >0.8... meeting the predefined acceptance criteria,0,0,,,,602.0,0,0,0,0.0,0.0,0.0,0,0,1
K243794,510(k),2025-02-06,2025,EPIQ Series Diagnostic Ultrasound System; Affiniti Series Diagnostic Ultrasound System,Philips Ultrasound LLC,Koninklijke Philips N.V.,SEC:PHG,1,1,Radiology,Radiology,IYN,2,892.1550,2024-12-10,58,N,1.659,1.0,1.0,prospective,7127 transthoracic echocardiography (TTE) cardiac clips from 3964 subjects were used for assessment,0,0,,,,606.0,0,0,0,0.0,0.0,0.0,0,0,1
K241593,510(k),2025-02-05,2025,BoneMetrics (US),Gleamer SAS,,,0,0,Radiology,Radiology,QIH,2,892.2050,2024-06-03,247,N,1.662,1.0,1.0,retrospective,Clinical Standalone Performance Study was conducted on a dataset of 345 frontal spine radiographs... Upper bound of the MAE 95% CI < 6.34°,0,0,,,,607.0,0,0,0,0.0,0.0,0.0,0,0,1
K250035,510(k),2025-02-03,2025,Contour ProtégéAI+,MIM Software Inc.,GE HealthCare Technologies Inc.,SEC:GEHC,1,1,Radiology,Radiology,QKB,2,892.2050,2025-01-07,27,N,1.667,1.0,1.0,retrospective,The Contour ProtégéAI+ subject device was evaluated on the test subjects from a pool of 770 images gathered from 32 institutions,0,0,,,,609.0,0,0,0,0.0,0.0,0.0,0,0,1
K243268,510(k),2025-02-03,2025,TipTraQ (TTQ001),PranaQ Pte. Ltd.,,,0,0,Anesthesiology,Other,MNR,2,868.2375,2024-10-15,111,N,1.667,1.0,1.0,retrospective,"Average Root Mean Square (Arms) error was 1.41, which met the predefined acceptance criteria",0,0,,,,609.0,0,0,0,0.0,0.0,0.0,0,0,1
K241292,510(k),2025-01-30,2025,MyShoulder Planner (5.3SSWPL),Medacta International S.A.,,,0,0,Orthopedic,Other,KWS,2,888.3660,2024-05-08,267,N,1.678,0.0,0.0,none,No clinical studies were conducted.,0,0,,,,613.0,0,0,0,0.0,0.0,0.0,0,0,1
K244027,510(k),2025-01-28,2025,SANSA HSAT,Huxley Medical,,,0,0,Anesthesiology,Other,MNR,2,868.2375,2024-12-30,29,N,1.684,0.0,1.0,retrospective,"Software Unit & Integration Testing to test firmware, and Software Verification Testing at the system level to verify the end-to-end functionality",0,0,,,,615.0,0,0,0,0.0,0.0,0.0,0,0,1
K243229,510(k),2025-01-27,2025,Bunkerhill AVC,BunkerHill Health,,,0,0,Radiology,Radiology,JAK,2,892.1750,2024-10-08,111,N,1.687,1.0,1.0,prospective,Bunkerhill AVC met the mean difference and limits of agreement acceptance criteria,0,0,,,,616.0,0,0,0,0.0,0.0,0.0,0,0,1
K243657,510(k),2025-01-24,2025,ClearPoint System (Software Version 3.0),"ClearPoint Neuro, Inc.","ClearPoint Neuro, Inc.",SEC:CLPT,1,1,Neurology,Neurology,HAW,2,882.4560,2024-11-27,58,N,1.695,0.0,1.0,retrospective,Accuracy testing was performed using an MRI scanner to confirm that modifications,0,0,,,,619.0,0,0,0,0.0,0.0,0.0,0,0,1
K244023,510(k),2025-01-24,2025,MAGENTIQ-COLO (ME-APDS),Magentiq Eye LTD,,,0,0,Gastroenterology-Urology,Other,QNP,2,876.1520,2024-12-27,28,N,1.695,1.0,1.0,retrospective,"The algorithm was tested offline on 212 unique full colonoscopy videos, containing 702 polyps",0,0,,,,619.0,0,0,0,0.0,0.0,0.0,0,0,1
K241232,510(k),2025-01-24,2025,Galen Second Read,Ibex Medical Analytics Ltd.,,,0,0,Pathology,Other,QPN,2,864.3750,2024-05-02,267,N,1.695,1.0,1.0,retrospective,Sensitivity 81.0% (69.2%; 92.9%) Specificity 91.6% (90.9%; 92.3%),0,0,,,,619.0,0,0,0,0.0,0.0,0.0,0,0,1
K243158,510(k),2025-01-23,2025,TeraRecon Aorta.CT (1.1.0),"TeraRecon, Inc.",,,0,0,Radiology,Radiology,QIH,2,892.2050,2024-09-30,115,N,1.697,1.0,1.0,retrospective,The lumen segmentation results passed with a mean DICE score of 88%,0,0,,,,620.0,0,0,0,0.0,0.0,0.0,0,0,1
K243350,510(k),2025-01-22,2025,Rapid Neuro3D,"iSchemaView, Inc.",,,0,0,Radiology,Radiology,QIH,2,892.2050,2024-10-28,86,N,1.7,1.0,1.0,retrospective,average Dice Coefficient of 0.89 and an average Hausdorff Distance of 0.44 mm,0,0,,,,621.0,0,0,0,0.0,0.0,0.0,0,0,1
K243955,510(k),2025-01-21,2025,Precision AI Surgical Planning System (PAI-SPS),Precision AI Pty Ltd,,,0,0,Orthopedic,Other,QHE,2,888.3660,2024-12-23,29,N,1.703,0.0,0.0,none,previous cadaver testing and composite bone model testing on the previously cleared device are considered applicable to the subject device,0,0,,,,622.0,0,0,0,0.0,0.0,0.0,0,0,1
K242825,510(k),2025-01-17,2025,Prenuvo Body Composition,Prenuvo,,,0,0,Radiology,Radiology,LNH,2,892.1000,2024-09-18,121,N,1.714,,0.0,none,,0,0,,,,626.0,0,0,0,0.0,0.0,0.0,0,0,0
K242171,510(k),2025-01-17,2025,TechCare Trauma,Milvue,,,0,0,Radiology,Radiology,QBS,2,892.2090,2024-07-24,177,N,1.714,1.0,1.0,prospective,the ROC-AUC was 0.962 [0.957; 0.967] in adults and 0.962 [0.955; 0.969] in pediatrics,0,0,,,,626.0,0,0,0,0.0,0.0,0.0,0,0,1
K241949,510(k),2025-01-17,2025,Digital Color Doppler Ultrasound System (P60 Series),Sonoscape Medical Corp.,,,0,0,Radiology,Radiology,IYN,2,892.1550,2024-07-03,198,N,1.714,1.0,1.0,prospective,The accuracy of the S-Fetus-Recognition is 90.01%... The accuracy of the S-fetus-Measure is 85%,0,0,,,,626.0,0,0,0,0.0,0.0,0.0,0,0,1
K242522,510(k),2025-01-16,2025,Second Opinion CC,Pearl Inc.,,,0,0,Radiology,Radiology,MYN,2,892.2070,2024-08-23,146,N,1.717,1.0,1.0,prospective,lower bound of the 95% CI exceeds the pre-defined clinically justified acceptance criteria of > 0.70,0,0,,,,627.0,0,0,0,0.0,0.0,0.0,0,0,1
K243065,510(k),2025-01-15,2025,Cardiac Guidance,"Caption Health, Inc.",GE HealthCare Technologies Inc.,SEC:GEHC,1,1,Radiology,Radiology,QJU,2,892.2100,2024-09-27,110,N,1.719,0.0,0.0,none,Adds standalone test protocol to enable validation of modified device performance by the intended user groups,0,0,,,,628.0,0,0,0,0.0,0.0,0.0,0,0,1
K241166,510(k),2025-01-14,2025,uCT 550,"Shanghai United Imaging Healthcare Co., Ltd.",Shanghai United Imaging Healthcare,SSE:688271,1,0,Radiology,Radiology,JAK,2,892.1750,2024-04-26,263,N,1.722,1.0,1.0,prospective,The image quality was scored by different board-certified U.S. radiologists to perform a five-point scale evaluation of both image sets,1,1,2026-08-11,,574.0,574.0,0,0,0,0.0,0.0,0.0,0,0,1
K241200,510(k),2025-01-13,2025,SpotLight/SpotLight Duo with Low Dose Lung Cancer Screening Option,Arineta Ltd.,,,0,0,Radiology,Radiology,JAK,2,892.1750,2024-04-30,258,N,1.725,1.0,1.0,retrospective,"all fourteen (14) cases, representing medium and large patient sizes per AAPM guidelines, were evaluated as diagnostic for the indications for use",0,0,,,,630.0,0,0,0,0.0,0.0,0.0,0,0,1
K243950,510(k),2025-01-13,2025,ARVIS® Shoulder,Kico Knee Innovation Company Pty Ltd,,,0,0,Neurology,Neurology,SBF,2,882.4560,2024-12-23,21,N,1.725,0.0,1.0,retrospective,Clinical testing was not required to demonstrate substantial equivalence,1,2,2025-09-19,2.0,249.0,249.0,0,0,0,0.0,0.0,0.0,0,0,1
K241009,510(k),2025-01-10,2025,PeriCALM Patterns 3.0,"PeriGen, Inc.",,,0,0,Obstetrics and Gynecology,Other,HGM,2,884.2740,2024-04-12,273,N,1.733,1.0,1.0,retrospective,PeriCALM Patterns 3.0 passed all acceptance criteria on performance testing regarding pattern detection.,0,0,,,,633.0,0,0,0,0.0,0.0,0.0,0,0,1
K241891,510(k),2025-01-10,2025,ScreenDx,"Imvaria, Inc",,,0,0,Radiology,Radiology,QWO,2,892.2085,2024-06-28,196,N,1.733,1.0,1.0,prospective,Sensitivity and specificity both exceeded the 80% performance goal... sensitivity was observed to be 91.4%... specificity was observed to be 95.2%,0,0,,,,633.0,0,0,0,0.0,0.0,0.0,0,0,1
K241676,510(k),2025-01-10,2025,TriVerity,"Inflammatix, Inc.",,,0,0,Microbiology,Other,PRE,2,866.3215,2024-06-11,213,N,1.733,1.0,1.0,prospective,"1,222 evaluable participants... PPA... NPA... predictive values",0,0,,,,633.0,0,0,0,0.0,0.0,0.0,0,0,1
K243335,510(k),2025-01-07,2025,"Vantage Galan 3T, MRT-3020, V10.0 with AiCE Reconstruction Processing Unit for MR",Canon Medical Systems Corporation,Canon Inc.,SEC:CAJPY,1,1,Radiology,Radiology,LNH,2,892.1000,2024-10-24,75,N,1.741,1.0,0.0,none,"reconstructions were all scored on average at, or above, clinically acceptable",1,1,2025-10-16,2.0,282.0,282.0,0,0,0,0.0,0.0,0.0,0,0,1
K241079,510(k),2025-01-07,2025,uCT 780,"Shanghai United Imaging Healthcare Co., Ltd.",Shanghai United Imaging Healthcare,SSE:688271,1,0,Radiology,Radiology,JAK,2,892.1750,2024-04-19,263,N,1.741,,1.0,prospective,,1,2,2025-09-12,2.0,248.0,248.0,0,0,0,0.0,0.0,0.0,0,0,0
K242488,510(k),2025-01-06,2025,Soteria E-View,"Omega Medical Imaging, LLC",,,0,0,Radiology,Radiology,JAA,2,892.1650,2024-08-21,138,N,1.744,0.0,0.0,none,Non-clinical and Sample clinical images were used to validate image performance,0,0,,,,637.0,0,0,0,0.0,0.0,0.0,0,0,1
K243481,510(k),2025-01-06,2025,TMINI Miniature Robotic System,"THINK Surgical, Inc.",,,0,0,Neurology,Neurology,OLO,2,882.4560,2024-11-08,59,N,1.744,0.0,0.0,none,Cadaver Lab Validation Testing,0,0,,,,637.0,0,0,0,0.0,0.0,0.0,0,0,1
K242123,510(k),2025-01-06,2025,Brainomix 360 e-CTA,Brainomix Limited,,,0,0,Radiology,Radiology,LLZ,2,892.2050,2024-07-19,171,N,1.744,1.0,1.0,retrospective,the Dice Similarity Score is 0.955 reaching for the vessel delineation and 0.999 for the parenchyma mask as the desired requirement,0,0,,,,637.0,0,0,0,0.0,0.0,0.0,0,0,1
K241350,510(k),2025-01-03,2025,Clarify DL,"GE Medical Systems Israel, Functional Imaging",GE HealthCare Technologies Inc.,SEC:GEHC,1,1,Radiology,Radiology,LLZ,2,892.2050,2024-05-13,235,N,1.752,0.0,0.0,none,All readers attested that their assessments of Clarify DL demonstrated acceptable diagnostic results,0,0,,,,640.0,0,0,0,0.0,0.0,0.0,0,0,1
K243363,510(k),2025-01-03,2025,JLK-ICH,"JLK, Inc.",Listed Korean AI company,KOSDAQ,1,0,Radiology,Radiology,QAS,2,892.2080,2024-10-29,66,N,1.752,1.0,1.0,retrospective,the sensitivity was 97.3% with a 95% confidence interval (CI) of 94.8% to 99.5%,0,0,,,,640.0,0,0,0,0.0,0.0,0.0,0,0,1
K241696,510(k),2025-01-02,2025,Ortho AI,Ortho AI LLC,,,0,0,Radiology,Radiology,QIH,2,892.2050,2024-06-12,204,N,1.755,1.0,1.0,retrospective,Overall performance as measured by Dice coefficient shows all connected domains to be above our acceptance criteria of 0.85,0,0,,,,641.0,0,0,0,0.0,0.0,0.0,0,0,1
K242334,510(k),2025-01-02,2025,Ezra Flash,"Ezra AI, Inc.",,,0,0,Radiology,Radiology,QIH,2,892.2050,2024-08-07,148,N,1.755,1.0,0.0,none,SNR of selected region of interests (ROI) in each test dataset is on average improved by ≥ 5%,0,0,,,,641.0,0,0,0,0.0,0.0,0.0,0,0,1
K242480,510(k),2024-12-27,2024,FLASH EVD System (10-0002),7D Surgical ULC,,,0,0,Neurology,Neurology,HAW,2,882.4560,2024-08-21,128,N,1.771,0.0,1.0,retrospective,A clinical trial was not required to demonstrate the safety and effectiveness of FLASH EVD,0,0,,,,647.0,0,0,0,0.0,0.0,0.0,0,0,1
K242403,510(k),2024-12-23,2024,Aquilion ONE (TSX-308A/3) V1.5,Canon Medical Systems Corporation,Canon Inc.,SEC:CAJPY,1,1,Radiology,Radiology,JAK,2,892.1750,2024-08-13,132,N,1.782,0.0,1.0,retrospective,confirmed that the reconstructed images using the subject device were of diagnostic quality,0,0,,,,651.0,0,0,0,0.0,0.0,0.0,0,0,1
K242168,510(k),2024-12-20,2024,Voluson Expert 18; Voluson Expert 20; Voluson Expert 22,GE Medical Systems Ultrasound and Primary care Diagnostics,GE HealthCare Technologies Inc.,SEC:GEHC,1,1,Radiology,Radiology,IYN,2,892.1550,2024-07-24,149,N,1.791,0.0,1.0,retrospective,did not require clinical studies to support substantial equivalence,0,0,,,,654.0,0,0,0,0.0,0.0,0.0,0,0,1
K242362,510(k),2024-12-20,2024,Lightning Viewer,Nexsys Electronics Inc. dba Medweb,,,0,0,Radiology,Radiology,LLZ,2,892.2050,2024-08-09,133,N,1.791,0.0,0.0,none,No clinical performance data was necessary to claim substantial equivalence,0,0,,,,654.0,0,0,0,0.0,0.0,0.0,0,0,1
K243705,510(k),2024-12-19,2024,Saige-Density (2.5.0),"DeepHealth, Inc",RadNet Inc.,SEC:RDNT,1,1,Radiology,Radiology,QIH,2,892.2050,2024-11-29,20,N,1.793,0.0,1.0,retrospective,Validation of the software was performed using a retrospective study as described in K222275,0,0,,,,655.0,0,0,0,0.0,0.0,0.0,0,0,1
K242270,510(k),2024-12-19,2024,OrthoNext Platform System,Orthofix Srl,,,0,0,Radiology,Radiology,QIH,2,892.2050,2024-08-01,140,N,1.793,0.0,1.0,retrospective,"Design verification testing included the following: Payload Capacity, Malformed Input, Force Accuracy",0,0,,,,655.0,0,0,0,0.0,0.0,0.0,0,0,1
K242467,510(k),2024-12-19,2024,IQ-UIP,"Imbio, Inc.",,,0,0,Radiology,Radiology,QWO,2,892.2085,2024-08-20,121,N,1.793,1.0,1.0,retrospective,"the device's AUC ROC is 96.6 [95.4, 97.7] and PPV is 77.9 [73.3, 82.8]",0,0,,,,655.0,0,0,0,0.0,0.0,0.0,0,0,1
K243688,510(k),2024-12-19,2024,Saige-Dx (3.1.0),"DeepHealth, Inc.",RadNet Inc.,SEC:RDNT,1,1,Radiology,Radiology,QDQ,2,892.2090,2024-11-29,20,N,1.793,1.0,1.0,prospective,All tests met the pre-specified performance criteria and the results support the safety and effectiveness,0,0,,,,655.0,0,0,0,0.0,0.0,0.0,0,0,1
K240793,510(k),2024-12-16,2024,MSKai,MSKai,,,0,0,Radiology,Radiology,QIH,2,892.2050,2024-03-22,269,N,1.802,1.0,1.0,prospective,238 MR image studies for 238 patients ... compared to the ground truth defined by 3 neurosurgeons,0,0,,,,658.0,0,0,0,0.0,0.0,0.0,0,0,1
K242020,510(k),2024-12-12,2024,EPIQ Series Diagnostic Ultrasound System; Affiniti Series Diagnostic Ultrasound System,Philips Ultrasound LLC,Koninklijke Philips N.V.,SEC:PHG,1,1,Radiology,Radiology,IYN,2,892.1550,2024-07-11,154,N,1.812,1.0,1.0,retrospective,"results demonstrated high agreement of Auto ElastQ algorithm-generated measurements with manual elastography measurements, meeting the acceptance criteria",0,0,,,,662.0,0,0,0,0.0,0.0,0.0,0,0,1
K243538,510(k),2024-12-12,2024,uMI Panvivo (uMI Panvivo); uMI Panvivo (uMI Panvivo S),"Shanghai United Imaging Healthcare Co.,Ltd.",Shanghai United Imaging Healthcare,SSE:688271,1,0,Radiology,Radiology,KPS,2,892.1200,2024-11-15,27,N,1.812,0.0,0.0,none,Sample clinical images were reviewed by U.S. board-certified radiologist,1,1,2026-08-11,,607.0,607.0,0,0,0,0.0,0.0,0.0,0,0,1
K243548,510(k),2024-12-11,2024,BriefCase-Triage,"Aidoc Medical, Ltd.",,,0,0,Radiology,Radiology,QFM,2,892.2080,2024-11-15,26,N,1.815,1.0,1.0,prospective,"AUC was 97.2% (95% CI: 95.5%-99.0%), Sensitivity was 95.2%",0,0,,,,663.0,0,0,0,0.0,0.0,0.0,0,0,1
K242461,510(k),2024-12-10,2024,IRISeg,Intuitive Surgical Inc.,INTUITIVE SURGICAL INC,SEC:ISRG,1,1,Radiology,Radiology,QIH,2,892.2050,2024-08-19,113,N,1.818,1.0,1.0,retrospective,"Artery DSC [0.87, 0.90] Parenchyma DSC [0.95, 0.97] Vein DSC [0.87, 0.89]",0,0,,,,664.0,0,0,0,0.0,0.0,0.0,0,0,1
K242511,510(k),2024-12-10,2024,"V5 Diagnostic Ultrasound System, H5 Diagnostic Ultrasound System, XV5 Diagnostic Ultrasound System, XH5 Diagnostic Ultrasound System, V4 Diagnostic Ultrasound System, H4 Diagnostic Ultrasound System, XV4 Diagnostic Ultrasound System, XH4 Diagnostic Ultrasound System","Samsung Medison Co., Ltd.",Samsung Electronics Co. Ltd.,KRX:005930,1,0,Radiology,Radiology,IYN,2,892.1550,2024-08-23,109,N,1.818,1.0,1.0,prospective,average recognition accuracy is 93.21% (threshold 89%)...average dice-score is 0.88 (threshold 0.8),0,0,,,,664.0,0,0,0,0.0,0.0,0.0,0,0,1
K242729,510(k),2024-12-09,2024,AutoContour (Model RADAC V4),"Radformation, Inc.",,,0,0,Radiology,Radiology,QKB,2,892.2050,2024-09-10,90,N,1.821,1.0,1.0,retrospective,"All structures passed the minimum DSC criteria for small, medium and large structures",0,0,,,,665.0,0,0,0,0.0,0.0,0.0,0,0,1
K241543,510(k),2024-12-06,2024,DrAid for Liver Segmentation,VinBrain Joint Stock Company,,,0,0,Radiology,Radiology,QIH,2,892.2050,2024-05-31,189,N,1.829,1.0,0.0,none,"Dice score: 0.9649 [0.9631, 0.9667]...meets the aforementioned acceptance requirements",0,0,,,,668.0,0,0,0,0.0,0.0,0.0,0,0,1
K241923,510(k),2024-12-06,2024,EFAI Neurosuite CT Midline Shift Assessment System (MLS-CT-100),"Ever Fortune.AI, Co., Ltd.",,,0,0,Radiology,Radiology,QAS,2,892.2080,2024-07-01,158,N,1.829,1.0,1.0,retrospective,sensitivity and specificity of 0.961... and 0.955... substantially equivalent to the predicate device,0,0,,,,668.0,0,0,0,0.0,0.0,0.0,0,0,1
K240680,510(k),2024-12-06,2024,CDM Insights,Oxford Brain Diagnostics Ltd,,,0,0,Radiology,Radiology,QIH,2,892.2050,2024-03-11,270,N,1.829,1.0,0.0,none,Accuracy of segmentation for brain regions ... was tested against a gold standard ... using a total of 60 cases,0,0,,,,668.0,0,0,0,0.0,0.0,0.0,0,0,1
K240926,510(k),2024-12-06,2024,PeekMed web,"Peek Health, S.A.",,,0,0,Radiology,Radiology,LLZ,2,892.2050,2024-04-04,246,N,1.829,1.0,0.0,none,"ML models ... were also developed, trained, tested, and externally validated for their performance",0,0,,,,668.0,0,0,0,0.0,0.0,0.0,0,0,1
K241197,510(k),2024-12-04,2024,DeepRhythmAI,Medicalgorithmics S.A.,Medicalgorithmics S.A.,WSE:MDG,1,0,Cardiovascular,Cardiovascular,DQK,2,870.1425,2024-04-30,218,N,1.834,,0.0,none,Test results confirm that DeepRhythmAI meets its intended use.,0,0,,,,670.0,0,0,0,0.0,0.0,0.0,0,0,0
K242188,510(k),2024-12-03,2024,ClearRead CT CAC,"Riverain Technologies, Inc.",,,0,0,Radiology,Radiology,JAK,2,892.1750,2024-07-25,131,N,1.837,1.0,1.0,retrospective,Primary endpoint: kappa of 0.959 (95% CI: 0.943-0.975),0,0,,,,671.0,0,0,0,0.0,0.0,0.0,0,0,1
K240645,510(k),2024-11-27,2024,Sonix Health,"Ontact Health Co., Ltd",,,0,0,Radiology,Radiology,QIH,2,892.2050,2024-03-07,265,N,1.854,1.0,1.0,retrospective,"heart images from 335 patients, taken for diagnostic purposes in actual clinical settings",0,0,,,,677.0,0,0,0,0.0,0.0,0.0,0,0,1
K242444,510(k),2024-11-27,2024,HERA W10 Diagnostic Ultrasound System; HERA W9 Diagnostic Ultrasound System,"Samsung Medison Co., Ltd.",Samsung Electronics Co. Ltd.,KRX:005930,1,0,Radiology,Radiology,IYN,2,892.1550,2024-08-16,103,N,1.854,1.0,1.0,prospective,A deep learning based view recognition algorithm was validated using 280 fetal heart images collected at two hospitals,0,0,,,,677.0,0,0,0,0.0,0.0,0.0,0,0,1
K241390,510(k),2024-11-26,2024,NeuroMatch,LVIS Corporation,,,0,0,Neurology,Neurology,OMB,2,882.1400,2024-05-15,195,N,1.856,1.0,1.0,retrospective,"NeuroMatch 75.01 [72.62, 77.57] ... confirming that NeuroMatch is non-inferior to Persyst 14",0,0,,,,678.0,0,0,0,0.0,0.0,0.0,0,0,1
K241831,510(k),2024-11-25,2024,Transpara (2.1.0),ScreenPoint Medical B.V.,,,0,0,Radiology,Radiology,QDQ,2,892.2090,2024-06-25,153,N,1.859,1.0,1.0,retrospective,Exam-based AUC... FFDM 97.4%... DBT 96.9%,0,0,,,,679.0,0,0,0,0.0,0.0,0.0,0,0,1
K242203,510(k),2024-11-22,2024,BriefCase-Quantification,"Aidoc Medical, Ltd.",,,0,0,Radiology,Radiology,QIH,2,892.2050,2024-07-26,119,N,1.867,1.0,1.0,retrospective,"the mean absolute error estimate was below the prespecified performance goal, the study's primary endpoint was achieved",0,0,,,,682.0,0,0,0,0.0,0.0,0.0,0,0,1
K242094,510(k),2024-11-22,2024,Dreem 3S,"Beacon Biosignals, Inc.",,,0,0,Neurology,Neurology,OLZ,2,882.1400,2024-07-17,128,N,1.867,0.0,0.0,none,"No bench testing, animal testing, or clinical testing was performed to support this submission... the same as previously reported for the predicate device (K223539)",0,0,,,,682.0,0,0,0,0.0,0.0,0.0,0,0,1
K242359,510(k),2024-11-20,2024,Strain AI (SAI001),Exo Inc,,,0,0,Radiology,Radiology,QIH,2,892.2050,2024-08-09,103,N,1.873,1.0,1.0,retrospective,GlobalLongitudinalStrain(GLS) 0.95(0.91–0.97) 2.76(2.44–3.17),0,0,,,,684.0,0,0,0,0.0,0.0,0.0,0,0,1
K242523,510(k),2024-11-19,2024,ACUSON Sequoia Diagnostic Ultrasound System; ACUSON Sequoia Select Diagnostic Ultrasound System; ACUSON Origin Diagnostic Ultrasound System; ACUSON Origin ICE Diagnostic Ultrasound System,"Siemens Medical Solutions USA, Inc.",Siemens Healthineers AG,XETRA:SHL,1,0,Radiology,Radiology,IYN,2,892.1550,2024-08-23,88,N,1.875,1.0,1.0,retrospective,"the lower 90% confidence bound for the 90th percentile is 0.95, which is greater than the requirement of 0.8, therefore, the test passes",0,0,,,,685.0,0,0,0,0.0,0.0,0.0,0,0,1
K241633,510(k),2024-11-18,2024,Informed Vital Core Application (IVC App),"Mindset Medical, Inc.",,,0,0,Cardiovascular,Cardiovascular,QME,2,870.2785,2024-06-06,165,N,1.878,1.0,1.0,prospective,The hypothesis that the IVC App can measure PR within ± 3 BPM ARMS is accepted,0,0,,,,686.0,0,0,0,0.0,0.0,0.0,0,0,1
K241747,510(k),2024-11-18,2024,Saige-Dx,"DeepHealth, Inc",RadNet Inc.,SEC:RDNT,1,1,Radiology,Radiology,QDQ,2,892.2090,2024-06-18,153,N,1.878,1.0,1.0,prospective,Performance testing concluded that the subject device met the pre-specified performance criteria,0,0,,,,686.0,0,0,0,0.0,0.0,0.0,0,0,1
K242130,510(k),2024-11-15,2024,Koios DS,"Koios Medical, Inc.",,,0,0,Radiology,Radiology,POK,2,892.2060,2024-07-22,116,N,1.886,1.0,1.0,prospective,"System performance on the 900 cases reported an AUC of 94.5%, with a Sensitivity of 0.976",0,0,,,,689.0,0,0,0,0.0,0.0,0.0,0,0,1
K241439,510(k),2024-11-15,2024,VUNO Med-Chest X-ray Triage/VUNO Med-CXR Link Triage,Vuno Inc.,Listed Korean AI company,KOSDAQ,1,0,Radiology,Radiology,QFM,2,892.2080,2024-05-21,178,N,1.886,1.0,1.0,retrospective,"Both pneumothorax and pleural effusion exceed the acceptance criteria, with ROC AUC values of 0.95",0,0,,,,689.0,0,0,0,0.0,0.0,0.0,0,0,1
K242800,510(k),2024-11-15,2024,The 5000 Compact Series Ultrasound Systems,Philips Ultrasound LLC,Koninklijke Philips N.V.,SEC:PHG,1,1,Radiology,Radiology,IYN,2,892.1550,2024-09-17,59,N,1.886,1.0,1.0,prospective,All measurement detectors met the acceptance criteria informed by clinical literature,0,0,,,,689.0,0,0,0,0.0,0.0,0.0,0,0,1
K242062,510(k),2024-11-15,2024,1CMR Pro,Mycardium AI Limited,,,0,0,Radiology,Radiology,LLZ,2,892.2050,2024-07-15,123,N,1.886,1.0,1.0,retrospective,AI vs. Truther overall DICE scores averaged 0.90 compared to Truther vs. Truther DICE scores average 0.89,0,0,,,,689.0,0,0,0,0.0,0.0,0.0,0,0,1
K240860,510(k),2024-11-15,2024,EchoGo Amyloidosis (1.0),Ultromics Limited,,,0,0,Cardiovascular,Cardiovascular,SDJ,2,870.2200,2024-03-28,232,N,1.886,1.0,1.0,retrospective,"a sensitivity of 84.5% (95% CI: 80.3%, 88.5%), a specificity of 89.7%",0,0,,,,689.0,0,0,0,0.0,0.0,0.0,0,0,1
K242342,510(k),2024-11-14,2024,Fetal EchoScan,BrightHeart,,,0,0,Radiology,Radiology,POK,2,892.2060,2024-08-07,99,N,1.889,1.0,1.0,prospective,validated with a dataset of 877 clinically acquired fetal ultrasound exams during the 2nd trimester of pregnancy,0,0,,,,690.0,0,0,0,0.0,0.0,0.0,0,0,1
K240417,510(k),2024-11-08,2024,ProFound Detection (V4.0),"iCAD, Inc.",RadNet Inc.,SEC:RDNT,1,1,Radiology,Radiology,QDQ,2,892.2090,2024-02-13,269,N,1.906,1.0,1.0,retrospective,952 cases meeting the inclusion and exclusion criteria for this study that were retrospectively collected,0,0,,,,696.0,0,0,0,0.0,0.0,0.0,0,0,1
K241719,510(k),2024-11-07,2024,NeuroICH,Neurocareai Inc.,,,0,0,Radiology,Radiology,QAS,2,892.2080,2024-06-14,146,N,1.908,1.0,1.0,retrospective,Sensitivity and specificity on the primary dataset were observed to be 94.81%... met the pre-specified performance goals of 80%,0,0,,,,697.0,0,0,0,0.0,0.0,0.0,0,0,1
K240712,510(k),2024-11-07,2024,icobrain aria,icometrix NV,,,0,0,Radiology,Radiology,QBS,2,892.2090,2024-03-15,237,N,1.908,1.0,1.0,prospective,"The standalone software had a sensitivity of 0.94 (95% CI [0.90, 0.98]), specificity 0.67",0,0,,,,697.0,0,0,0,0.0,0.0,0.0,0,0,1
K241312,510(k),2024-11-05,2024,TeraRecon Cardiac.Chambers.MR (1.0.0),"TeraRecon,Inc.",,,0,0,Radiology,Radiology,QIH,2,892.2050,2024-05-09,180,N,1.914,1.0,1.0,retrospective,"the LV Myocardium mean DICE scores for were within the acceptance criteria at 0.82 (0.81,0.83)",0,0,,,,699.0,0,0,0,0.0,0.0,0.0,0,0,1
K241108,510(k),2024-10-30,2024,RemedyLogic AI MRI Lumbar Spine Reader,Remedy Logic Inc.,,,0,0,Radiology,Radiology,QIH,2,892.2050,2024-04-22,191,N,1.93,1.0,1.0,prospective,compared the RAI software outputs to the ground truth defined by five (5) radiologists on segmentations and measurements,0,0,,,,705.0,0,0,0,0.0,0.0,0.0,0,0,1
K243189,510(k),2024-10-25,2024,TumorSight Viz,"SimBioSys, Inc.",,,0,0,Radiology,Radiology,QIH,2,892.2050,2024-09-30,25,N,1.944,1.0,1.0,retrospective,"We found that all tests met the acceptance criteria, demonstrating adequate performance",0,0,,,,710.0,0,0,0,0.0,0.0,0.0,0,0,1
K242215,510(k),2024-10-25,2024,Neurophet AQUA (V3.1),"Neurophet, Inc.",,,0,0,Radiology,Radiology,QIH,2,892.2050,2024-07-29,88,N,1.944,1.0,1.0,retrospective,"evaluated using Dice's coefficient metric, which exceeds 0.80",0,0,,,,710.0,0,0,0,0.0,0.0,0.0,0,0,1
K243209,510(k),2024-10-22,2024,nordicMEDiVA,NordicNeurolab AS,,,0,0,Radiology,Radiology,LLZ,2,892.2050,2024-10-01,21,Y,1.952,1.0,1.0,retrospective,DSC was confirmed to be the same as the reference device ... with acceptance criteria being greater than or equal to 0.8,0,0,,,,713.0,0,0,0,0.0,0.0,0.0,0,0,1
K241490,510(k),2024-10-18,2024,Contour+ (MVision AI Segmentation),MVision AI Oy,,,0,0,Radiology,Radiology,QKB,2,892.2050,2024-05-24,147,N,1.963,1.0,1.0,retrospective,calculating similarity scores DSC (Dice Score) and S-DSC@2mm...ROI acceptance criteria are based on a set level of minimum agreement,0,0,,,,717.0,0,0,0,0.0,0.0,0.0,0,0,1
K242837,510(k),2024-10-18,2024,BriefCase-Triage,"Aidoc Medical, Ltd.",,,0,0,Radiology,Radiology,QAS,2,892.2080,2024-09-19,29,N,1.963,1.0,1.0,prospective,"Sensitivity was 92.1% ... and Specificity was 92.6% ..., exceeded the 80% performance goal",0,0,,,,717.0,0,0,0,0.0,0.0,0.0,0,0,1
K241242,510(k),2024-10-17,2024,SIGNA MAGNUS,"GE Medical Systems, LLC",GE HealthCare Technologies Inc.,SEC:GEHC,1,1,Radiology,Radiology,LNH,2,892.1000,2024-05-03,167,N,1.966,0.0,0.0,none,Sample clinical images have been included in this submission.,0,0,,,,718.0,0,0,0,0.0,0.0,0.0,0,0,1
K240408,510(k),2024-10-17,2024,REMI-AI Rapid Detection Module (REMI-AI RDM),"Epitel, Inc",,,0,0,Neurology,Neurology,OMB,2,882.1400,2024-02-09,251,N,1.966,1.0,1.0,retrospective,REMI-AI RDM clinical validation testing demonstrated that REMI-AI RDM achieved Event-Level Sensitivity > 70%,0,0,,,,718.0,0,0,0,0.0,0.0,0.0,0,0,1
K241481,510(k),2024-10-16,2024,xvision Spine System,Augmedics Ltd.,,,0,0,Neurology,Neurology,SBF,2,882.4560,2024-05-24,145,N,1.969,1.0,0.0,none,performance of the segmentation algorithm was validated on a set of CT scans by comparing it with manual segmentations...mean Dice coefficient was calculated,0,0,,,,719.0,0,0,0,0.0,0.0,0.0,0,0,1
K242781,510(k),2024-10-15,2024,cvi42 Software Application,Circle Cardiovascular Imaging Inc.,,,0,0,Radiology,Radiology,QIH,2,892.2050,2024-09-16,29,N,1.971,1.0,1.0,retrospective,"the ML-based model is capable of segmenting the LV cavity with less than 10% difference in MAE, a Dice coefficient above 86%",0,0,,,,720.0,0,0,0,0.0,0.0,0.0,0,0,1
K241971,510(k),2024-10-11,2024,"HERA Z20, R20, HERA Z30, R30 Diagnostic Ultrasound System","Samsung Medison Co., Ltd.",Samsung Electronics Co. Ltd.,KRX:005930,1,0,Radiology,Radiology,IYN,2,892.1550,2024-07-05,98,N,1.982,1.0,1.0,prospective,"A deep learning based quality assessment algorithm was validated using 3,900 fetal ultrasound images... average Cohen's kappa coefficient is 0.818 (threshold 0.7)",0,0,,,,724.0,0,0,0,0.0,0.0,0.0,0,0,1
K241430,510(k),2024-10-10,2024,EchoMeasure,iCardio.ai,,,0,0,Radiology,Radiology,QIH,2,892.2050,2024-05-21,142,N,1.985,1.0,1.0,prospective,estimated worst-case BLRSC was above a certain threshold ... validated to meet the predetermined accuracy limits,0,0,,,,725.0,0,0,0,0.0,0.0,0.0,0,0,1
K241837,510(k),2024-10-09,2024,Limbus Contour,Limbus AI Inc.,,,0,0,Radiology,Radiology,QKB,2,892.2050,2024-06-25,106,N,1.988,1.0,1.0,prospective,a set of at least 10 patient scans is used for testing... Test DSC Threshold... Passed,0,0,,,,726.0,0,0,0,0.0,0.0,0.0,0,0,1
K240980,510(k),2024-10-07,2024,EPIQ Series Diagnostic Ultrasound System,Philips Ultrasound LLC,Koninklijke Philips N.V.,SEC:PHG,1,1,Radiology,Radiology,IYN,2,892.1550,2024-04-10,180,N,1.993,1.0,1.0,retrospective,The results of the primary endpoint analysis demonstrated high agreement of the automated performance of the 3D Auto TV software,0,0,,,,728.0,0,0,0,0.0,0.0,0.0,0,0,1
K241029,510(k),2024-10-07,2024,SpineUs System,Verdure Imaging,,,0,0,Radiology,Radiology,IYO,2,892.1560,2024-04-15,175,N,1.993,1.0,1.0,retrospective,Clinical performance testing was performed on the Testing Dataset by three different observers measuring scoliosis angle,0,0,,,,728.0,0,0,0,0.0,0.0,0.0,0,0,1
K242652,510(k),2024-10-04,2024,Lunit INSIGHT DBT v1.1,Lunit Inc.,Lunit Inc.,KOSDAQ:328130,1,0,Radiology,Radiology,QDQ,2,892.2090,2024-09-04,30,N,2.001,1.0,1.0,retrospective,AUROC in the standalone performance analysis was 0.931...exceeded the acceptance criteria,0,0,,,,731.0,0,0,0,0.0,0.0,0.0,0,0,1
K241245,510(k),2024-10-04,2024,EchoSolv AS,Echo IQ Ltd,,,0,0,Radiology,Radiology,POK,2,892.2060,2024-05-03,154,N,2.001,1.0,1.0,prospective,The EchoSolv AS model achieved a native system performance of 0.948 (95% CI: 0.943-0.952) AUROC,0,0,,,,731.0,0,0,0,0.0,0.0,0.0,0,0,1
K240553,510(k),2024-10-04,2024,LVivo Software Application,DiA Imaging Analysis Ltd.,Koninklijke Philips N.V.,SEC:PHG,1,1,Radiology,Radiology,QIH,2,892.2050,2024-02-28,219,N,2.001,1.0,1.0,retrospective,Specificity and sensitivity using cutoff value of 28% were 85% and 85% respectively,0,0,,,,731.0,0,0,0,0.0,0.0,0.0,0,0,1
K242005,510(k),2024-10-02,2024,Versana Premier; Versana Premier Lotus; LOGIQ F,GE Medical Systems Ultrasound and Primary Care Diagnostics,GE HealthCare Technologies Inc.,SEC:GEHC,1,1,Radiology,Radiology,IYN,2,892.1550,2024-07-09,85,N,2.007,0.0,0.0,none,,1,1,2025-05-16,2.0,226.0,226.0,0,0,0,0.0,0.0,0.0,0,0,1
K241561,510(k),2024-10-02,2024,MammoScreen BD,Therapixel,,,0,0,Radiology,Radiology,QIH,2,892.2050,2024-05-31,124,N,2.007,1.0,1.0,retrospective,"MammoScreen BD achieved a quadratically-weighted Cohen's kappa of 89.03, 95% confidence interval [87.43 – 90.56]",0,0,,,,733.0,0,0,0,0.0,0.0,0.0,0,0,1
K240943,510(k),2024-10-01,2024,LungVision,BodyVision Medical Ltd.,,,0,0,Radiology,Radiology,QIH,2,892.2050,2024-04-05,179,N,2.01,1.0,1.0,retrospective,The mean accuracy calculated for 191 cases is 5.34 mm with 3.32 mm std,0,0,,,,734.0,0,0,0,0.0,0.0,0.0,0,0,1
K241331,510(k),2024-10-01,2024,MuscleView,"Springbok, Inc.",,,0,0,Radiology,Radiology,LNH,2,892.1000,2024-05-10,144,N,2.01,1.0,1.0,retrospective,segmentation performance and derived metrics of all ROIs passed the predetermined acceptance criteria,0,0,,,,734.0,0,0,0,0.0,0.0,0.0,0,0,1
K240993,510(k),2024-09-27,2024,encevis (2.1),AIT Austrian Institute of Technology GmbH,,,0,0,Neurology,Neurology,OMB,2,882.1400,2024-04-11,169,N,2.021,1.0,1.0,prospective,average patient-wise positive percentage agreement of the 46 subjects with at least one “true seizure” event resulted in 97.6%,0,0,,,,738.0,0,0,0,0.0,0.0,0.0,0,0,1
K240369,510(k),2024-09-27,2024,CAC (gated) Algorithm,BunkerHill Health,,,0,0,Radiology,Radiology,JAK,2,892.1750,2024-02-07,233,N,2.021,,0.0,none,,0,0,,,,738.0,0,0,0,0.0,0.0,0.0,0,0,0
K241480,510(k),2024-09-27,2024,JBS-LVO,"JLK, Inc.",Listed Korean AI company,KOSDAQ,1,0,Radiology,Radiology,QAS,2,892.2080,2024-05-24,126,N,2.021,1.0,1.0,retrospective,sensitivity was 91.8%...The specificity was 92.8%...AUC was 95.6%,0,0,,,,738.0,0,0,0,0.0,0.0,0.0,0,0,1
K242292,510(k),2024-09-24,2024,uAI Easy Triage ICH,"Shanghai United Imaging Intelligence Co., Ltd.",United Imaging Intelligence,,0,0,Radiology,Radiology,QAS,2,892.2080,2024-08-02,53,N,2.029,1.0,1.0,retrospective,the sensitivity and specificity of uAI Easy Triage ICH are 92% (95% CI: 86%-96%) and 95%,0,0,,,,741.0,0,0,0,0.0,0.0,0.0,0,0,1
K240013,510(k),2024-09-23,2024,EchoGo Heart Failure (2.0),Ultromics Limited,,,0,0,Cardiovascular,Cardiovascular,QUO,2,870.2200,2024-01-02,265,N,2.031,1.0,1.0,retrospective,"sensitivity of 90.3% (95% CI: 88.5, 92.4%) and a specificity of 86.1% (95% CI: 83.4, 88.3%)",0,0,,,,742.0,0,0,0,0.0,0.0,0.0,0,0,1
P140011/S008,PMA,2024-09-23,2024,MAMMOMAT B.brilliant with Tomosynthesis Option,"SIEMENS MEDICAL SOLUTIONS USA, INC.",Siemens Healthineers AG,XETRA:SHL,1,0,Radiology,Radiology,OTE,3,,2024-02-29,207,,2.031,,,not_available,,0,0,,,,742.0,1,0,0,0.0,0.0,0.0,0,1,0
K240036,510(k),2024-09-20,2024,PIUR tUS Infinity,PIUR Imaging GmbH,,,0,0,Radiology,Radiology,QIH,2,892.2050,2024-01-05,259,N,2.04,1.0,1.0,retrospective,"196 male and female patients (US, Europe & Brazil) across multiple ethnicities ... Weighted Cohen's Kappa coefficient",0,0,,,,745.0,0,0,0,0.0,0.0,0.0,0,0,1
K240929,510(k),2024-09-13,2024,Sleep Apnea Notification Feature (SANF),Apple Inc.,Apple Inc.,SEC:AAPL,1,1,Anesthesiology,Other,QZW,2,868.2378,2024-04-04,162,N,2.059,1.0,1.0,prospective,The sensitivity of notifications for subjects with moderate-to-severe sleep apnea ... was 66.3%,0,0,,,,752.0,0,0,0,0.0,0.0,0.0,0,0,1
K241280,510(k),2024-09-12,2024,Constellation (CON-001),"Q Bio, Inc.",,,0,0,Radiology,Radiology,QIH,2,892.2050,2024-05-07,128,N,2.062,,1.0,retrospective,,0,0,,,,753.0,0,0,0,0.0,0.0,0.0,0,0,0
K240942,510(k),2024-09-12,2024,CINA-CSpine,Avicenna.AI,,,0,0,Radiology,Radiology,QAS,2,892.2080,2024-04-05,160,N,2.062,1.0,1.0,retrospective,the global Sensitivity and Specificity were found to be 90.3% ... and 91.9%,0,0,,,,753.0,0,0,0,0.0,0.0,0.0,0,0,1
K241582,510(k),2024-09-12,2024,"Aplio i900/i800/i700 Diagnostic Ultrasound System, Software V7.0 (TUS-AI900, TUS-AI800, TUS-AI700)",Canon Medical Systems Corporation,Canon Inc.,SEC:CAJPY,1,1,Radiology,Radiology,IYN,2,892.1550,2024-06-03,101,N,2.062,1.0,1.0,retrospective,"Auto Plane Detection achieved these criteria for each of the four views, with an average pass rate of 97%",0,0,,,,753.0,0,0,0,0.0,0.0,0.0,0,0,1
K241380,510(k),2024-09-11,2024,FETOLY-HEART,Diagnoly,,,0,0,Radiology,Radiology,IYN,2,892.1550,2024-05-15,119,N,2.064,1.0,1.0,retrospective,sensitivity ≥ 85% (acceptance criterion) and specificity ≥ 85% (acceptance criterion),0,0,,,,754.0,0,0,0,0.0,0.0,0.0,0,0,1
K240094,510(k),2024-09-10,2024,LumiNE US; Lumi,Augmedit B.V.,,,0,0,Radiology,Radiology,QIH,2,892.2050,2024-01-12,242,N,2.067,1.0,1.0,retrospective,independent U.S. test dataset of MRI-T1 scans ... each scan belonging to a unique patient ... totally above the established criterium,0,0,,,,755.0,0,0,0,0.0,0.0,0.0,0,0,1
K240791,510(k),2024-09-09,2024,ADAS 3D,Adas3D Medical S.L,,,0,0,Radiology,Radiology,QIH,2,892.2050,2024-03-22,171,N,2.07,1.0,1.0,retrospective,LV DC 0.93 0.92 0.94 0.84 yes,0,0,,,,756.0,0,0,0,0.0,0.0,0.0,0,0,1
K241681,510(k),2024-09-09,2024,Overjet Image Enhancement Assist,Overjet Inc,,,0,0,Radiology,Radiology,QIH,2,892.2050,2024-06-11,90,N,2.07,1.0,0.0,none,a Likert expert clinical evaluation. All tests passed successfully,0,0,,,,756.0,0,0,0,0.0,0.0,0.0,0,0,1
K240697,510(k),2024-09-09,2024,"See-Mode Augmented Reporting Tool, Thyroid (SMART-T)",See-Mode Technologies Pte. Ltd.,,,0,0,Radiology,Radiology,QDQ,2,892.2090,2024-03-14,179,N,2.07,1.0,1.0,prospective,"18 radiologists read 600 cases from 600 patients twice, once with the aid of the device and once without",0,0,,,,756.0,0,0,0,0.0,0.0,0.0,0,0,1
K240411,510(k),2024-09-06,2024,uAI Portal,"Shanghai United Imaging Intelligence Co., Ltd.",United Imaging Intelligence,,0,0,Radiology,Radiology,QIH,2,892.2050,2024-02-12,207,N,2.078,1.0,1.0,retrospective,The algorithm testing of uAI Portal has been performed using 150 images collected from US,0,0,,,,759.0,0,0,0,0.0,0.0,0.0,0,0,1
K233998,510(k),2024-09-05,2024,TRAQinform IQ,"AIQ Global, Inc.",,,0,0,Radiology,Radiology,LLZ,2,892.2050,2023-12-18,262,N,2.081,1.0,1.0,prospective,"panel agreed with the device classification ... in 37/53=70%, 18/26=70%, 11/13=85%, 5/8 (63%), and 10/11 (90%) ROIs",0,0,,,,760.0,0,0,0,0.0,0.0,0.0,0,0,1
K233977,510(k),2024-09-04,2024,Velacur,Sonic Incytes,,,0,0,Radiology,Radiology,IYO,2,892.1560,2023-12-18,261,N,2.084,1.0,1.0,prospective,The final correlation coefficient [95% CI] in the validation cohort was 0.85 [0.77-0.91]. The AUC [95% CI] for detection of 5% steatosis...was 0.97,0,0,,,,761.0,0,0,0,0.0,0.0,0.0,0,0,1
K240003,510(k),2024-08-30,2024,Velmeni for Dentists (V4D),Velmeni Inc.,,,0,0,Radiology,Radiology,MYN,2,892.2070,2024-01-02,241,N,2.097,1.0,1.0,prospective,"Lesion-Level Sensitivity for Caries ... Bitewing Views 72.8% (68.0%, 77.4%)",0,0,,,,766.0,0,0,0,0.0,0.0,0.0,0,0,1
K241847,510(k),2024-08-30,2024,Imbio PHA (4.0.0),"Imbio, Inc",,,0,0,Radiology,Radiology,QIH,2,892.2050,2024-06-26,65,N,2.097,,0.0,none,,0,0,,,,766.0,0,0,0,0.0,0.0,0.0,0,0,0
K241585,510(k),2024-08-30,2024,uMI Panorama,"Shanghai United Imaging Healthcare Co.,Ltd.",Shanghai United Imaging Healthcare,SSE:688271,1,0,Radiology,Radiology,KPS,2,892.1200,2024-06-03,88,N,2.097,0.0,1.0,retrospective,Clinical evaluation concluded the image quality of PET attenuated with AIEFOV provides sufficient diagnostic confidence,1,1,2026-08-11,,711.0,711.0,0,0,0,0.0,0.0,0.0,0,0,1
K242300,510(k),2024-08-30,2024,MI View&GO,"Siemens Medical Solutions USA, Inc.",Siemens Healthineers AG,XETRA:SHL,1,0,Radiology,Radiology,QIH,2,892.2050,2024-08-02,28,N,2.097,0.0,0.0,none,did not conduct any additional performance testing,0,0,,,,766.0,0,0,0,0.0,0.0,0.0,0,0,1
K242275,510(k),2024-08-30,2024,syngo.via MI Workflows; Scenium; syngo MBF,"Siemens Medical Solutions USA, Inc.",Siemens Healthineers AG,XETRA:SHL,1,0,Radiology,Radiology,QIH,2,892.2050,2024-08-01,29,N,2.097,1.0,1.0,retrospective,the ROC analysis yielded excellent agreement with visual-based classification with an area under the ROC curve of 0.9872,0,0,,,,766.0,0,0,0,0.0,0.0,0.0,0,0,1
K233826,510(k),2024-08-29,2024,Kosmos,"EchoNous, Inc.",,,0,0,Radiology,Radiology,IYN,2,892.1550,2023-12-01,272,N,2.1,,0.0,none,,0,0,,,,767.0,0,0,0,0.0,0.0,0.0,0,0,0
K241684,510(k),2024-08-27,2024,Overjet Charting Assist,"Overjet, Inc",,,0,0,Radiology,Radiology,QIH,2,892.2050,2024-06-11,77,N,2.105,0.0,0.0,none,"no additional performance testing was conducted, and the existing data from the previous testing remains applicable",0,0,,,,769.0,0,0,0,0.0,0.0,0.0,0,0,1
K241098,510(k),2024-08-22,2024,NeuroQuant,"CorTechs Labs, Inc.",,,0,0,Radiology,Radiology,QIH,2,892.2050,2024-04-22,122,N,2.119,1.0,1.0,retrospective,"achieving a mean Dice Similarity Coefficient (DSC) of 0.70 with a standard deviation of 0.14, surpassing the acceptance criteria",0,0,,,,774.0,0,0,0,0.0,0.0,0.0,0,0,1
K240290,510(k),2024-08-21,2024,AiMIFY (1.x),"Subtle Medical, Inc.",,,0,0,Radiology,Radiology,LLZ,2,892.2050,2024-02-01,202,N,2.122,1.0,1.0,prospective,"Contrast-to-Noise Ratio (CNR) was determined to be 559.94% across all 95 cases, and 831.70% for the 57 lesion-only cases",0,0,,,,775.0,0,0,0,0.0,0.0,0.0,0,0,1
K241496,510(k),2024-08-20,2024,"Vantage Galan 3T, MRT-3020, V10.0 with AiCE Reconstruction Processing Unit for MR",Canon Medical Systems Corporation,Canon Inc.,SEC:CAJPY,1,1,Radiology,Radiology,LNH,2,892.1000,2024-05-28,84,N,2.125,0.0,0.0,none,"Bench testing included velocity measurement in a phantom with known flow values. Additionally, images in volunteers demonstrated velocity stream lines",0,0,,,,776.0,0,0,0,0.0,0.0,0.0,0,0,1
K240200,510(k),2024-08-20,2024,HYDROS Robotic System; HYDROS TRUS Probe; HYDROS Handpiece,Procept BioRobotics,PROCEPT BioRobotics Corp,SEC:PRCT,1,1,General and Plastic Surgery,Other,PZP,2,876.4350,2024-01-25,208,N,2.125,0.0,0.0,none,Design validation included simulated use testing and cadaver testing.,0,0,,,,776.0,0,156,1,5.0,80.0,69.0,0,0,1
K241440,510(k),2024-08-19,2024,HealthCCSng,Nano-X AI Ltd.,,,0,0,Radiology,Radiology,JAK,2,892.1750,2024-05-21,90,N,2.127,1.0,1.0,retrospective,"overall agreement...of 89.46% (95% CI: [86.15%, 92.21%])...the acceptance criterion met",0,0,,,,777.0,0,0,0,0.0,0.0,0.0,0,0,1
K240740,510(k),2024-08-16,2024,qCT LN Quant,Qure.ai Technologies,,,0,0,Radiology,Radiology,QIH,2,892.2050,2024-03-18,151,N,2.136,1.0,1.0,prospective,216 solid nodules identified from a total of 118 chest CT scans from 104 subjects,0,0,,,,780.0,0,0,0,0.0,0.0,0.0,0,0,1
K233755,510(k),2024-08-16,2024,HeartKey® Rhythm,B-Secur Limited,,,0,0,Cardiovascular,Cardiovascular,DQK,2,870.1425,2023-11-22,268,N,2.136,1.0,1.0,retrospective,"Performance testing included the evaluation of metrics such as sensitivity, specificity, and positive predictive values",0,0,,,,780.0,0,0,0,0.0,0.0,0.0,0,0,1
K241596,510(k),2024-08-15,2024,uMI Panvivo,"Shanghai United Imaging Healthcare Co., Ltd.",Shanghai United Imaging Healthcare,SSE:688271,1,0,Radiology,Radiology,KPS,2,892.1200,2024-06-03,73,N,2.138,0.0,0.0,none,Sample clinical images... were reviewed by U.S. board-certified radiologist... image quality is sufficient for diagnostic use,1,1,2026-08-11,,726.0,726.0,0,0,0,0.0,0.0,0.0,0,0,1
K241211,510(k),2024-08-15,2024,CoLumbo,Smart Soft Healthcare,,,0,0,Radiology,Radiology,QIH,2,892.2050,2024-04-30,107,N,2.138,,1.0,retrospective,compared the CoLumbo software outputs without any editing by a radiologist to the ground truth defined by 3 radiologists,0,0,,,,781.0,0,0,0,0.0,0.0,0.0,0,0,0
K241429,510(k),2024-08-13,2024,ECHELON Synergy MRI System,FUJIFILM Healthcare Corporation,Fujifilm Holdings Corp.,TSE:4901,1,0,Radiology,Radiology,LNH,2,892.1000,2024-05-21,84,N,2.144,0.0,0.0,none,Clinical image examples are provided for applicable new feature and that we judged to be sufficient to evaluate clinical usability,0,0,,,,783.0,0,0,0,0.0,0.0,0.0,0,0,1
K242054,510(k),2024-08-12,2024,OptimMRI (v2),"Rebrain, SAS",,,0,0,Radiology,Radiology,QIH,2,892.2050,2024-07-15,28,N,2.146,1.0,0.0,none,at least 90% of surface distances of inferior-lateral regions of VIM structure were not greater than 2.0mm compared to reference devices,0,0,,,,784.0,0,0,0,0.0,0.0,0.0,0,0,1
K233822,510(k),2024-08-08,2024,i2Contour,MRIMath LLC,,,0,0,Radiology,Radiology,QIH,2,892.2050,2023-12-01,251,N,2.157,1.0,1.0,retrospective,"Sensitivity and specificity for T1c AI were 92.7% and 97.2%, respectively",0,0,,,,788.0,0,0,0,0.0,0.0,0.0,0,0,1
K241665,510(k),2024-08-08,2024,Omni Legend,"GE Medical Systems Israel, Functional Imaging",GE HealthCare Technologies Inc.,SEC:GEHC,1,1,Radiology,Radiology,KPS,2,892.1200,2024-06-10,59,N,2.157,1.0,1.0,prospective,NM physicians who provided an assessment of overall diagnostic image quality using a Likert Scale... attested that their assessments demonstrated acceptable diagnostic results,1,1,2025-12-24,2.0,503.0,503.0,0,0,0,0.0,0.0,0.0,0,0,1
K233992,510(k),2024-08-05,2024,Precision AI Surgical Planning System (PAI-SPS),Precision AI Pty Ltd,,,0,0,Orthopedic,Other,QHE,2,888.3660,2023-12-18,231,N,2.166,1.0,0.0,none,a post-market evaluation of a clinical case series of 35 subjects was conducted to evaluate the measurement accuracy of the subject device via post-operative CT,0,0,,,,791.0,0,0,0,0.0,0.0,0.0,0,0,1
K240953,510(k),2024-08-05,2024,AI Platform 2.0 (AIP002),Exo Imaging,,,0,0,Radiology,Radiology,QIH,2,892.2050,2024-04-08,119,N,2.166,1.0,1.0,retrospective,"The clinical performance of the AI Platform 2.0 was successfully evaluated on test data encompassing diverse demographic variables, including gender, age, and ethnicity",0,0,,,,791.0,0,0,0,0.0,0.0,0.0,0,0,1
K233984,510(k),2024-08-02,2024,Acumen Assisted Fluid Management (AFM) Software Feature,"Edwards Lifesciences, LLC",Edwards Lifesciences Corp,SEC:EW,1,1,Cardiovascular,Cardiovascular,QMS,2,870.5600,2023-12-18,228,N,2.174,1.0,1.0,retrospective,Algorithm performance was analyzed on the archived dataset from the US IDE Study...1229 data points from 307 patients,0,0,,,,794.0,0,0,0,0.0,0.0,0.0,0,0,1
K234141,510(k),2024-08-01,2024,AISAP Cardio V1.0,Aisap,,,0,0,Radiology,Radiology,POK,2,892.2060,2023-12-29,216,N,2.177,1.0,1.0,prospective,"AISAP CARDIO device showed high AUC values, sensitivity, specificity and kappa results for detecting more than mild severity valvular pathologies",0,0,,,,795.0,0,0,0,0.0,0.0,0.0,0,0,1
K233731,510(k),2024-08-01,2024,CardIQ Suite,GE Medical Systems SCS,GE HealthCare Technologies Inc.,SEC:GEHC,1,1,Radiology,Radiology,JAK,2,892.1750,2023-11-21,254,N,2.177,1.0,1.0,prospective,scored to be acceptable by the readers for greater than 90% of the exams which had good image quality,0,0,,,,795.0,0,0,0,0.0,0.0,0.0,0,0,1
K240301,510(k),2024-08-01,2024,MammoScreen® (3),Therapixel,,,0,0,Radiology,Radiology,QDQ,2,892.2090,2024-02-01,182,N,2.177,1.0,1.0,prospective,average value of AUC went from 0.797 ... in unaided reading conditions to 0.871 ... in reading conditions assisted by MammoScreen,0,0,,,,795.0,0,0,0,0.0,0.0,0.0,0,0,1
K241887,510(k),2024-07-25,2024,GI Genius Module 100 (GGM100.US); GI Genius Module 200 (GGM200.US); ColonPRO 4.0 (CPRO40.US); GI Genius Module 300 (GGM300-US); ColonPRO 4.0 (CPRO40S-US),Cosmo Artificial Intelligence - AI Ltd,Cosmo Pharmaceuticals N.V.,SIX:COPN,1,0,Gastroenterology-Urology,Other,QNP,2,876.1520,2024-06-28,27,N,2.196,1.0,1.0,retrospective,Non-inferiority of performance of GI Genius™ systems with two new video processors has been established by means of a per-frame assessment on 40 pre-recorded procedures,0,0,,,,802.0,0,0,0,0.0,0.0,0.0,0,0,1
K240044,510(k),2024-07-24,2024,CADDIE,Odin Medical Limited,,,0,0,Gastroenterology-Urology,Other,QNP,2,876.1520,2024-01-05,201,N,2.198,1.0,1.0,prospective,"Object Level TPR > 80% ... Results 98.27% [97.33, 99.20]",0,0,,,,803.0,0,0,0,0.0,0.0,0.0,0,0,1
K240704,510(k),2024-07-22,2024,"ACUSON Sequoia Diagnostic Ultrasound System, ACUSON Sequoia Select Diagnostic Ultrasound System, ACUSON Origin Diagnostic Ultrasound System, ACUSON Origin ICE  Diagnostic Ultrasound System","Siemens Medical Solutions, USA, Inc.",Siemens Healthineers AG,XETRA:SHL,1,0,Radiology,Radiology,IYN,2,892.1550,2024-03-14,130,Y,2.204,1.0,1.0,retrospective,"UDFF measurements in children have acceptable correlation with MRI-PDFF, with an AUROC >= 0.87",0,0,,,,805.0,0,0,0,0.0,0.0,0.0,0,0,1
K240845,510(k),2024-07-17,2024,Rayvolve,AZmed SAS,,,0,0,Radiology,Radiology,QBS,2,892.2090,2024-03-27,112,N,2.218,1.0,1.0,prospective,"high sensitivity (0.9611 ...), high specificity (0.8597 ...) and high Area Under The Curve (AUC) (0.9399)",0,0,,,,810.0,0,0,0,0.0,0.0,0.0,0,0,1
K241121,510(k),2024-07-17,2024,MICSI-RMT,"Microstructure Imaging, Inc.",,,0,0,Radiology,Radiology,LLZ,2,892.2050,2024-04-23,85,N,2.218,1.0,1.0,retrospective,the retrospective study found that MICSI-RMT processing results in enhanced high quality denoised images,0,0,,,,810.0,0,0,0,0.0,0.0,0.0,0,0,1
K240944,510(k),2024-07-16,2024,Swoop® Portable MR Imaging® System,"Hyperfine, Inc.","Hyperfine, Inc.",SEC:HYPR,1,1,Radiology,Radiology,LNH,2,892.1000,2024-04-05,102,N,2.22,0.0,0.0,none,Testing to verify the subject device meets all image quality criteria,0,0,,,,811.0,0,0,0,0.0,0.0,0.0,0,0,1
K240285,510(k),2024-07-15,2024,Huxley SANSA Home Sleep Apnea Test (1000-00),Huxley Medical,,,0,0,Anesthesiology,Other,MNR,2,868.2375,2024-02-01,165,N,2.223,1.0,1.0,prospective,"Sensitivity of 88.2% (95% CI: 81.3, 93.2), Specificity of 87.3% (95% CI: 82.1, 91.5)",0,0,,,,812.0,0,0,0,0.0,0.0,0.0,0,0,1
K234009,510(k),2024-07-12,2024,Acorn 3D Software (AC-SEG-4009); Acorn 3DP Model (AC-101-XX),Mighty Oak Medical,,,0,0,Radiology,Radiology,QIH,2,892.2050,2023-12-19,206,N,2.231,0.0,0.0,none,"was assessed via bench testing of automatic, semi-automatic, and manual segmentation methods",0,0,,,,815.0,0,0,0,0.0,0.0,0.0,0,0,1
K233457,510(k),2024-07-12,2024,RUS,Hutom Inc.,,,0,0,Radiology,Radiology,QIH,2,892.2050,2023-10-20,266,N,2.231,1.0,0.0,none,Organ 0.927 DSC; Vessel 0.920 DSC; Pneumoperitoneum +/- 0.972 mm,0,0,,,,815.0,0,0,0,0.0,0.0,0.0,0,0,1
K241727,510(k),2024-07-12,2024,BriefCase-Triage,"Aidoc Medical, Ltd.",,,0,0,Radiology,Radiology,QAS,2,892.2080,2024-06-14,28,N,2.231,1.0,1.0,prospective,Sensitivity was 94.39%... Specificity was 94.39%... exceeded the 80% performance goal,0,0,,,,815.0,0,0,0,0.0,0.0,0.0,0,0,1
K241329,510(k),2024-07-11,2024,SubtleSYNTH (1.x),"Subtle Medical, Inc.",,,0,0,Radiology,Radiology,QIH,2,892.2050,2024-05-10,62,N,2.234,1.0,0.0,none,"interchangeability of 2.12% (95% CI [-1.31%, 5.88%]) ... Both studies met the primary endpoint",0,0,,,,816.0,0,0,0,0.0,0.0,0.0,0,0,1
K241508,510(k),2024-07-03,2024,SKOUT® system,"Iterative Scopes, Inc.",,,0,0,Gastroenterology-Urology,Other,QNP,2,876.1520,2024-05-28,36,N,2.256,0.0,0.0,none,Additional bench software testing was performed to confirm the device meets the special controls...SKOUT system demonstrated passing results in all applicable testing,0,0,,,,824.0,0,0,0,0.0,0.0,0.0,0,0,1
K240736,510(k),2024-07-02,2024,SMART Bun-Yo-Matic X-Ray,Disior Ltd,Zimmer Biomet Holdings Inc.,SEC:ZBH,1,1,Radiology,Radiology,QIH,2,892.2050,2024-03-18,106,N,2.259,0.0,1.0,retrospective,Results showed the subject device performed as intended. Clinical data are not needed,0,0,,,,825.0,0,0,0,0.0,0.0,0.0,0,0,1
K240555,510(k),2024-07-02,2024,Tyto Insights for Crackles Detection,Tyto Care Ltd.,,,0,0,Anesthesiology,Other,PHZ,2,868.1900,2024-02-28,125,N,2.259,1.0,1.0,retrospective,AUC Tyto Insights for Crackles Detection: 0.97 (0.95-0.98),0,0,,,,825.0,0,0,0,0.0,0.0,0.0,0,0,1
K240353,510(k),2024-07-01,2024,Hyper Insight - ICH,SK Inc.,,,0,0,Radiology,Radiology,QAS,2,892.2080,2024-02-05,147,N,2.261,1.0,1.0,retrospective,"Sensitivity and specificity were 95.45% (95% CI) and 98.47% (95% CI), respectively",0,0,,,,826.0,0,0,0,0.0,0.0,0.0,0,0,1
K240582,510(k),2024-06-25,2024,VEA Align; spineEOS,EOS imaging,Alphatec Holdings Inc.,SEC:ATEC,1,1,Radiology,Radiology,QIH,2,892.2050,2024-03-01,116,N,2.278,1.0,1.0,retrospective,the testing data set consisted of 538 patients and the demographic characteristics cover the intended use population,0,0,,,,832.0,0,0,0,0.0,0.0,0.0,0,0,1
K233253,510(k),2024-06-21,2024,eCARTv5 Clinical Deterioration Suite (eCART),"AgileMD, Inc.",,,0,0,Cardiovascular,Cardiovascular,QNL,2,870.2210,2023-09-28,267,N,2.289,1.0,1.0,prospective,eCART was assessed in retrospective and prospective validation studies with adult ward patients,0,0,,,,836.0,0,0,0,0.0,0.0,0.0,0,0,1
K240631,510(k),2024-06-21,2024,"V8/XV8/XH8, V7/XV7/XH7, V6/XV6/XH6 Diagnostic Ultrasound System","Samsung Medison Co., Ltd.",Samsung Electronics Co. Ltd.,KRX:005930,1,0,Radiology,Radiology,IYN,2,892.1550,2024-03-06,107,N,2.289,1.0,1.0,retrospective,Accuracy (%) 90.3 Standard Deviation 4.88 95% CI 87.28 to 93.33,0,0,,,,836.0,0,0,0,0.0,0.0,0.0,0,0,1
K240465,510(k),2024-06-21,2024,O-arm O2 Imaging System,"Medtronic Navigation, Inc",Medtronic plc,SEC:MDT,1,1,Radiology,Radiology,OWB,2,892.1650,2024-02-16,126,N,2.289,0.0,0.0,none,The O-arm Cadaver Image Pair Study evaluated the clinical utility of the images,1,2,2025-05-27,2.0,340.0,340.0,0,0,0,0.0,0.0,0.0,0,0,1
K233196,510(k),2024-06-21,2024,Medihub Prostate,JLK Inc.,Listed Korean AI company,KOSDAQ,1,0,Radiology,Radiology,QIH,2,892.2050,2023-09-28,267,N,2.289,1.0,1.0,prospective,"the overall Dice coefficient and Hausdorff distance were 0.928 and 2.171, respectively",0,0,,,,836.0,0,0,0,0.0,0.0,0.0,0,0,1
K233549,510(k),2024-06-21,2024,Tempus ECG-AF,"Tempus AI, Inc.","Tempus AI, Inc.",SEC:TEM,1,1,Cardiovascular,Cardiovascular,SBQ,2,870.2380,2023-11-03,231,N,2.289,1.0,1.0,retrospective,observed sensitivity of 31% (95% CI of 25% - 37%) and specificity of 92% (95% CI of 91%-92%),0,0,,,,836.0,0,0,0,0.0,0.0,0.0,0,0,1
K240642,510(k),2024-06-20,2024,SMART Bun-Yo-Matic CT,Disior Ltd,Zimmer Biomet Holdings Inc.,SEC:ZBH,1,1,Radiology,Radiology,QIH,2,892.2050,2024-03-06,106,N,2.292,0.0,1.0,retrospective,Each component was tested with multiple images and appropriate outputs for the subject device were evaluated by qualified truthers,0,0,,,,837.0,0,0,0,0.0,0.0,0.0,0,0,1
K241083,510(k),2024-06-14,2024,SIS System,"Surgical Information Sciences, Inc.",,,0,0,Radiology,Radiology,QIH,2,892.2050,2024-04-19,56,N,2.308,1.0,1.0,retrospective,90% of the center of mass distances and mean surface distances were below 1.83mm and 0.86mm,0,0,,,,843.0,0,0,0,0.0,0.0,0.0,0,0,1
K233955,510(k),2024-06-14,2024,Clarius OB AI,Clarius Mobile Health Corp.,,,0,0,Radiology,Radiology,IYN,2,892.1550,2023-12-15,182,N,2.308,1.0,1.0,retrospective,Clarius OB AI was found to be non-inferior to human experts with statistically significant p-values (<2.2 e-16),0,0,,,,843.0,0,0,0,0.0,0.0,0.0,0,0,1
K233662,510(k),2024-06-13,2024,Radiography 7300 C,Philips Medical Systems DMC GmbH,Koninklijke Philips N.V.,SEC:PHG,1,1,Radiology,Radiology,KPR,2,892.1680,2023-11-15,211,N,2.311,1.0,0.0,none,Statistical testing of all performance endpoints resulted in superiority or non-inferiority of algorithm (Smart Collimation Thorax) versus clinical user.,1,1,2025-10-01,2.0,475.0,475.0,0,16,1,1.0,1.0,14.0,0,0,1
K233925,510(k),2024-06-13,2024,Relu Creator,Relu BV,,,0,0,Radiology,Radiology,QIH,2,892.2050,2023-12-13,183,N,2.311,0.0,0.0,none,Based on the performance testing and software validation testing,0,0,,,,844.0,0,0,0,0.0,0.0,0.0,0,0,1
K240516,510(k),2024-06-12,2024,RS85 Diagnostic Ultrasound System,"Samsung Medison Co., Ltd.",Samsung Electronics Co. Ltd.,KRX:005930,1,0,Radiology,Radiology,IYN,2,892.1550,2024-02-23,110,N,2.313,1.0,1.0,prospective,"A deep learning based detection algorithm was validated using 3,999 nerve images collected at eight hospitals",0,0,,,,845.0,0,0,0,0.0,0.0,0.0,0,0,1
K232035,510(k),2024-06-07,2024,Impala,"AliveCor, Inc.",,,0,0,Cardiovascular,Cardiovascular,DPS,2,870.2340,2023-07-07,336,N,2.327,0.0,0.0,none,Results suggest that the synthesized leads tend to be similar ... However significant differences exist in many cases,0,0,,,,850.0,0,0,0,0.0,0.0,0.0,0,0,1
K231010,510(k),2024-06-07,2024,Corvair,"AliveCor, Inc.",,,0,0,Cardiovascular,Cardiovascular,MHX,2,870.1025,2023-04-07,427,N,2.327,1.0,1.0,retrospective,AliveCor proprietary dataset developed from ECGs that were collected in a clinical study at the Mayo Clinic's Genetic Heart Rhythm Clinic,0,0,,,,850.0,0,0,0,0.0,0.0,0.0,0,0,1
K241038,510(k),2024-06-07,2024,Cardiac CT Function Software Application,Circle Cardiovascular Imaging,,,0,0,Radiology,Radiology,QIH,2,892.2050,2024-04-16,52,N,2.327,1.0,1.0,retrospective,"the ML-based model is capable of segmenting the LV cavity with less than 10% difference in MAE, a Dice coefficient above 86%",0,0,,,,850.0,0,0,0,0.0,0.0,0.0,0,0,1
K234042,510(k),2024-06-07,2024,EFAI Bonesuite XR Bone Age Pro Assessment System (BAP-XR-100),"Ever Fortune.AI Co., Ltd.",,,0,0,Radiology,Radiology,QIH,2,892.2050,2023-12-21,169,N,2.327,1.0,1.0,retrospective,over 88% of the cases with a difference less than 0.5 years between GT and EFAI BAPXR's output,0,0,,,,850.0,0,0,0,0.0,0.0,0.0,0,0,1
K240612,510(k),2024-05-31,2024,CINA-VCF,Avicenna.AI,,,0,0,Radiology,Radiology,QFM,2,892.2080,2024-03-05,87,N,2.346,1.0,1.0,retrospective,The ROC AUC was 0.974 ... Sensitivity and Specificity were 95.2% and 92.9%,0,0,,,,857.0,0,0,0,0.0,0.0,0.0,0,0,1
K234154,510(k),2024-05-24,2024,uPMR 790,"Shanghai United Imaging Healthcare Co., Ltd.",Shanghai United Imaging Healthcare,SSE:688271,1,0,Radiology,Radiology,OUO,2,892.1200,2023-12-29,147,N,2.366,0.0,1.0,retrospective,Sample clinical images for all clinical sequences and coils were reviewed by U.S. board-certified radiologist comparing the proposed device and predicate device,0,0,,,,864.0,0,0,0,0.0,0.0,0.0,0,0,1
K240769,510(k),2024-05-24,2024,LVivo IQS,DiA Imaging Analysis Ltd.,Koninklijke Philips N.V.,SEC:PHG,1,1,Radiology,Radiology,QIH,2,892.2050,2024-03-21,64,N,2.366,1.0,0.0,none,100 patient examinations were used for the validation ... The overall agreement ... was 77%,0,0,,,,864.0,0,0,0,0.0,0.0,0.0,0,0,1
K240294,510(k),2024-05-23,2024,Syngo Carbon Enterprise Access (VA40A),Siemens Healthcare GmbH,Siemens Healthineers AG,XETRA:SHL,1,0,Radiology,Radiology,LLZ,2,892.2050,2024-02-01,112,N,2.368,0.0,0.0,none,"No clinical studies were carried out for the product, all performance testing was conducted in a non-clinical fashion",0,0,,,,865.0,0,0,0,0.0,0.0,0.0,0,0,1
K233108,510(k),2024-05-23,2024,VinDr-Mammo,VinBigData Joint Stock Company,,,0,0,Radiology,Radiology,QFM,2,892.2080,2023-09-27,239,N,2.368,1.0,1.0,retrospective,Sensitivity 0.889 0.849 0.926 Specificity 0.906 0.885 0.927 AUC 0.958 0.945 0.970,0,0,,,,865.0,0,0,0,0.0,0.0,0.0,0,0,1
K233543,510(k),2024-05-21,2024,YSIO X.pree,Siemens Medical Solutions,Siemens Healthineers AG,XETRA:SHL,1,0,Radiology,Radiology,KPR,2,892.1680,2023-11-03,200,N,2.374,0.0,0.0,none,The results of the clinical test stated that the intended use of the system was met,0,0,,,,867.0,0,0,0,0.0,0.0,0.0,0,0,1
DEN230035,De Novo,2024-05-17,2024,DentalMonitoring,Dental Monitoring SAS,,,0,0,Dental,Other,SBC,2,872.1770,2023-05-04,379,N,2.385,1.0,1.0,prospective,Final study results for dental plaque / food residue Sensitivity 82.5% Specificity 83.2%,0,0,,,,871.0,0,0,0,0.0,0.0,0.0,0,0,1
K233209,510(k),2024-05-17,2024,uOmnispace.CT,"Shanghai United Imaging Healthcare Co., Ltd.",Shanghai United Imaging Healthcare,SSE:688271,1,0,Radiology,Radiology,QIH,2,892.2050,2023-09-28,232,N,2.385,1.0,1.0,retrospective,"The Mean Landmark Error for all data is 0.86 mm, which is less than 1mm.",0,0,,,,871.0,0,0,0,0.0,0.0,0.0,0,0,1
K233625,510(k),2024-05-16,2024,RAYDENT SW,"RAY Co., Ltd.",,,0,0,Dental,Other,PNN,2,872.5470,2023-11-13,185,N,2.387,0.0,0.0,none,Clinical testing is not a requirement and has not been performed.,0,0,,,,872.0,0,0,0,0.0,0.0,0.0,0,0,1
K233247,510(k),2024-05-15,2024,Heuron ICH,"Heuron Co., Ltd.",,,0,0,Radiology,Radiology,QAS,2,892.2080,2023-09-28,230,N,2.39,1.0,1.0,retrospective,Sensitivity of Heuron ICH was 86.3% (95% CI: 81.9-90.3) and specificity was 87.6% (95% CI: 83.9-91.0).,0,0,,,,873.0,0,0,0,0.0,0.0,0.0,0,0,1
K241112,510(k),2024-05-15,2024,BriefCase-Quantification,"Aidoc Medical, Ltd.",,,0,0,Radiology,Radiology,QIH,2,892.2050,2024-04-22,23,N,2.39,1.0,1.0,retrospective,the mean absolute error between the ground truth measurement and algorithm was 1.52 mm,0,0,,,,873.0,0,0,0,0.0,0.0,0.0,0,0,1
DEN230043,De Novo,2024-05-15,2024,Notal Vision Home Optical Coherence Tomography (OCT) System,Notal Vision Inc,,,0,0,Ophthalmic,Other,SAX,2,886.1600,2023-06-07,343,N,2.39,1.0,1.0,prospective,"PPA was 0.864 (95% CI 0.802, 0.926; p=0.043) and NPA was 0.849 (95% CI 0.792, 0.907; p=0.094)",0,0,,,,873.0,0,0,0,0.0,0.0,0.0,0,0,1
K232410,510(k),2024-05-10,2024,SmartChest,Milvue,,,0,0,Radiology,Radiology,QFM,2,892.2080,2023-08-10,274,N,2.404,1.0,1.0,retrospective,ROC AUC 0.989 ... Sensitivity 92.7% ... Specificity 97.3%,0,0,,,,878.0,0,0,0,0.0,0.0,0.0,0,0,1
K233864,510(k),2024-05-07,2024,ASSURE Wearable ECG,"Kestra Medical Technologies, Inc.","KESTRA MEDICAL TECHNOLOGIES, LTD.",SEC:KMTS,1,1,Cardiovascular,Cardiovascular,MWJ,2,870.2800,2023-12-06,153,N,2.412,0.0,0.0,none,Bench test results verify that the ASSURE Wearable ECG system can continuously monitor ECG signal,0,0,,,,881.0,0,0,0,0.0,0.0,0.0,0,0,1
K232928,510(k),2024-05-07,2024,DeepContour (V1.0),"Wisdom Technologies., Inc.",,,0,0,Radiology,Radiology,QKB,2,892.2050,2023-09-20,230,N,2.412,1.0,1.0,retrospective,Dice coefficients of 100 clinical datasets collected from multiple clinical regions across the Peking Union Medical College Hospital compared to the predicate device are presented here,0,0,,,,881.0,0,0,0,0.0,0.0,0.0,0,0,1
K233687,510(k),2024-05-03,2024,ECHELON Synergy V10.0,Fujifilm Healthcare Americas Corporation,Fujifilm Holdings Corp.,TSE:4901,1,0,Radiology,Radiology,LNH,2,892.1000,2023-11-17,168,N,2.423,1.0,1.0,retrospective,53 unique subjects (patients and volunteers) from U.S. and Japan...were scanned in the anatomical regions from brain to ankle,0,0,,,,885.0,0,0,0,0.0,0.0,0.0,0,0,1
K232416,510(k),2024-05-03,2024,AUTION EYE AI-4510 Urine Particle Analysis System,Arkray Inc.,,,0,0,Hematology,Other,LKM,2,864.5200,2023-08-11,266,N,2.423,1.0,1.0,retrospective,"Quantitative, Semiquantitative and Qualitative parameters met the acceptance criteria",0,0,,,,885.0,0,0,0,0.0,0.0,0.0,0,0,1
K232491,510(k),2024-05-03,2024,CT 5300,"Philips Healthcare (Suzhou) Co., Ltd.",Koninklijke Philips N.V.,SEC:PHG,1,1,Radiology,Radiology,JAK,2,892.1750,2023-08-17,260,N,2.423,0.0,1.0,prospective,performance data using clinical images demonstrate the model can further support more exams,1,2,2025-09-25,2.0,510.0,510.0,0,2,1,0.0,1.0,1.0,0,0,1
K232923,510(k),2024-04-30,2024,Ethos Treatment Management (3.0); Ethos Treatment Planning (2.0),Varian Medical Systems Inc.,Siemens Healthineers AG,XETRA:SHL,1,0,Radiology,Radiology,IYE,2,892.5050,2023-09-19,224,N,2.431,1.0,0.0,none,Models were only considered eligible for production if they consistently produced contours that needed minor or no adjustments in at least 80% of the test cases.,0,0,,,,888.0,0,0,0,0.0,0.0,0.0,0,0,1
K240062,510(k),2024-04-29,2024,ARVIS® Shoulder,"Insight Medical Systems, Inc.",,,0,0,Neurology,Neurology,OLO,2,882.4560,2024-01-09,111,N,2.434,1.0,1.0,retrospective,"Validation was performed on a set of 60 CT scans (from 60 patients) ... Avg DSC > 0.9, Scapula 0.981, Humerus 0.989",0,0,,,,889.0,0,0,0,0.0,0.0,0.0,0,0,1
K232799,510(k),2024-04-26,2024,syngo.via RT Image Suite,"Siemens Medical Solutions USA, Inc.",Siemens Healthineers AG,XETRA:SHL,1,0,Radiology,Radiology,MUJ,2,892.5050,2023-09-12,227,N,2.442,1.0,1.0,retrospective,All tests passed the defined acceptance criteria on the geometric overlap with the ground truth.,0,0,,,,892.0,0,0,0,0.0,0.0,0.0,0,0,1
K240406,510(k),2024-04-26,2024,Sonio Detect,Sonio,Samsung Electronics Co. Ltd.,KRX:005930,1,0,Radiology,Radiology,IYN,2,892.1550,2024-02-09,77,N,2.442,1.0,1.0,retrospective,Sonio conducted a standalone performance testing on a dataset of 36 769 fetal ultrasound images,0,0,,,,892.0,0,0,0,0.0,0.0,0.0,0,0,1
K233673,510(k),2024-04-26,2024,uMR Jupiter,"Shanghai United Imaging Healthcare Co., Ltd",Shanghai United Imaging Healthcare,SSE:688271,1,0,Radiology,Radiology,LNH,2,892.1000,2023-11-16,162,N,2.442,1.0,1.0,retrospective,ACS has undergone performance testing on 25 subjects coming from different countries with diverse demographic distributions,0,0,,,,892.0,0,0,0,0.0,0.0,0.0,0,0,1
K232331,510(k),2024-04-25,2024,InVision Precision LVEF (LVEF),InVision Medical Technology Corporation,,,0,0,Radiology,Radiology,QIH,2,892.2050,2023-08-04,265,N,2.445,1.0,1.0,retrospective,average RMSD ... for biplane view was around 6.06 ... Dice score for A4C segmentation was 0.89 ... Precision device met all endpoints,0,0,,,,893.0,0,0,0,0.0,0.0,0.0,0,0,1
K240850,510(k),2024-04-24,2024,EPIQ Series Diagnostic Ultrasound Systems; Affiniti Series Diagnostic Ultrasound Systems,Philips Ultrasound LLC,Koninklijke Philips N.V.,SEC:PHG,1,1,Radiology,Radiology,IYN,2,892.1550,2024-03-27,28,N,2.448,1.0,1.0,retrospective,"the Pearsons' correlation coefficient was 0.911 (95%CI 0.855,0.946) and 0.941 ... for GLS and EF",0,0,,,,894.0,0,0,0,0.0,0.0,0.0,0,0,1
K240058,510(k),2024-04-23,2024,AEYE-DS,AEYE Health Inc.,,,0,0,Ophthalmic,Other,PIB,2,886.1100,2024-01-08,106,N,2.45,1.0,1.0,prospective,sensitivity and specificity in Study 1 based on images obtained from the handheld Optomed Aurora camera were 92% ... and 94%,0,0,,,,895.0,0,0,0,0.0,0.0,0.0,0,0,1
K234068,510(k),2024-04-22,2024,ART-Plan (v.2.2.0),Therapanacea SAS,,,0,0,Radiology,Radiology,MUJ,2,892.5050,2023-12-22,122,N,2.453,1.0,1.0,retrospective,comparison of the DSC between contours generated by the new version ... and manual contours ... minimum sample size of 17 patients,0,0,,,,896.0,0,0,0,0.0,0.0,0.0,0,0,1
K233582,510(k),2024-04-22,2024,Rapid,iSchema View Inc.,,,0,0,Radiology,Radiology,LLZ,2,892.2050,2023-11-02,172,N,2.453,0.0,0.0,none,iSchemaView conducted extensive phantom validation testing of the Rapid System,0,0,,,,896.0,0,0,0,0.0,0.0,0.0,0,0,1
K240781,510(k),2024-04-19,2024,SKOUT® system,"Iterative Scopes, Inc.",,,0,0,Gastroenterology-Urology,Other,QNP,2,876.1520,2024-03-21,29,N,2.461,0.0,0.0,none,Additional bench software testing was performed to confirm the device meets the special controls,0,0,,,,899.0,0,0,0,0.0,0.0,0.0,0,0,1
K233186,510(k),2024-04-17,2024,uOmnispace.MR,"Shanghai United Imaging Healthcare Co., Ltd.",Shanghai United Imaging Healthcare,SSE:688271,1,0,Radiology,Radiology,QIH,2,892.2050,2023-09-28,202,N,2.467,1.0,1.0,retrospective,The dice between the proposed and predicate device is 1.00 and shows the high consistency between the two devices.,0,0,,,,901.0,0,0,0,0.0,0.0,0.0,0,0,1
K240773,510(k),2024-04-15,2024,VisAble.IO,Techsomed,,,0,0,Radiology,Radiology,QTZ,2,892.2050,2024-03-21,25,N,2.472,1.0,0.0,none,Liver Segmentation 50 ... Mean DICE =0.92 ... Performance Goal Mean DICE =0.98,0,0,,,,903.0,0,0,0,0.0,0.0,0.0,0,0,1
K240238,510(k),2024-04-12,2024,"Vantage Fortian/Orian 1.5T, MRT-1550, V9.0 with AiCE Reconstruction Processing Unit for MR",Canon Medical Systems Corporation,Canon Inc.,SEC:CAJPY,1,1,Radiology,Radiology,LNH,2,892.1000,2024-01-29,74,N,2.48,1.0,1.0,retrospective,NeuroLine+ yielded 97.5% success which met the acceptance criteria,0,0,,,,906.0,0,0,0,0.0,0.0,0.0,0,0,1
K233698,510(k),2024-04-11,2024,True Enhance DL,GE Healthcare Japan Corporation,GE HealthCare Technologies Inc.,SEC:GEHC,1,1,Radiology,Radiology,JAK,2,892.1750,2023-11-17,146,N,2.483,1.0,1.0,prospective,readers were asked to rate the contrast enhancement in the True Enhance DL series vs the native image series,0,0,,,,907.0,0,0,0,0.0,0.0,0.0,0,0,1
K240744,510(k),2024-04-10,2024,uMR 680,"Shanghai United Imaging Healthcare Co., Ltd.",Shanghai United Imaging Healthcare,SSE:688271,1,0,Radiology,Radiology,LNH,2,892.1000,2024-03-18,23,N,2.486,0.0,0.0,none,The U.S. Board Certified radiologist approves that image quality is sufficient for diagnostic use,0,0,,,,908.0,0,0,0,0.0,0.0,0.0,0,0,1
DEN230023,De Novo,2024-04-09,2024,Rho,16 Bit Inc,,,0,0,Radiology,Radiology,SAO,2,892.1171,2023-04-03,372,N,2.489,1.0,1.0,prospective,The device fully met the prespecified AUC performance goal for all subgroups in all three datasets,0,0,,,,909.0,0,0,0,0.0,0.0,0.0,0,0,1
K240291,510(k),2024-04-08,2024,EFAI CARDIOSUITE CTA ACUTE AORTIC SYNDROME ASSESSMENT SYSTEM,"Ever Fortune.AI, Co., Ltd.",,,0,0,Radiology,Radiology,QAS,2,892.2080,2024-02-01,67,N,2.491,1.0,1.0,retrospective,sensitivity and specificity of 0.929 (95% CI=0.878-0.960) and 0.915 (95% CI=0.871-0.945),0,0,,,,910.0,0,0,0,0.0,0.0,0.0,0,0,1
K233666,510(k),2024-04-05,2024,CorVista System with PH Add-On,"Analytics for Life, Inc.",,,0,0,Cardiovascular,Cardiovascular,SAT,2,870.2380,2023-11-15,142,N,2.5,1.0,1.0,prospective,diagnostic performance of the CorVista System in this broad population was demonstrated to be 82% sensitivity and 92% specificity,0,0,,,,913.0,0,0,0,0.0,0.0,0.0,0,0,1
K233249,510(k),2024-04-05,2024,APPRAISE-HRI,"The Surgeon General, Department of the Army (TSG-DA)",,,0,0,Cardiovascular,Cardiovascular,SAR,2,870.2220,2023-09-28,190,N,2.5,1.0,1.0,prospective,APPRAISE-HRI was nearly seven times more likely to output an HRI Level III for Hemorrhage patients than for Control patients,0,0,,,,913.0,0,0,0,0.0,0.0,0.0,0,0,1
K240172,510(k),2024-04-04,2024,Preview Shoulder,Genesis Software Innovations,,,0,0,Radiology,Radiology,QIH,2,892.2050,2024-01-22,73,N,2.502,0.0,0.0,none,measurement capabilities of the Preview Shoulder were validated to be significantly equivalent to a benchmark tool ... Osirix MD,0,0,,,,914.0,0,0,0,0.0,0.0,0.0,0,0,1
K232899,510(k),2024-04-03,2024,AI-Rad Companion Organs RT,Siemens Medical Solutions U.S.A.,Siemens Healthineers AG,XETRA:SHL,1,0,Radiology,Radiology,QKB,2,892.2050,2023-09-18,198,N,2.505,1.0,1.0,retrospective,"the dice coefficient and the absolute symmetric surface distance (ASSD), were determined to quantify the similarity between the automatically contoured OAR and the manually delineated contours",0,0,,,,915.0,0,0,0,0.0,0.0,0.0,0,0,1
K233618,510(k),2024-04-03,2024,Oxevision Sleep Device,Oxehealth Limited,,,0,0,Neurology,Neurology,LEL,2,882.5050,2023-11-13,142,N,2.505,1.0,1.0,retrospective,"overall agreement (>82%), positive agreement (>88%) and negative agreement (>55%) between Oxevision Sleep Device outputs and the gold-standard PSG reference",0,0,,,,915.0,0,0,0,0.0,0.0,0.0,0,0,1
DEN230036,De Novo,2024-04-02,2024,Sepsis ImmunoScore,"Prenosis, Inc.",,,0,0,General Hospital,Other,SAK,2,880.6316,2023-05-05,333,N,2.508,1.0,1.0,prospective,"Adjudicated Forced Majority 0.81 [0.76, 0.86]; Adjudicated Forced Unanimous 0.84 [0.78, 0.90]",0,0,,,,916.0,0,0,0,0.0,0.0,0.0,0,0,1
K232835,510(k),2024-04-02,2024,Aquilion ONE (TSX-308A/3) V1.4 with PIQE Reconstruction System,Canon Medical Systems Corporation,Canon Inc.,SEC:CAJPY,1,1,Radiology,Radiology,JAK,2,892.1750,2023-09-14,201,N,2.508,0.0,1.0,retrospective,it was confirmed that the reconstructed images using the subject device were of diagnostic quality,0,0,,,,916.0,0,0,0,0.0,0.0,0.0,0,0,1
K233676,510(k),2024-04-01,2024,Us2.v2,Eko.ai Pte. Ltd d/b/a Us2.ai,,,0,0,Radiology,Radiology,QIH,2,892.2050,2023-11-16,137,N,2.511,,1.0,retrospective,RMSE and Intraclass Correlation Coefficient (ICC) are used to evaluate the performance of the Us2.v2 measurements against expert human measurements,0,0,,,,917.0,0,0,0,0.0,0.0,0.0,0,0,0
K233211,510(k),2024-03-29,2024,AVIEW CAC,"Coreline Soft Co., Ltd.",Listed Korean AI company,KOSDAQ,1,0,Radiology,Radiology,QIH,2,892.2050,2023-09-28,183,N,2.519,1.0,1.0,retrospective,the correlation coefficient between the AVIEW CAC automatic analysis results of the chest CT based on the heart CT and the Agatston scores was over 90%,0,0,,,,920.0,0,0,0,0.0,0.0,0.0,0,0,1
K233657,510(k),2024-03-28,2024,NAEOTOM Alpha,"Siemens Medical Solutions USA, Inc.",Siemens Healthineers AG,XETRA:SHL,1,0,Radiology,Radiology,JAK,2,892.1750,2023-11-14,135,N,2.522,0.0,0.0,none,consistently detect needle-tips over a wide variety of scans in 90.76% of cases,0,0,,,,921.0,0,1,1,0.0,0.0,1.0,0,0,1
K233409,510(k),2024-03-28,2024,Eko Low Ejection Fraction Tool (ELEFT),"Eko Health, Inc.",,,0,0,Cardiovascular,Cardiovascular,QYE,2,870.2380,2023-10-06,174,N,2.522,1.0,1.0,retrospective,"ELEFT achieved a sensitivity of 74.7% (95%CI: 69.4-79.6), a specificity of 77.5%",0,0,,,,921.0,0,0,0,0.0,0.0,0.0,0,0,1
K233650,510(k),2024-03-26,2024,SOMATOM go.Up; SOMATOM go.Now; SOMATOM go.All; SOMATOM go.Top; SOMATOM go.Sim; SOMATOM go.Open Pro; SOMATOM X.cite; SOMATOM X.ceed,"Siemens Medical Solutions USA, Inc.",Siemens Healthineers AG,XETRA:SHL,1,0,Radiology,Radiology,JAK,2,892.1750,2023-11-14,133,N,2.527,0.0,0.0,none,consistently detect needle-tips over a wide variety of scans in 90.76% of cases,1,1,2025-12-19,2.0,633.0,633.0,0,14,1,0.0,4.0,10.0,0,0,1
K232322,510(k),2024-03-22,2024,MAGNETOM Terra; MAGNETOM Terra.X,"Siemens Medical Solutions USA, Inc.",Siemens Healthineers AG,XETRA:SHL,1,0,Radiology,Radiology,LNH,2,892.1000,2023-08-03,232,N,2.538,1.0,1.0,retrospective,images acquired with Deep RxE (DL bias field correction) are rated better for image quality than the ones acquired without it in the clinical study,0,0,,,,927.0,0,0,0,0.0,0.0,0.0,0,0,1
K232431,510(k),2024-03-22,2024,syngo.CT Brain Hemorrhage,"Siemens Medical Solutions USA, Inc.",Siemens Healthineers AG,XETRA:SHL,1,0,Radiology,Radiology,QAS,2,892.2080,2023-08-11,224,N,2.538,1.0,1.0,retrospective,sensitivity was 95.0% ... specificity was 93.1% ... exceeded the 80% performance goal,0,0,,,,927.0,0,0,0,0.0,0.0,0.0,0,0,1
K240540,510(k),2024-03-22,2024,uMR Omega,"Shanghai United Imaging Healthcare Co., Ltd.",Shanghai United Imaging Healthcare,SSE:688271,1,0,Radiology,Radiology,LNH,2,892.1000,2024-02-26,25,N,2.538,0.0,0.0,none,The U.S. Board Certified radiologist approves that image quality is sufficient for diagnostic use,0,0,,,,927.0,0,0,0,0.0,0.0,0.0,0,0,1
K233753,510(k),2024-03-21,2024,AI-Rad Companion (Pulmonary),Siemens Healthcare GmbH,Siemens Healthineers AG,XETRA:SHL,1,0,Radiology,Radiology,JAK,2,892.1750,2023-11-22,120,N,2.541,1.0,1.0,retrospective,Performance testing for AI-Rad Companion (Pulmonary) lesion segmentation algorithm was performed on multiple vendor test data from 273 subjects in the United States and 254 subjects in Germany,0,0,,,,928.0,0,0,0,0.0,0.0,0.0,0,0,1
K234047,510(k),2024-03-20,2024,Automatic Registration,Brainlab AG,Brainlab AG,,0,0,Neurology,Neurology,OLO,2,882.4560,2023-12-21,90,N,2.543,0.0,0.0,none,No clinical testing was required for the subject device.,0,0,,,,929.0,0,1,1,0.0,0.0,1.0,0,0,1
K233342,510(k),2024-03-15,2024,CINA-ASPECTS,Avicenna.AI,,,0,0,Radiology,Radiology,POK,2,892.2060,2023-09-29,168,N,2.557,1.0,1.0,prospective,The Standalone Performance Testing dataset included 200 clinical anonymized NCCT cases from 5 clinical sites,0,0,,,,934.0,0,0,0,0.0,0.0,0.0,0,0,1
K233968,510(k),2024-03-13,2024,CINA-iPE,Avicenna.AI,,,0,0,Radiology,Radiology,QAS,2,892.2080,2023-12-15,89,N,2.563,1.0,1.0,retrospective,the global Sensitivity and Specificity were found to be 87.8% [95%CI: 82.2% - 92.2%] and 92.0%,0,0,,,,936.0,0,0,0,0.0,0.0,0.0,0,0,1
K232140,510(k),2024-03-11,2024,OTS Hip,Ortoma AB,,,0,0,Neurology,Neurology,OLO,2,882.4560,2023-07-18,237,N,2.568,1.0,0.0,none,the ML-models overall met the acceptance criteria ... test datasets consisted of 90 datasets,1,1,2025-07-28,2.0,504.0,504.0,0,2,1,0.0,0.0,2.0,0,0,1
K233438,510(k),2024-03-08,2024,SleepStageML,"Beacon Biosignals, Inc.",,,0,0,Neurology,Neurology,OLZ,2,882.1400,2023-10-13,147,N,2.576,1.0,1.0,retrospective,retrospective pivotal validation study using previously collected clinical polysomnography (PSG) recordings from a representative set of 100 patients,0,0,,,,941.0,0,0,0,0.0,0.0,0.0,0,0,1
K233692,510(k),2024-03-07,2024,"Voluson Signature 20, Voluson Signature 18","GE Medical Systems Ultrasound and Primary care Diagnostics,",GE HealthCare Technologies Inc.,SEC:GEHC,1,1,Radiology,Radiology,IYN,2,892.1550,2023-11-17,111,N,2.579,0.0,0.0,none,did not require clinical studies to support substantial equivalence,0,0,,,,942.0,0,0,0,0.0,0.0,0.0,0,0,1
K231677,510(k),2024-03-06,2024,EdgeFlow UH10,Edgecare Inc.,,,0,0,Radiology,Radiology,IYO,2,892.1560,2023-06-09,271,N,2.582,1.0,1.0,prospective,satisfied with an F1 score of 0.979... and a Dice score of 0.896,0,0,,,,943.0,0,0,0,0.0,0.0,0.0,0,0,1
K233738,510(k),2024-03-04,2024,Overjet Caries Assist-Pediatric,"Overjet, Inc",,,0,0,Radiology,Radiology,MYN,2,892.2070,2023-11-22,103,N,2.587,1.0,1.0,prospective,The AUC of the wAFROC averaged across all readers showed a 7.5% improvement,0,0,,,,945.0,0,0,0,0.0,0.0,0.0,0,0,1
K233030,510(k),2024-03-01,2024,BoneMRI,MRIguidance B.V,,,0,0,Radiology,Radiology,QIH,2,892.2050,2023-09-25,158,N,2.595,1.0,1.0,retrospective,A quantitative voxel-by-voxel validation of BoneMRI was performed on imaging data from 76 patients (pelvic region) and 117 patients (spine region),0,0,,,,948.0,0,0,0,0.0,0.0,0.0,0,0,1
K231690,510(k),2024-03-01,2024,iCAS-LV,HighRAD Ltd.,,,0,0,Radiology,Radiology,QIH,2,892.2050,2023-06-09,266,N,2.595,1.0,1.0,prospective,"retrospective multi-site data set consists of 108 patients... consists of 219 ceCT scans with 2,127 liver lesions",0,0,,,,948.0,0,0,0,0.0,0.0,0.0,0,0,1
K232765,510(k),2024-02-29,2024,MAGNETOM Cima.X Fit,"Siemens Medical Solutions USA, Inc.",Siemens Healthineers AG,XETRA:SHL,1,0,Radiology,Radiology,LNH,2,892.1000,2023-09-08,174,N,2.598,0.0,1.0,retrospective,"No clinical tests were conducted to support substantial equivalence for the subject devices; however, as stated above, sample clinical images were provided.",0,0,,,,949.0,0,0,0,0.0,0.0,0.0,0,0,1
K231683,510(k),2024-02-29,2024,inHEART Models,"inHEART, SAS",,,0,0,Radiology,Radiology,QIH,2,892.2050,2023-06-09,265,N,2.598,1.0,1.0,retrospective,"Average Dice score is 0.94, average ASSD is 1.17mm",0,0,,,,949.0,0,0,0,0.0,0.0,0.0,0,0,1
K232613,510(k),2024-02-28,2024,CT Cardiomegaly,"Innolitics, LLC",,,0,0,Radiology,Radiology,QIH,2,892.2050,2023-08-28,184,N,2.601,1.0,1.0,retrospective,"Clinical performance testing showed strong agreement with physician-derived measurements, with an average difference less than 0.01.",0,0,,,,950.0,0,0,0,0.0,0.0,0.0,0,0,1
K233590,510(k),2024-02-23,2024,Overjet Charting Assist,"Overjet, Inc",,,0,0,Radiology,Radiology,QIH,2,892.2050,2023-11-08,107,N,2.615,1.0,0.0,none,"Sensitivityof0.799(0.770,0.824),Specificityof0.986(0.983,0.990)",0,0,,,,955.0,0,0,0,0.0,0.0,0.0,0,0,1
K233749,510(k),2024-02-22,2024,Revolution Ascend Sliding,"GE Hangwei Medical Systems Co., Ltd.",,,0,0,Radiology,Radiology,JAK,2,892.1750,2023-11-22,92,N,2.617,0.0,0.0,none,can be fully tested on the engineering bench thus no additional clinical testing was required,0,0,,,,956.0,0,0,0,0.0,0.0,0.0,0,0,1
K232148,510(k),2024-02-21,2024,X-Guide Surgical Navigation System,"X-Nav Technologies, LLC",,,0,0,Dental,Other,QRY,2,872.4120,2023-07-19,217,N,2.62,0.0,0.0,none,This validation test demonstrates that the machine learning software outputs correct segmentations and visualizations for the expected patient population,1,1,2024-03-04,2.0,12.0,12.0,0,0,0,0.0,0.0,0.0,0,0,1
K232915,510(k),2024-02-15,2024,EpiMonitor,Empatica Srl,,,0,0,Neurology,Neurology,POS,2,882.1580,2023-09-19,149,N,2.637,1.0,1.0,retrospective,"Using adjudicated tonic-clonic seizure data collected from patients observed in Epilepsy Monitoring Units, Positive Percentage Agreement (PPA) and false alarm rate per 24 hours (FAR) were calculated",0,0,,,,963.0,0,0,0,0.0,0.0,0.0,0,0,1
K233788,510(k),2024-02-13,2024,"EPIQ Series Diagnostic Ultrasound System, Affiniti Series Diagnostic Ultrasound System",Philips Ultrasound LLC,Koninklijke Philips N.V.,SEC:PHG,1,1,Radiology,Radiology,IYN,2,892.1550,2023-11-28,77,N,2.642,1.0,1.0,retrospective,"algorithm accuracy of 97.5% (95%CI 96.3%, 98.3%), p-value <0.0001, thereby meeting the acceptance criteria for the study",1,1,2025-07-03,3.0,506.0,506.0,0,0,0,0.0,0.0,0.0,0,0,1
K231855,510(k),2024-02-13,2024,QOCA® image Smart RT Contouring System,Quanta Computer Inc.,,,0,0,Radiology,Radiology,QKB,2,892.2050,2023-06-23,235,N,2.642,1.0,1.0,retrospective,standalone performance has been validated in a retrospective performance study on CT data ... DSC,0,0,,,,965.0,0,0,0,0.0,0.0,0.0,0,0,1
K231355,510(k),2024-02-09,2024,Aurora,EnsoData,,,0,0,Anesthesiology,Other,MNR,2,868.2375,2023-05-10,275,N,2.653,1.0,0.0,none,Simultaneous polysomnography (PSG) and home sleep apnea test (HSAT) recordings were collected for adult patients (n=158),0,0,,,,969.0,0,0,0,0.0,0.0,0.0,0,0,1
K233080,510(k),2024-02-08,2024,HealthFLD,Nano-X AI Ltd.,,,0,0,Radiology,Radiology,JAK,2,892.1750,2023-09-26,135,N,2.656,1.0,1.0,retrospective,"The HealthFLD device demonstrated an overall agreement of 95.98% (95% CI: [92.77%, 97.8%] with the ground truth liver score binary classification",0,0,,,,970.0,0,0,0,0.0,0.0,0.0,0,0,1
DEN230041,De Novo,2024-02-06,2024,Sleep Apnea Feature,"Samsung Electronics Co., Ltd",Samsung Electronics Co. Ltd.,KRX:005930,1,0,Anesthesiology,Other,QZW,2,868.2378,2023-05-31,251,N,2.661,1.0,1.0,retrospective,sensitivity was 82.7% ... DUT's specificity was 87.7% ... which passes the predetermined acceptance criteria,0,0,,,,972.0,0,0,0,0.0,0.0,0.0,0,0,1
K232363,510(k),2024-02-05,2024,"Viz HDS, Viz Volume Plus, Viz ICH+","Viz.ai, Inc.",,,0,0,Radiology,Radiology,QIH,2,892.2050,2023-08-07,182,N,2.664,1.0,1.0,retrospective,"DICE score for hyperdenity(ies) and both lateral ventricles lower CI bound was greater than 70%, which was aligned with the performance goal",0,0,,,,973.0,0,0,0,0.0,0.0,0.0,0,0,1
DEN210035,De Novo,2024-01-31,2024,Genius Digital Diagnostics System with the Genius Cervical AI algorithm,Hologic Inc.,Hologic Inc.,,0,0,Pathology,Other,QYV,2,864.3900,2021-08-27,887,N,2.678,1.0,1.0,prospective,"The sensitivity of the Genius Cervical Al was statistically significantly higher for LSIL+, ASC-H+ and HSIL+",0,0,,,,978.0,0,0,0,0.0,0.0,0.0,0,0,1
K231396,510(k),2024-01-31,2024,CEPHX- Cephalometric Analysis Software,Orca Dental AI LTD,,,0,0,Radiology,Radiology,LLZ,2,892.2050,2023-05-15,261,N,2.678,1.0,1.0,retrospective,"99% of landmarks were identified, meeting the study endpoint and pre-defined hypothesis",0,0,,,,978.0,0,0,0,0.0,0.0,0.0,0,0,1
K233195,510(k),2024-01-24,2024,"Aplio i900, Aplio i800 and Aplio i700 Software V8.1 Diagnostic Ultrasound System",Canon Medical Systems Corporation,Canon Inc.,SEC:CAJPY,1,1,Radiology,Radiology,IYN,2,892.1550,2023-09-28,118,N,2.697,1.0,0.0,none,"evaluated by a cardiologist and applied to 10 in-vivo cine data, confirmed workflow improvements compared to existing manual workflow",0,0,,,,985.0,0,0,0,0.0,0.0,0.0,0,0,1
K233728,510(k),2024-01-19,2024,SIGNA Champion,GE Healthcare (Tianjin) Company Limited,GE HealthCare Technologies Inc.,SEC:GEHC,1,1,Radiology,Radiology,LNH,2,892.1000,2023-11-21,59,N,2.71,0.0,0.0,none,Sample clinical images have been included in this submission,0,0,,,,990.0,0,0,0,0.0,0.0,0.0,0,0,1
K232156,510(k),2024-01-19,2024,Rapid ASPECTS (v3),"iSchemaView, Inc.",,,0,0,Radiology,Radiology,POK,2,892.2060,2023-07-20,183,N,2.71,1.0,1.0,prospective,percent agreement of Rapid ASPECTS to the reference ... is 82.8% ... statistically significant improvement,0,0,,,,990.0,0,0,0,0.0,0.0,0.0,0,0,1
K232698,510(k),2024-01-18,2024,NemoScan,Software Nemotec S.L.,,,0,0,Radiology,Radiology,QIH,2,892.2050,2023-09-05,135,N,2.713,0.0,0.0,none,Process performance qualifications of the manufacturing process are conducted to assure a guide of a certain material can safely and effectively be manufactured.,0,0,,,,991.0,0,0,0,0.0,0.0,0.0,0,0,1
K231871,510(k),2024-01-17,2024,Radify Triage,Envisionit DeepAI Ltd,,,0,0,Radiology,Radiology,QFM,2,892.2080,2023-06-26,205,N,2.716,1.0,1.0,retrospective,AUC: 97.43 ... Sensitivity 94.81% ... Specificity 97.91%,0,0,,,,992.0,0,0,0,0.0,0.0,0.0,0,0,1
K233512,510(k),2024-01-16,2024,Rapid (6.0),"iSchemaView, Inc.",,,0,0,Radiology,Radiology,QIH,2,892.2050,2023-11-01,76,N,2.719,0.0,0.0,none,The Rapid System performance has been validated with phantom and case data.,0,0,,,,993.0,0,0,0,0.0,0.0,0.0,0,0,1
K233216,510(k),2024-01-13,2024,CLEWICU System,Clew Medical Ltd.,,,0,0,Cardiovascular,Cardiovascular,QNL,2,870.2210,2023-09-28,107,N,2.727,1.0,1.0,retrospective,the clinical performance of the CLEWICU models continue to meet the pre-defined acceptance criteria after being trained with the reduced input data set,0,0,,,,996.0,0,0,0,0.0,0.0,0.0,0,0,1
K233677,510(k),2024-01-12,2024,Biograph VK10,"Siemens Medical Solutions USA, Inc.",Siemens Healthineers AG,XETRA:SHL,1,0,Radiology,Radiology,KPS,2,892.1200,2023-11-16,57,N,2.73,0.0,0.0,none,PET Testing in accordance with NEMA NU 2: 2018 was conducted on the system,0,0,,,,997.0,0,0,0,0.0,0.0,0.0,0,0,1
K233964,510(k),2024-01-12,2024,GI Genius Module 100 (GGM100.US); GI Genius Module 200 (GGM200.US); ColonPRO 4.0 (CPRO40.US),Cosmo Artificial Intelligence - AI Ltd,Cosmo Pharmaceuticals N.V.,SIX:COPN,1,0,Gastroenterology-Urology,Other,QNP,2,876.1520,2023-12-15,28,N,2.73,1.0,1.0,retrospective,Lesion-based sensitivity 88.07% 86.5 % Improved,0,0,,,,997.0,0,0,0,0.0,0.0,0.0,0,0,1
DEN230008,De Novo,2024-01-12,2024,DermaSensor,DermaSensor Inc.,,,0,0,General and Plastic Surgery,Other,QZS,2,878.1830,2023-02-02,344,N,2.73,1.0,1.0,prospective,"was 95.5%, which was superior to the sensitivity of PCPs for the same population (83.0%, p-value <0.0001)",0,0,,,,997.0,0,11,1,0.0,0.0,11.0,0,0,1
DEN220040,De Novo,2024-01-12,2024,Fibresolve,"Imvaria, Inc",,,0,0,Radiology,Radiology,QWO,2,892.2085,2022-06-29,562,N,2.73,1.0,1.0,retrospective,"both endpoints were met, with device sensitivity 41% (95% CI: 30-52%) and specificity 87% (95% CI: 81-91%)",0,0,,,,997.0,0,0,0,0.0,0.0,0.0,0,0,1
DEN220066,De Novo,2024-01-11,2024,BrainSee,"Darmiyan, Inc.",,,0,0,Neurology,Neurology,QWT,2,882.1454,2022-09-29,469,N,2.732,1.0,1.0,prospective,"specificity of 96% (92%, 100%), sensitivity of 73% (65%, 81%), PPV of 97% (93%, 100%), and NPV of 71% (62%, 79%)",0,0,,,,998.0,0,0,0,0.0,0.0,0.0,0,0,1
K232250,510(k),2024-01-11,2024,SurgiCount+ System,Stryker Instruments,,,0,0,General Hospital,Other,PBZ,2,880.2750,2023-07-28,167,N,2.732,0.0,0.0,none,Non-clinical (bench) testing was conducted to validate the performance of the SurgiCount+ System,0,0,,,,998.0,0,5,1,0.0,0.0,5.0,0,0,1
K231324,510(k),2024-01-08,2024,DASI Dimensions (V1.0),DASI Simulations,,,0,0,Radiology,Radiology,QIH,2,892.2050,2023-05-08,245,N,2.741,1.0,1.0,retrospective,The Al generated control points performed at an 85.3% success rate achieving the acceptance criteria of ~75%,0,0,,,,1001.0,0,0,0,0.0,0.0,0.0,0,0,1
K232412,510(k),2024-01-08,2024,LungQ v3.0.0,Thirona BV,,,0,0,Radiology,Radiology,JAK,2,892.1750,2023-08-10,151,N,2.741,1.0,1.0,retrospective,"area under de ROC curve (Az value) ... was found to be 0.97, above the minimal threshold value",0,0,,,,1001.0,0,0,0,0.0,0.0,0.0,0,0,1
K231068,510(k),2024-01-07,2024,autoSCORE,Holberg EEG AS,,,0,0,Neurology,Neurology,OMB,2,882.1400,2023-04-14,268,N,2.743,1.0,1.0,retrospective,A retrospective non-interventional comprehensive clinical validation was performed using de-identified data to evaluate performance of all autoSCORE features against Human Experts and predicate devices,0,0,,,,1002.0,0,0,0,0.0,0.0,0.0,0,0,1
K231917,510(k),2024-01-05,2024,VEA Align,EOS imaging,Alphatec Holdings Inc.,SEC:ATEC,1,1,Radiology,Radiology,QIH,2,892.2050,2023-06-29,190,N,2.749,1.0,1.0,retrospective,testing dataset consisted of 555 patients ... met acceptance criteria for algorithm performance,0,0,,,,1004.0,0,0,0,0.0,0.0,0.0,0,0,1
K232808,510(k),2024-01-04,2024,Butterfly iQ3 Ultrasound System,"Butterfly Network, Inc.","Butterfly Network, Inc.",SEC:BFLY,1,1,Radiology,Radiology,IYN,2,892.1550,2023-09-12,114,N,2.752,0.0,0.0,none,The Butterfly iQ3 Ultrasound System did not require clinical studies to support substantial equivalence for this premarket submission.,0,0,,,,1005.0,0,0,0,0.0,0.0,0.0,0,0,1
K231779,510(k),2024-01-03,2024,REMI AI Discrete Detection Module,"Epitel, Inc.",,,0,0,Neurology,Neurology,OMB,2,882.1400,2023-06-16,201,N,2.754,1.0,1.0,retrospective,REMI-AI DDM clinical validation testing demonstrated that REMI-AI DDM achieved Event-Level Sensitivity > 70%,0,0,,,,1006.0,0,0,0,0.0,0.0,0.0,0,0,1
K231130,510(k),2023-12-26,2023,TumorSight Viz,"SimBioSys, Inc.",,,0,0,Radiology,Radiology,QIH,2,892.2050,2023-04-20,250,N,2.776,1.0,1.0,retrospective,"We found that all tests met the acceptance criteria, demonstrating adequate performance for our intended use.",0,0,,,,1014.0,0,0,0,0.0,0.0,0.0,0,0,1
K232535,510(k),2023-12-22,2023,MAGNETOM Sola; MAGNETOM Altea,"Siemens Medical Solutions USA, Inc.",Siemens Healthineers AG,XETRA:SHL,1,0,Radiology,Radiology,LNH,2,892.1000,2023-08-21,123,N,2.787,0.0,1.0,retrospective,"No clinical tests were conducted to support substantial equivalence for the subject devices; however, as stated above, sample clinical images were provided.",0,0,,,,1018.0,0,18,1,0.0,11.0,7.0,0,0,1
K232479,510(k),2023-12-22,2023,ART-Plan,TheraPanacea,,,0,0,Radiology,Radiology,MUJ,2,892.5050,2023-08-16,128,N,2.787,0.0,1.0,retrospective,No clinical studies were conducted as part of submission to prove substantial equivalence,0,0,,,,1018.0,0,0,0,0.0,0.0,0.0,0,0,1
K231805,510(k),2023-12-22,2023,qXR-LN,Qure.ai Technologies,,,0,0,Radiology,Radiology,MYN,2,892.2070,2023-06-20,185,N,2.787,1.0,1.0,prospective,qXR-LN achieved a nodule-level sensitivity of 84.1% which we believe is substantially equivalent to the predicate's performance,0,0,,,,1018.0,0,0,0,0.0,0.0,0.0,0,0,1
K233112,510(k),2023-12-21,2023,HM70 EVO Diagnostic Ultrasound System,"Samsung Medison CO., LTD.",Samsung Electronics Co. Ltd.,KRX:005930,1,0,Radiology,Radiology,IYN,2,892.1550,2023-09-27,85,N,2.79,1.0,1.0,prospective,The average dice-score of uterus is 96% ... The average dice-score of endometrium is 92%,0,0,,,,1019.0,0,0,0,0.0,0.0,0.0,0,0,1
K233176,510(k),2023-12-20,2023,uOmnispace.MI,"Shanghai United Imaging Healthcare Co., Ltd.",Shanghai United Imaging Healthcare,SSE:688271,1,0,Radiology,Radiology,LLZ,2,892.2050,2023-09-28,83,N,2.793,1.0,0.0,none,the average score of the proposed device results to be validated is 4.951 points and greater than 4 points,0,0,,,,1020.0,0,0,0,0.0,0.0,0.0,0,0,1
K230850,510(k),2023-12-20,2023,United Orthopedic Knee Patient Specific Instrumentation,"Enhatch, Inc.",,,0,0,Orthopedic,Other,OOG,2,888.3560,2023-03-28,267,N,2.793,1.0,0.0,none,verify and validate the accuracy of the software generated segmentation masks for CT and X-ray based DICOM data. The device passed the acceptance criteria,0,0,,,,1020.0,0,0,0,0.0,0.0,0.0,0,0,1
K231587,510(k),2023-12-18,2023,MAGNETOM Cima.X,"Siemens Medical Solutions USA, Inc.",Siemens Healthineers AG,XETRA:SHL,1,0,Radiology,Radiology,LNH,2,892.1000,2023-05-31,201,N,2.798,0.0,1.0,retrospective,No clinical tests were conducted to support substantial equivalence for the subject devices; however... sample clinical images were provided,1,1,2025-10-01,1.0,653.0,653.0,0,0,0,0.0,0.0,0.0,0,0,1
K231929,510(k),2023-12-18,2023,iQ-solutions,Sydney Neuroimaging Analysis Centre Pty Ltd,,,0,0,Radiology,Radiology,QIH,2,892.2050,2023-06-30,171,N,2.798,1.0,1.0,retrospective,81 extra patients were reserved as the Comprehensive Test Set ... DICE = 0.982 ... Pass,0,0,,,,1022.0,0,0,0,0.0,0.0,0.0,0,0,1
K230751,510(k),2023-12-15,2023,EW10-EC02 Endoscopy Support Program,FUJIFILM Corporation,Fujifilm Holdings Corp.,TSE:4901,1,0,Gastroenterology-Urology,Other,QNP,2,876.1520,2023-03-17,273,N,2.806,1.0,1.0,prospective,Sensitivity per lesion 95.1%...FP Objects/Patient 1.42...APC in CAC being superior with a p-value of 0.018,0,0,,,,1025.0,0,0,0,0.0,0.0,0.0,0,0,1
K232384,510(k),2023-12-15,2023,Videa Dental Assist,"VideaHealth, Inc.",,,0,0,Radiology,Radiology,MYN,2,892.2070,2023-08-08,129,N,2.806,1.0,1.0,prospective,AFROC FOM ... Attrition 0.171 (28.5% improvement;p-value3.3e-16) ... All of these results met their acceptance criteria,0,0,,,,1025.0,0,0,0,0.0,0.0,0.0,0,0,1
K231570,510(k),2023-12-14,2023,StrokeViewer Perfusion,NICo-Lab B.V.,,,0,0,Radiology,Radiology,LLZ,2,892.2050,2023-05-31,197,N,2.809,0.0,1.0,retrospective,Clinical data was not required for this submission of the StrokeViewer Perfusion,0,0,,,,1026.0,0,0,0,0.0,0.0,0.0,0,0,1
K232231,510(k),2023-12-13,2023,QP-Brain®,Quibim S.L.,,,0,0,Radiology,Radiology,QIH,2,892.2050,2023-07-27,139,N,2.812,1.0,1.0,retrospective,GM 0.983 ... WM 0.990 ... CSF 0.955 ... compared to manual expert segmentation,0,0,,,,1027.0,0,0,0,0.0,0.0,0.0,0,0,1
K232237,510(k),2023-12-13,2023,Tyto Insights for Wheeze Detection,Tyto Care Ltd.,,,0,0,Anesthesiology,Other,PHZ,2,868.1900,2023-07-28,138,N,2.812,1.0,1.0,retrospective,Sensitivity (Se) 0.54 ... Specificity (Sp) 0.98 ... AUC ... Insights - Analyzer 0.0570,0,0,,,,1027.0,0,0,0,0.0,0.0,0.0,0,0,1
DEN230027,De Novo,2023-12-12,2023,NaviCam ProScan,"Ankon Technologies co., ltd",,,0,0,Gastroenterology-Urology,Other,QZF,2,876.1540,2023-04-14,242,N,2.815,1.0,1.0,prospective,"Patient-level sensitivity and specificity were determined to be 98% (95% CI: 93.95%-99.71%) and 37% (95%CI: 27.27%-48.02%), respectively",0,0,,,,1028.0,0,0,0,0.0,0.0,0.0,0,0,1
K232096,510(k),2023-12-11,2023,Transpara Density 1.0.0,Screenpoint Medical B.V.,,,0,0,Radiology,Radiology,QIH,2,892.2050,2023-07-13,151,N,2.817,1.0,1.0,retrospective,sensitivity of 87.3% ... and a specificity of 90.4%,0,0,,,,1029.0,0,0,0,0.0,0.0,0.0,0,0,1
K231898,510(k),2023-12-08,2023,DTX Studio Clinic (4.0),Nobel Biocare AB,,,0,0,Radiology,Radiology,LLZ,2,892.2050,2023-06-28,163,N,2.825,,0.0,none,,0,0,,,,1032.0,0,0,0,0.0,0.0,0.0,0,0,0
K223757,510(k),2023-12-08,2023,Bonelogic,Disior Ltd,Zimmer Biomet Holdings Inc.,SEC:ZBH,1,1,Radiology,Radiology,LLZ,2,892.2050,2022-12-15,358,N,2.825,1.0,1.0,retrospective,The testing for 82 CT image series presented 100% correctly identified bones of foot and ankle.,0,0,,,,1032.0,0,0,0,0.0,0.0,0.0,0,0,1
K232381,510(k),2023-12-07,2023,LOGIQ Totus,"GE Medical Systems Ultrasound and Primary care Diagnostics,",GE HealthCare Technologies Inc.,SEC:GEHC,1,1,Radiology,Radiology,IYN,2,892.1550,2023-08-08,121,N,2.828,0.0,1.0,retrospective,did not require clinical studies to support substantial equivalence,0,0,,,,1033.0,0,0,0,0.0,0.0,0.0,0,0,1
K232661,510(k),2023-12-07,2023,Myocardial Strain Software Application,Circle Cardiovascular Imaging,,,0,0,Radiology,Radiology,LLZ,2,892.2050,2023-08-31,98,N,2.828,0.0,0.0,none,No clinical studies were necessary to support substantial equivalence.,0,0,,,,1033.0,0,0,0,0.0,0.0,0.0,0,0,1
K233334,510(k),2023-12-06,2023,Aquilion Serve SP (TSX-307B/1) V1.3,Canon Medical Systems Corporation,Canon Inc.,SEC:CAJPY,1,1,Radiology,Radiology,JAK,2,892.1750,2023-09-29,68,N,2.831,0.0,0.0,none,"CT image quality metrics were performed, utilizing phantoms, to assess Contrast-to-Noise Ratios",0,0,,,,1034.0,0,0,0,0.0,0.0,0.0,0,0,1
K233562,510(k),2023-12-06,2023,LINQ II Insertable Cardiac Monitor,"Medtronic, Inc.",Medtronic plc,SEC:MDT,1,1,Cardiovascular,Cardiovascular,MXD,2,870.1025,2023-11-06,30,N,2.831,0.0,0.0,none,there was no development or testing specific to the ICM,0,0,,,,1034.0,1,0,0,0.0,0.0,0.0,0,0,1
K232440,510(k),2023-12-05,2023,Adravision Perio,Adra Corporation,,,0,0,Radiology,Radiology,QIH,2,892.2050,2023-08-14,113,N,2.834,1.0,1.0,retrospective,Sensitivity 90.7% ... Specificity 94.3% ... met the prespecified performance requirements,0,0,,,,1035.0,0,0,0,0.0,0.0,0.0,0,0,1
K233568,510(k),2023-12-05,2023,Ceevra Reveal 3+,"Ceevra, Inc.",,,0,0,Radiology,Radiology,QIH,2,892.2050,2023-11-06,29,N,2.834,1.0,0.0,none,prostate (from MR prostate imaging) 0.87 DSC; bladder (from MR prostate imaging) 0.90 DSC,0,0,,,,1035.0,0,0,0,0.0,0.0,0.0,0,0,1
K232856,510(k),2023-12-01,2023,Syngo Carbon Clinicals,Siemens Healthcare GmbH,Siemens Healthineers AG,XETRA:SHL,1,0,Radiology,Radiology,QIH,2,892.2050,2023-09-15,77,N,2.845,0.0,0.0,none,"No clinical studies were carried out for the product, all performance testing was conducted in a non-clinical fashion",0,0,,,,1039.0,0,0,0,0.0,0.0,0.0,0,0,1
K233545,510(k),2023-11-30,2023,EPIQ Series Diagnostic Ultrasound System,Philips Ultrasound LLC,Koninklijke Philips N.V.,SEC:PHG,1,1,Radiology,Radiology,IYN,2,892.1550,2023-11-03,27,Y,2.847,0.0,0.0,none,did not require clinical data for determination of substantial equivalence,1,1,2025-07-03,3.0,581.0,581.0,0,0,0,0.0,0.0,0.0,0,0,1
K230179,510(k),2023-11-29,2023,6440 MyLabX90,Esaote S.p.A.,Esaote S.p.A.,,0,0,Radiology,Radiology,IYN,2,892.1550,2023-01-23,310,N,2.85,0.0,1.0,retrospective,No clinical tests were performed.,1,1,2025-03-14,2.0,471.0,471.0,0,1,1,0.0,0.0,1.0,0,0,1
K231631,510(k),2023-11-28,2023,BriefCase-Quantification,"Aidoc Medical, Ltd.",,,0,0,Radiology,Radiology,JAK,2,892.1750,2023-06-05,176,N,2.853,1.0,1.0,retrospective,the overall agreement between the ground truth and algorithm across estimated CAC scores was 87.1%,0,0,,,,1042.0,0,0,0,0.0,0.0,0.0,0,0,1
K232000,510(k),2023-11-28,2023,syngo.via MI Workflows; Scenium; syngo MBF,"Siemens Medical Solutions USA, Inc.",Siemens Healthineers AG,XETRA:SHL,1,0,Radiology,Radiology,QIH,2,892.2050,2023-07-05,146,N,2.853,1.0,1.0,retrospective,compared to SUVRs calculated with an MR-based method ... good correlations and agreement ... on more than 700 flortaucipir images from ADNI,0,0,,,,1042.0,0,0,0,0.0,0.0,0.0,0,0,1
K233243,510(k),2023-11-27,2023,ClearPoint System (Software Version 2.2),ClearPoint Neuro Inc.,"ClearPoint Neuro, Inc.",SEC:CLPT,1,1,Neurology,Neurology,HAW,2,882.4560,2023-09-28,60,N,2.856,0.0,0.0,none,Accuracy testing was performed to confirm that modifications included in ClearPoint System 2.2 did not cause any unexpected changes in the accuracy specifications of the software,0,0,,,,1043.0,0,0,0,0.0,0.0,0.0,0,0,1
K232496,510(k),2023-11-21,2023,Brainomix 360 Triage Stroke,Brainomix Limited,,,0,0,Radiology,Radiology,QAS,2,892.2080,2023-08-17,96,N,2.872,1.0,1.0,prospective,ICH performance was observed at 92.5% sensitivity ... NCCT LVO performance was observed at 68.75% sensitivity,0,0,,,,1049.0,0,0,0,0.0,0.0,0.0,0,0,1
K232501,510(k),2023-11-17,2023,AI Platform (AIP001),Exo Inc,,,0,0,Radiology,Radiology,QIH,2,892.2050,2023-08-17,92,N,2.883,1.0,1.0,retrospective,Performance was assessed by calculating the intraclass correlation coefficient (ICC) and ejection fraction root mean square difference (RMSD),0,0,,,,1053.0,0,0,0,0.0,0.0,0.0,0,0,1
K232841,510(k),2023-11-15,2023,Axial3D Insight,Axial Medical Printing Limited,,,0,0,Radiology,Radiology,QIH,2,892.2050,2023-09-14,62,N,2.888,1.0,1.0,retrospective,all cases were scored within the acceptance criteria of 1 or 2a,0,0,,,,1055.0,0,0,0,0.0,0.0,0.0,0,0,1
K232494,510(k),2023-11-14,2023,MAGNETOM Avanto fit; MAGNETOM Skyra fit,"Siemens Medical Solutions USA, Inc.",Siemens Healthineers AG,XETRA:SHL,1,0,Radiology,Radiology,LNH,2,892.1000,2023-08-17,89,N,2.891,0.0,0.0,none,"No clinical tests were conducted to support substantial equivalence for the subject devices; however, as stated above, sample clinical images were provided",1,1,2025-08-28,1.0,653.0,653.0,0,2,1,0.0,2.0,0.0,0,0,1
K232083,510(k),2023-11-13,2023,BriefCase-Quantification,"Aidoc Medical, Ltd.",,,0,0,Radiology,Radiology,QIH,2,892.2050,2023-07-13,123,N,2.894,1.0,1.0,retrospective,mean absolute error between the ground truth measurement and algorithm was 0.94 mm ... primary endpoint was achieved,0,0,,,,1057.0,0,0,0,0.0,0.0,0.0,0,0,1
K232257,510(k),2023-11-13,2023,Clarius Bladder AI,Clarius Mobile Health Corp.,,,0,0,Radiology,Radiology,QIH,2,892.2050,2023-07-28,108,N,2.894,1.0,1.0,prospective,automatic bladder volume measurement was found to be non-inferior (p value of 1.87e-22),0,0,,,,1057.0,0,0,0,0.0,0.0,0.0,0,0,1
K223754,510(k),2023-11-09,2023,BraveCX,Bering Ltd,,,0,0,Radiology,Radiology,QFM,2,892.2080,2022-12-15,329,N,2.905,1.0,1.0,retrospective,ROC AUC 0.988 (95% CI:0.9885-0.9887) Sensitivity 92.62% (95% CI:90.67%-94.27%) Specificity 98.11% (97.33%-98.71%),0,0,,,,1061.0,0,0,0,0.0,0.0,0.0,0,0,1
K231617,510(k),2023-11-09,2023,MAGNETOM Free.Max; MAGNETOM Free.Star,"Siemens Medical Solutions USA, Inc.",Siemens Healthineers AG,XETRA:SHL,1,0,Radiology,Radiology,LNH,2,892.1000,2023-06-02,160,N,2.905,0.0,1.0,retrospective,No clinical tests were conducted to support substantial equivalence for the subject device; however... sample clinical images were provided,0,0,,,,1061.0,0,0,0,0.0,0.0,0.0,0,0,1
K230534,510(k),2023-11-08,2023,BriefCase-Quantification,"Aidoc Medical, Ltd.",,,0,0,Radiology,Radiology,QIH,2,892.2050,2023-02-27,254,N,2.908,1.0,1.0,retrospective,mean absolute error between the ground truth measurement and algorithm was 1.95 mm...prespecified performance goal...achieved,0,0,,,,1062.0,0,0,0,0.0,0.0,0.0,0,0,1
K231765,510(k),2023-11-08,2023,Contour ProtégéAI,MIM Software Inc.,GE HealthCare Technologies Inc.,SEC:GEHC,1,1,Radiology,Radiology,QKB,2,892.2050,2023-06-16,145,N,2.908,1.0,1.0,retrospective,Contour ProtégéAI results were equivalent or had better performance than the MIM Maestro atlas segmentation reference device,0,0,,,,1062.0,0,0,0,0.0,0.0,0.0,0,0,1
K231966,510(k),2023-11-07,2023,LOGIQ E10,"GE Medical Systems Ultrasound and Primary care Diagnostics,",GE HealthCare Technologies Inc.,SEC:GEHC,1,1,Radiology,Radiology,IYN,2,892.1550,2023-07-03,127,N,2.91,0.0,1.0,prospective,did not require clinical studies to support substantial equivalence,0,0,,,,1063.0,0,0,0,0.0,0.0,0.0,0,0,1
K231989,510(k),2023-11-07,2023,"LOGIQ E10s, LOGIQ Fortis","GE Medical Systems Ultrasound and Primary Care Diagnostic,",GE HealthCare Technologies Inc.,SEC:GEHC,1,1,Radiology,Radiology,IYN,2,892.1550,2023-07-05,125,N,2.91,0.0,1.0,prospective,did not require clinical studies to support substantial equivalence,0,0,,,,1063.0,0,0,0,0.0,0.0,0.0,0,0,1
K231470,510(k),2023-11-06,2023,Lunit INSIGHT DBT,Lunit Inc.,Lunit Inc.,KOSDAQ:328130,1,0,Radiology,Radiology,QDQ,2,892.2090,2023-05-22,168,N,2.913,1.0,1.0,retrospective,The subject device's AUROC in the standalone performance analysis was 0.928... which exceeded the acceptance criteria,0,0,,,,1064.0,0,0,0,0.0,0.0,0.0,0,0,1
K231955,510(k),2023-11-03,2023,aprevo® Digital Segmentation,"Carlsmed, Inc.","CARLSMED, INC.",SEC:CARL,1,1,Radiology,Radiology,QIH,2,892.2050,2023-07-03,123,N,2.921,1.0,1.0,retrospective,IOU ... score ... exceeded the acceptance criteria of 80% ... sensitivity and specificity exceeding 80%,0,0,,,,1067.0,0,0,0,0.0,0.0,0.0,0,0,1
K232751,510(k),2023-10-30,2023,BriefCase-Triage,"Aidoc Medical, Ltd.",,,0,0,Radiology,Radiology,QAS,2,892.2080,2023-09-08,52,N,2.932,1.0,1.0,retrospective,"Sensitivity was 89.2% (95% CI: 82.5%, 93.9%) and specificity was 94.5% (95% CI: 90.3%, 97.2%).",0,0,,,,1071.0,0,0,0,0.0,0.0,0.0,0,0,1
K231965,510(k),2023-10-30,2023,"Voluson Expert 22, Voluson Expert 20, Voluson Expert 18","GE Medical Systems Ultrasound and Primary Care Diagnostics,",GE HealthCare Technologies Inc.,SEC:GEHC,1,1,Radiology,Radiology,IYN,2,892.1550,2023-07-03,119,N,2.932,0.0,1.0,retrospective,did not require clinical studies to support substantial equivalence,0,0,,,,1071.0,0,0,0,0.0,0.0,0.0,0,0,1
K232145,510(k),2023-10-30,2023,"ACUSON Sequoia Diagnostic Ultrasound System, ACUSON Sequoia Select Diagnostic Ultrasound System, ACUSON Origin Diagnostic Ultrasound System","Siemens Medical Solutions USA, Inc.",Siemens Healthineers AG,XETRA:SHL,1,0,Radiology,Radiology,IYN,2,892.1550,2023-07-19,103,N,2.932,1.0,1.0,retrospective,the algorithm is successful 99.3% of the time ... Pearson correlation coefficient of 0.81 or higher,0,0,,,,1071.0,0,0,0,0.0,0.0,0.0,0,0,1
K232045,510(k),2023-10-27,2023,MeVis Liver Suite,MeVis Medical Solutions AG,,,0,0,Radiology,Radiology,JAK,2,892.1750,2023-07-10,109,N,2.94,1.0,1.0,retrospective,MeVis Liver Suite achieved a mean and median DICE score > 85% ... >80% of all expert scores rated the algorithm results as sufficiently accurate,0,0,,,,1074.0,0,0,0,0.0,0.0,0.0,0,0,1
K230854,510(k),2023-10-27,2023,SwiftMR,AIRS Medical Inc.,,,0,0,Radiology,Radiology,LLZ,2,892.2050,2023-03-28,213,N,2.94,1.0,1.0,retrospective,Performance test was conducted using retrospective clinical images...SNR...increased by 40% or more for at least 90% of the dataset...This test passed,0,0,,,,1074.0,0,0,0,0.0,0.0,0.0,0,0,1
K232500,510(k),2023-10-26,2023,Lumify Diagnostic Ultrasound System,Philips Ultrasound,Koninklijke Philips N.V.,SEC:PHG,1,1,Radiology,Radiology,IYN,2,892.1550,2023-08-17,70,N,2.943,1.0,0.0,none,"Strong correlation was demonstrated between LVivo EF ejection fraction (EF) measurements and the average results by manual tracing, r=0.82 ... meeting the end point criteria",1,1,2025-10-31,2.0,736.0,736.0,0,0,0,0.0,0.0,0.0,0,0,1
K230842,510(k),2023-10-25,2023,SignalHF (IM008),Implicity Inc.,,,0,0,Cardiovascular,Cardiovascular,QNL,2,870.2210,2023-03-28,211,N,2.946,1.0,1.0,retrospective,Sensitivity for detecting hospitalizations with HF as primary diagnosis > 40%...59.8% [54.0%; 65.4%],0,0,,,,1076.0,0,0,0,0.0,0.0,0.0,0,0,1
K232436,510(k),2023-10-25,2023,Rapid SDH,"iSchemaView, Inc.",,,0,0,Radiology,Radiology,QAS,2,892.2080,2023-08-14,72,N,2.946,1.0,1.0,retrospective,Sensitivity (Se) was measured at Se: 0.924 ... Sp: 0.987 ... AUC: 0.995,0,0,,,,1076.0,0,0,0,0.0,0.0,0.0,0,0,1
K232305,510(k),2023-10-23,2023,AI-Rad Companion Brain MR,Siemens Medical Solutions U.S.A.,Siemens Healthineers AG,XETRA:SHL,1,0,Radiology,Radiology,QIH,2,892.2050,2023-08-01,83,N,2.951,1.0,1.0,retrospective,AVG PCC 0.94 ... Dice 0.50 ... F1-score 0.69,0,0,,,,1078.0,0,0,0,0.0,0.0,0.0,0,0,1
K231560,510(k),2023-10-23,2023,MAGNETOM Vida; MAGNETOM Lumina; MAGNETOM Aera; MAGNETOM Skyra; MAGNETOM Prisma; MAGNETOM Prisma fit,"Siemens Medical Solutions USA, Inc.",Siemens Healthineers AG,XETRA:SHL,1,0,Radiology,Radiology,LNH,2,892.1000,2023-05-30,146,N,2.951,0.0,1.0,retrospective,No clinical tests were conducted to support substantial equivalence for the subject devices; however... sample clinical images were provided,1,1,2025-08-28,1.0,675.0,675.0,0,42,1,0.0,37.0,5.0,0,0,1
K231764,510(k),2023-10-23,2023,Ultrasound System 1300,BK Medical Aps,,,0,0,Radiology,Radiology,IYN,2,892.1550,2023-06-16,129,N,2.951,1.0,0.0,none,the initial placement of the caliper is expected to deviate 7% +/- 15% compared to manual placement,1,1,2025-10-09,2.0,717.0,717.0,0,0,0,0.0,0.0,0.0,0,0,1
K230209,510(k),2023-10-20,2023,Sonix Health,"Ontact Health Co., Ltd.",,,0,0,Radiology,Radiology,QIH,2,892.2050,2023-01-25,268,N,2.96,1.0,1.0,retrospective,average accuracy of 98.22% for view recognition and a 93.98% average correlation coefficient,0,0,,,,1081.0,0,0,0,0.0,0.0,0.0,0,0,1
K231642,510(k),2023-10-13,2023,Veuron-Brain-pAb3,"Heuron Co., Ltd.",,,0,0,Radiology,Radiology,LLZ,2,892.2050,2023-06-05,130,N,2.979,0.0,0.0,none,No clinical testing was conducted,0,0,,,,1088.0,0,0,0,0.0,0.0,0.0,0,0,1
K230370,510(k),2023-10-13,2023,SpotLight/SpotLight Duo (with DLIR option),Arineta Ltd.,,,0,0,Radiology,Radiology,JAK,2,892.1750,2023-02-10,245,N,2.979,1.0,1.0,retrospective,Five (5) certified CT readers...examined the reconstructed series...DLIR was found to provide diagnostic image quality that is not inferior,0,0,,,,1088.0,0,1,1,0.0,0.0,1.0,0,0,1
K230220,510(k),2023-10-11,2023,NeuViz 128 Multi-Slice CT Scanner System,"Neusoft Medical Systems Co., Ltd.",,,0,0,Radiology,Radiology,JAK,2,892.1750,2023-01-26,258,N,2.984,1.0,1.0,prospective,read by 3 board-certified radiologists who provided an assessment of image quality...according to a 5-point Likert scale,0,0,,,,1090.0,0,0,0,0.0,0.0,0.0,0,0,1
K230144,510(k),2023-10-06,2023,Denti.AI Detect,"Denti.AI Technology, Inc.",,,0,0,Radiology,Radiology,MYN,2,892.2070,2023-01-18,261,N,2.998,1.0,1.0,prospective,across-category wAFROC AUC of 0.737...Bitewing: CEJ-Bone: Sensitivity 98.1%,0,0,,,,1095.0,0,0,0,0.0,0.0,0.0,0,0,1
K223905,510(k),2023-10-06,2023,Vivio® LVEDP System,"Avicena, LLC",,,0,0,Cardiovascular,Cardiovascular,QUO,2,870.2200,2022-12-28,282,N,2.998,1.0,1.0,prospective,"The primary efficacy objectives for the study were met; sensitivity of 80% (64–91), and specificity of 80% (73–86).",0,0,,,,1095.0,0,0,0,0.0,0.0,0.0,0,0,1
K232787,510(k),2023-10-06,2023,ScanNav Anatomy Peripheral Nerve Block,Intelligent Ultrasound Limited,,,0,0,Anesthesiology,Other,QRG,2,868.1980,2023-09-11,25,N,2.998,1.0,0.0,none,Accuracy (TP+TN) rate: Correct highlighting of safety critical anatomical structures ... 96.7% (177 out of 183 scans),0,0,,,,1095.0,0,0,0,0.0,0.0,0.0,0,0,1
K232760,510(k),2023-10-06,2023,Swoop® Portable MR Imaging System®,"Hyperfine, Inc.","Hyperfine, Inc.",SEC:HYPR,1,1,Radiology,Radiology,LNH,2,892.1000,2023-09-08,28,N,2.998,0.0,0.0,none,Testing to verify the subject device meets all image quality criteria.,0,0,,,,1095.0,0,0,0,0.0,0.0,0.0,0,0,1
K232367,510(k),2023-10-05,2023,cmAngio® V1.0,"CureMetrix, Inc.",,,0,0,Radiology,Radiology,QIH,2,892.2050,2023-08-08,58,N,3.001,,0.0,none,,0,0,,,,1096.0,0,0,0,0.0,0.0,0.0,0,0,0
K232704,510(k),2023-10-05,2023,Clarius Ultrasound Scanner,Clarius Mobile Health Corp.,,,0,0,Radiology,Radiology,IYN,2,892.1550,2023-09-05,30,N,3.001,0.0,0.0,none,The Clarius Ultrasound Scanner (PAL HD3 transducer model) did not require clinical studies to support the determination of substantial equivalence.,0,0,,,,1096.0,0,1,1,0.0,0.0,1.0,0,0,1
K231001,510(k),2023-10-05,2023,DeepTek CXR Analyzer v1.0,DeepTek Medical Imaging Pvt Ltd,,,0,0,Radiology,Radiology,MYN,2,892.2070,2023-04-07,181,N,3.001,1.0,1.0,prospective,wAFROC-FOM for aided readings was 0.893...significantly higher (p<0.0001) than...0.821 for unaided readings,0,0,,,,1096.0,0,0,0,0.0,0.0,0.0,0,0,1
K232023,510(k),2023-10-04,2023,Momentum Spine,Momentum Health Inc.,,,0,0,Radiology,Radiology,LDK,U,,2023-07-07,89,N,3.003,0.0,0.0,none,"The prediction should be within 10 degrees of the X-ray, taken on the same day",0,0,,,,1097.0,0,0,0,0.0,0.0,0.0,0,0,1
K231025,510(k),2023-10-04,2023,EFAI NeuroSuite CT ICH Assessment System,"Ever Fortune.AI Co., Ltd.",,,0,0,Radiology,Radiology,QAS,2,892.2080,2023-04-11,176,N,3.003,1.0,1.0,retrospective,sensitivity and specificity of 0.947...and 0.949...AUROC of 0.983,0,0,,,,1097.0,0,0,0,0.0,0.0,0.0,0,0,1
K231398,510(k),2023-10-04,2023,VUNO Med-DeepBrain,VUNO Inc.,Listed Korean AI company,KOSDAQ,1,0,Radiology,Radiology,QIH,2,892.2050,2023-05-15,142,N,3.003,1.0,1.0,retrospective,Whole brain regions including cortical and subcortical as well as WMH regions exceeded the criteria,0,0,,,,1097.0,0,0,0,0.0,0.0,0.0,0,0,1
K232712,510(k),2023-10-03,2023,uMI Panorama,"Shanghai United Imaging Healthcare Co., Ltd.",Shanghai United Imaging Healthcare,SSE:688271,1,0,Radiology,Radiology,KPS,2,892.1200,2023-09-05,28,N,3.006,0.0,1.0,retrospective,Clinical evaluation shows that all images produced by uMI Panorama with uExcel Focus are sufficient for clinical diagnosis,1,2,2025-09-12,2.0,710.0,710.0,0,0,0,0.0,0.0,0.0,0,0,1
K231772,510(k),2023-10-03,2023,"V8/H8 Diagnostic Ultrasound System, V7/H7 Diagnostic Ultrasound System, V6/H6 Diagnostic Ultrasound System","Samsung Medison Co., Ltd.",Samsung Electronics Co. Ltd.,KRX:005930,1,0,Radiology,Radiology,IYN,2,892.1550,2023-06-16,109,N,3.006,1.0,1.0,retrospective,"NerveTrack accuracy was 90.3%, validated against ground truth from anesthesiologists and sonographers on patient images",0,0,,,,1098.0,0,0,0,0.0,0.0,0.0,0,0,1
K230085,510(k),2023-10-03,2023,Lung-CAD,"Imagen Technologies, Inc",,,0,0,Radiology,Radiology,MYN,2,892.2070,2023-01-11,265,N,3.006,1.0,1.0,prospective,"standalone performance assessment on 5,000 chest radiograph cases...sensitivity(0.898)...AUC(0.964)",0,0,,,,1098.0,0,0,0,0.0,0.0,0.0,0,0,1
K230045,510(k),2023-09-29,2023,HipCheck,Stryker Corp.,STRYKER CORP,SEC:SYK,1,1,Radiology,Radiology,QIH,2,892.2050,2023-01-06,266,N,3.017,1.0,1.0,retrospective,test dataset consists of 745 fluoroscopic images...automatically detects the presence or absence of a hip (90% Lower Bound of 97.5%),0,0,,,,1102.0,0,0,0,0.0,0.0,0.0,0,0,1
K231837,510(k),2023-09-28,2023,Brainomix 360 Triage LVO,Brainomix Limited,,,0,0,Radiology,Radiology,QAS,2,892.2080,2023-06-22,98,N,3.02,1.0,1.0,retrospective,Sensitivity of 90% (95% CI: 84.2-94.3) and Specificity 92.9% ... AUC of 91.4%,0,0,,,,1103.0,0,0,0,0.0,0.0,0.0,0,0,1
K232699,510(k),2023-09-28,2023,Low Ejection Fraction AI-ECG Algorithm,"Anumana, Inc.",,,0,0,Cardiovascular,Cardiovascular,QYE,2,870.2380,2023-09-05,23,N,3.02,1.0,1.0,retrospective,"the Anumana Low EF ECG-AI device achieved a sensitivity of 84.5% (95% CI of 82.2% to 86.6%), a specificity of 83.6%",0,0,,,,1103.0,0,0,0,0.0,0.0,0.0,0,0,1
K232616,510(k),2023-09-27,2023,Volta AF-Xplorer,Volta Medical,,,0,0,Cardiovascular,Cardiovascular,DQK,2,870.1425,2023-08-28,30,N,3.023,0.0,0.0,none,Bench testing was previously conducted in the VX1+ (K223516) and VX1 (K201298) to demonstrate rigorous software verification and validation testing,0,0,,,,1104.0,0,0,0,0.0,0.0,0.0,0,0,1
K230252,510(k),2023-09-26,2023,OFIX MIS App,Orthofix US LLC,,,0,0,Radiology,Radiology,LLZ,2,892.2050,2023-01-30,239,N,3.025,0.0,0.0,none,demonstrated accuracy and usability with bench top and simulated use testing,0,0,,,,1105.0,0,0,0,0.0,0.0,0.0,0,0,1
K231928,510(k),2023-09-25,2023,EFAI RTSUITE CT HCAP-Segmentation System,"Ever Fortune.AI Co., Ltd.",,,0,0,Radiology,Radiology,QKB,2,892.2050,2023-06-30,87,N,3.028,1.0,1.0,retrospective,157 non-contrast CT cases ... mean DSC of 0.83 ... successfully met the primary endpoint,0,0,,,,1106.0,0,0,0,0.0,0.0,0.0,0,0,1
K231767,510(k),2023-09-22,2023,Annalise Enterprise CTB Triage Trauma,Annalise-AI Pty Ltd,,,0,0,Radiology,Radiology,QAS,2,892.2080,2023-06-16,98,N,3.036,1.0,1.0,retrospective,The standalone performance study was conducted on an independent cohort... collected consecutively from five US hospital network sites,0,0,,,,1109.0,0,0,0,0.0,0.0,0.0,0,0,1
K231149,510(k),2023-09-22,2023,qXR-CTR,Qure.ai Technologies,,,0,0,Radiology,Radiology,QIH,2,892.2050,2023-04-21,154,N,3.036,1.0,1.0,retrospective,Clinical studies were conducted on retrospectively collected chest X-rays to evaluate the performance of qXR-CTR for measuring the cardiac diameter and thoracic diameter,0,0,,,,1109.0,0,0,0,0.0,0.0,0.0,0,0,1
K223659,510(k),2023-09-22,2023,Jazz,AI Medical AG,,,0,0,Radiology,Radiology,LLZ,2,892.2050,2022-12-06,290,N,3.036,1.0,1.0,retrospective,"a voxel-wise sensitivity of at least 40%, a voxel-wise specificity of at least 95%, and a lesion-wise dice score of at least 0.5",0,0,,,,1109.0,0,0,0,0.0,0.0,0.0,0,0,1
K231384,510(k),2023-09-22,2023,Annalise Enterprise CTB Triage Trauma,Annalise-AI Pty Ltd.,,,0,0,Radiology,Radiology,QAS,2,892.2080,2023-05-12,133,N,3.036,1.0,1.0,retrospective,The standalone performance study was conducted on an independent cohort... collected consecutively from five US hospital network sites,0,0,,,,1109.0,0,0,0,0.0,0.0,0.0,0,0,1
K231678,510(k),2023-09-21,2023,Overjet Periapical Radiolucency Assist,"Overjet, Inc",,,0,0,Radiology,Radiology,MYN,2,892.2070,2023-06-09,104,N,3.039,,0.0,none,,0,0,,,,1110.0,0,0,0,0.0,0.0,0.0,0,0,0
K231281,510(k),2023-09-19,2023,Aquilion Serve (TSX-307A/1) V1.3,Canon Medical Systems Corporation,Canon Inc.,SEC:CAJPY,1,1,Radiology,Radiology,JAK,2,892.1750,2023-05-03,139,N,3.044,0.0,0.0,none,"CT image quality assessments were performed, utilizing phantoms, to evaluate the performance of SilverBeam with AiCE",0,0,,,,1112.0,0,0,0,0.0,0.0,0.0,0,0,1
K221309,510(k),2023-09-19,2023,AI100 with Shonit,SigTuple Technologies Pvt. Ltd.,,,0,0,Hematology,Other,JOY,2,864.5260,2022-05-05,502,N,3.044,1.0,1.0,retrospective,A total of 882 samples were collected and analyzed across four sites,0,0,,,,1112.0,0,0,0,0.0,0.0,0.0,0,0,1
K220034,510(k),2023-09-14,2023,NEUROShield,In-Med Prognostics L3C,,,0,0,Radiology,Radiology,LLZ,2,892.2050,2022-01-05,617,N,3.058,1.0,1.0,retrospective,The average dice coefficient and Hausdorff distance was found to be 0.91 and 3.8 mm,0,0,,,,1117.0,0,0,0,0.0,0.0,0.0,0,0,1
K223811,510(k),2023-09-13,2023,Lung-CAD,"Imagen Technologies, Inc",,,0,0,Radiology,Radiology,MYN,2,892.2070,2022-12-20,267,N,3.061,1.0,1.0,prospective,"Lung-CAD detects ROIs with high sensitivity (0.913), high specificity (0.866), and high Area Under the Curve (AUC) of 0.961",0,0,,,,1118.0,0,0,0,0.0,0.0,0.0,0,0,1
K231748,510(k),2023-09-12,2023,Cartesion Prime (PCD-1000A/3) V10.15,Canon Medical Systems Corporation,Canon Inc.,SEC:CAJPY,1,1,Radiology,Radiology,KPS,2,892.1200,2023-06-15,89,N,3.064,,0.0,none,,1,1,2024-09-17,2.0,371.0,371.0,0,0,0,0.0,0.0,0.0,0,0,0
K232526,510(k),2023-09-12,2023,"XIDF-AWS801, Angio Workstation (Alphenix Workstation), V9.5",Canon Medical Systems Corporation,Canon Inc.,SEC:CAJPY,1,1,Radiology,Radiology,JAA,2,892.1650,2023-08-21,22,N,3.064,0.0,0.0,none,Risk analysis and verification/validation testing conducted through bench testing demonstrate that the established specifications for the device have been met.,0,0,,,,1119.0,0,0,0,0.0,0.0,0.0,0,0,1
K223864,510(k),2023-09-09,2023,"Alignment System Cranial, Alignment Software Cranial, Cirq Alignment Software Cranial Biopsy, Cirq Alignment Software Cranial sEEG, Varioguide Alignment Software Cranial",Brainlab AG,Brainlab AG,,0,0,Neurology,Neurology,HAW,2,882.4560,2022-12-23,260,N,3.072,0.0,0.0,none,No clinical testing was needed for the Subject Device since optical tracking technology in the scope of image guided surgery for the included indications for use is well established,0,0,,,,1122.0,0,20,1,0.0,20.0,0.0,0,0,1
K231335,510(k),2023-09-08,2023,Cleerly ISCHEMIA,"Cleerly, Inc",,,0,0,Cardiovascular,Cardiovascular,QXZ,2,870.2200,2023-05-08,123,N,3.075,1.0,1.0,prospective,"The Cleerly ISCHEMIA validation study used data from the CREDENCE Trial... a prospective, multicenter trial of 612 stable subjects",0,0,,,,1123.0,0,0,0,0.0,0.0,0.0,0,0,1
K232686,510(k),2023-09-08,2023,CorVista® System,"CorVista Health, Inc.",,,0,0,Cardiovascular,Cardiovascular,QXX,2,870.2380,2023-09-01,7,N,3.075,1.0,1.0,prospective,"demonstrated to be 88% sensitivity and 51% specificity, with a 0.80 AUC-ROC",0,0,,,,1123.0,0,0,0,0.0,0.0,0.0,0,0,1
K222921,510(k),2023-09-08,2023,Minuteful-kidney test,Healthy.io Ltd.,,,0,0,Clinical Chemistry,Other,JIR,1,862.1645,2022-09-26,347,N,3.075,0.0,0.0,none,See Minuteful - kidney test summary (K210069).,0,0,,,,1123.0,0,0,0,0.0,0.0,0.0,0,0,1
K223621,510(k),2023-09-08,2023,DeepXray,"Alpha Intelligence Manifolds, Inc.",,,0,0,Radiology,Radiology,QIH,2,892.2050,2022-12-05,277,N,3.075,1.0,1.0,retrospective,The performance data support that the knee OA assessments and measurements given by DeepXray are in good agreement with clinical professionals' labeling,0,0,,,,1123.0,0,0,0,0.0,0.0,0.0,0,0,1
K231207,510(k),2023-09-07,2023,"CARTO 3 EP Navigation System Software V8.0 (FG-5400-00, FG-5400-00U)","Biosense Webster, Inc.",,,0,0,Cardiovascular,Cardiovascular,DQK,2,870.1425,2023-04-27,133,N,3.077,1.0,1.0,retrospective,A Real-World Evidence study (REAL AF Registry Sub-Study) evaluating the safety and acute effectiveness of Paroxysmal Atrial Fibrillation ablation,0,0,,,,1124.0,0,43,1,0.0,3.0,40.0,0,0,1
K232482,510(k),2023-09-06,2023,MAGNETOM Viato.Mobile,"Siemens Medical Solutions USA, Inc.",Siemens Healthineers AG,XETRA:SHL,1,0,Radiology,Radiology,LNH,2,892.1000,2023-08-16,21,N,3.08,0.0,0.0,none,No clinical study and no additional clinical tests were conducted to support substantial equivalence,0,0,,,,1125.0,0,0,0,0.0,0.0,0.0,0,0,1
K223622,510(k),2023-09-01,2023,FaceHeart Vitals Software Development Kit (FH vitals SDK),FaceHeart Corp.,,,0,0,Cardiovascular,Cardiovascular,QME,2,870.2785,2022-12-05,270,N,3.094,1.0,1.0,retrospective,"The performance of the FH vitals SDK was tested in a clinical study of 527 participants, age 18 and older",0,0,,,,1130.0,0,0,0,0.0,0.0,0.0,0,0,1
K230355,510(k),2023-08-30,2023,"Vantage Galan 3T, MRT-3020, V9.0 with AiCE Reconstruction Processing Unit for MR",Canon Medical Systems Corporation,Canon Inc.,SEC:CAJPY,1,1,Radiology,Radiology,LNH,2,892.1000,2023-02-09,202,N,3.099,1.0,1.0,retrospective,"scored by the 3 reviewers per anatomy...using a modified 5-point Likert scale, where 3 or above is considered clinically acceptable",1,2,2024-05-10,2.0,254.0,254.0,0,0,0,0.0,0.0,0.0,0,0,1
K223639,510(k),2023-08-28,2023,VisAble.IO,TechsoMed,,,0,0,Radiology,Radiology,QTZ,2,892.2050,2022-12-05,266,N,3.105,1.0,0.0,none,Liver Segmentation Mean DICE =0.92,0,0,,,,1134.0,0,0,0,0.0,0.0,0.0,0,0,1
K223180,510(k),2023-08-25,2023,AIRAscore,AIRAmed GmbH,,,0,0,Radiology,Radiology,LLZ,2,892.2050,2022-10-11,318,N,3.113,0.0,0.0,none,The validation confirmed that AIRAscore performs well across target patient population and / scanner manufacturers.,0,0,,,,1137.0,0,0,0,0.0,0.0,0.0,0,0,1
K230812,510(k),2023-08-23,2023,Withings Scan Monitor 2.0,Withings,,,0,0,Cardiovascular,Cardiovascular,DPS,2,870.2340,2023-03-24,152,N,3.118,1.0,1.0,prospective,Withings Scan Monitor 2.0 (WBSSM2) reached a sensitivity of 0.99...and a specificity of 0.99,0,0,,,,1139.0,0,0,0,0.0,0.0,0.0,0,0,1
K230899,510(k),2023-08-22,2023,qXR-PTX-PE,Qure.ai Technologies,,,0,0,Radiology,Radiology,QFM,2,892.2080,2023-03-31,144,N,3.121,1.0,1.0,retrospective,"AUC 98.94 95% CI (98.28 - 99.82)), Sensitivity 94.53...and Specificity 96.36",0,0,,,,1140.0,0,0,0,0.0,0.0,0.0,0,0,1
K223539,510(k),2023-08-18,2023,Dreem 3S,"Beacon Biosignals, Inc.",,,0,0,Neurology,Neurology,OLZ,2,882.1400,2022-11-23,268,N,3.132,1.0,1.0,retrospective,This study included 38 subjects ranging from 23 to 66 years old with a mean ± standard deviation age of 35.8 ± 11.6 years,0,0,,,,1144.0,0,0,0,0.0,0.0,0.0,0,0,1
K231094,510(k),2023-08-15,2023,Annalise Enterprise CTB Triage-OH,Annalise-AI Pty Ltd,,,0,0,Radiology,Radiology,QAS,2,892.2080,2023-04-18,119,N,3.14,1.0,1.0,prospective,"Standalone performance was assessed via a retrospective, anonymized study of adult patient, DICOM-compliant non-contrast brain CT cases",0,0,,,,1147.0,0,0,0,0.0,0.0,0.0,0,0,1
DEN230003,De Novo,2023-08-03,2023,Viz HCM,"Viz.ai, Inc.",,,0,0,Cardiovascular,Cardiovascular,QXO,2,870.2380,2023-01-10,205,N,3.173,1.0,1.0,prospective,Sensitivity 68.4% (95% CI: 62.8% - 73.5%) Specificity 99.1% (95% CI: 98.7% - 99.4%),0,0,,,,1159.0,0,0,0,0.0,0.0,0.0,0,0,1
K223133,510(k),2023-08-03,2023,VisiRad XR,Imidex Inc.,,,0,0,Radiology,Radiology,MYN,2,892.2070,2022-10-03,304,N,3.173,1.0,1.0,prospective,Study results / demonstrated an overall sensitivity of 0.83 (95% CI: 0.81-0.84),0,0,,,,1159.0,0,0,0,0.0,0.0,0.0,0,0,1
K223553,510(k),2023-08-02,2023,"Spine Planning (2.0), Elements Spine Planning, Elements Planning Spine",Brainlab AG,Brainlab AG,,0,0,Neurology,Neurology,OLO,2,882.4560,2022-11-25,250,N,3.176,0.0,0.0,none,Thoracic and lumbar pedicle screw proposals generated by the new algorithm were found to be similar to thoracic and lumbar pedicle screw proposals generated by the predicate algorithm.,0,0,,,,1160.0,0,0,0,0.0,0.0,0.0,0,0,1
K231195,510(k),2023-07-27,2023,Brainomix 360 Triage ICH,Brainomix Limited,,,0,0,Radiology,Radiology,QAS,2,892.2080,2023-04-27,91,N,3.192,1.0,1.0,retrospective,"sensitivity... was 89.22%, specificity... was 91.37%",0,0,,,,1166.0,0,0,0,0.0,0.0,0.0,0,0,1
K230074,510(k),2023-07-27,2023,Rapid Aneurysm Triage and Notification,iSchemaView Inc.,,,0,0,Radiology,Radiology,QFM,2,892.2080,2023-01-10,198,N,3.192,1.0,1.0,retrospective,"Final performance validation included 266 (151 pos, 115 neg) CTA cases...AUC ≥ 0.95",0,0,,,,1166.0,0,0,0,0.0,0.0,0.0,0,0,1
K231038,510(k),2023-07-26,2023,Global Hypoperfusion Index (GHI) Algorithm,"Edwards Lifesciences, LLC",Edwards Lifesciences Corp,SEC:EW,1,1,Cardiovascular,Cardiovascular,QNL,2,870.2210,2023-04-12,105,N,3.195,,1.0,prospective,analyzed to verify the safety and performance of the subject device,0,0,,,,1167.0,0,0,0,0.0,0.0,0.0,0,0,0
K231572,510(k),2023-07-26,2023,uMI Panorama,"Shanghai United Imaging Healthcare Co., Ltd.",Shanghai United Imaging Healthcare,SSE:688271,1,0,Radiology,Radiology,KPS,2,892.1200,2023-05-31,56,N,3.195,0.0,0.0,none,Image performance test was conducted for uMI Panorama GS to verify that the proposed device met all design specifications,1,1,2026-08-11,,1112.0,1112.0,0,0,0,0.0,0.0,0.0,0,0,1
K230913,510(k),2023-07-25,2023,ANDI,"Imeka Solutions, Inc.",,,0,0,Radiology,Radiology,QIH,2,892.2050,2023-03-31,116,N,3.198,0.0,0.0,none,it was confirmed that ANDI meets all performance test criteria and that all functions work as intended,0,0,,,,1168.0,0,0,0,0.0,0.0,0.0,0,0,1
K223473,510(k),2023-07-25,2023,ME-APDS; MAGENTIQ-COLO,Magentiq Eye LTD,,,0,0,Gastroenterology-Urology,Other,QNP,2,876.1520,2022-11-17,250,N,3.198,1.0,1.0,prospective,"was conducted at 10 medical centers in Europe, the United States and Israel with 950 patients enrolled",0,0,,,,1168.0,0,0,0,0.0,0.0,0.0,0,0,1
K230365,510(k),2023-07-25,2023,Sonio Detect,Sonio,Samsung Electronics Co. Ltd.,KRX:005930,1,0,Radiology,Radiology,IYN,2,892.1550,2023-02-10,165,N,3.198,1.0,1.0,retrospective,"standalone performance testing on a dataset of 17885 fetal ultrasound images...high sensitivity (0,980...)",0,0,,,,1168.0,0,0,0,0.0,0.0,0.0,0,0,1
K223347,510(k),2023-07-24,2023,UltraSight AI Guidance,UltraSight Inc.,,,0,0,Radiology,Radiology,QJU,2,892.2100,2022-11-01,265,N,3.201,1.0,1.0,retrospective,"the non-expert users' scans were judged to have adequate visual quality on the majority agreement to assess the clinical parameters in nearly all subjects, in 93-100% of cases",0,0,,,,1169.0,0,0,0,0.0,0.0,0.0,0,0,1
K230150,510(k),2023-07-21,2023,OptimMRI,"RebrAIn, SAS",,,0,0,Radiology,Radiology,QIH,2,892.2050,2023-01-19,183,N,3.209,1.0,1.0,retrospective,at least 90% of surface distances of STN or VIM were not greater than 2.0mm...using high-resolution 7T MRIs of the brain,0,0,,,,1172.0,0,0,0,0.0,0.0,0.0,0,0,1
K223288,510(k),2023-07-21,2023,"Cranial Navigation, Navigation Software Cranial, Navigation Software Craniofacial, Cranial EM System, Automatic Registration iMRI",Brainlab AG,Brainlab AG,,0,0,Neurology,Neurology,HAW,2,882.4560,2022-10-25,269,N,3.209,0.0,0.0,none,No clinical testing was needed for the Subject Device.,0,0,,,,1172.0,0,27,1,0.0,27.0,0.0,0,0,1
K231173,510(k),2023-07-21,2023,Irregular Rhythm Notification Feature (IRNF),Apple Inc.,Apple Inc.,SEC:AAPL,1,1,Cardiovascular,Cardiovascular,QDB,2,870.2790,2023-04-25,87,N,3.209,0.0,1.0,retrospective,The technological characteristics of the subject device are identical to the predicate device,0,0,,,,1172.0,0,0,0,0.0,0.0,0.0,0,0,1
K230039,510(k),2023-07-20,2023,uOmnispace,"Shanghai United Imaging Healthcare Co., Ltd",Shanghai United Imaging Healthcare,SSE:688271,1,0,Radiology,Radiology,QIH,2,892.2050,2023-01-06,195,N,3.211,1.0,1.0,retrospective,performance testing for ML-based rib segmentation algorithm was performed on 60 subjects,0,0,,,,1173.0,0,0,0,0.0,0.0,0.0,0,0,1
K231157,510(k),2023-07-19,2023,syngo.CT Lung CAD (Version VD30),Siemens Healthcare GmbH,Siemens Healthineers AG,XETRA:SHL,1,0,Radiology,Radiology,OEB,2,892.2050,2023-04-24,86,N,3.214,0.0,1.0,prospective,Non-clinical tests were conducted for the device syngo.CT Lung CAD during product development,0,0,,,,1174.0,0,0,0,0.0,0.0,0.0,0,0,1
K223106,510(k),2023-07-14,2023,"Brainlab Elements Image Fusion, Contouring (4.5);Image Fusion  (4.5);Fibertracking (2.0);BOLD MRI Mapping  (1.0);Image Fusion Angio  (1.0)",Brainlab AG,Brainlab AG,,0,0,Radiology,Radiology,QIH,2,892.2050,2022-09-30,287,N,3.228,0.0,0.0,none,Clinical data collected establishes the performance and safety of the Subject Device,0,0,,,,1179.0,0,0,0,0.0,0.0,0.0,0,0,1
K231757,510(k),2023-07-14,2023,Ez3D-i /E3,"Ewoosoft Co., Ltd",,,0,0,Radiology,Radiology,QIH,2,892.2050,2023-06-16,28,N,3.228,,0.0,none,SW verification/validation and the measurement accuracy test were conducted,0,0,,,,1179.0,0,0,0,0.0,0.0,0.0,0,0,0
K231833,510(k),2023-07-13,2023,Biograph Vision.X and Biograph Vision.X Edge,"Siemens Medical Solutions USA, Inc.",Siemens Healthineers AG,XETRA:SHL,1,0,Radiology,Radiology,KPS,2,892.1200,2023-06-22,21,N,3.231,0.0,0.0,none,PET Testing in accordance with NEMA NU2-2018 was conducted on the Biograph Vision Quadra system,0,0,,,,1180.0,0,0,0,0.0,0.0,0.0,0,0,1
K223424,510(k),2023-07-13,2023,Spine Auto Views,GE Medical Systems SCS,GE HealthCare Technologies Inc.,SEC:GEHC,1,1,Radiology,Radiology,JAK,2,892.1750,2022-11-14,241,N,3.231,1.0,1.0,prospective,Spine Auto Views oblique axial reformats generates user acceptable results greater than 95% of the time for all readers,0,0,,,,1180.0,0,0,0,0.0,0.0,0.0,0,0,1
K223426,510(k),2023-07-13,2023,ECHELON Synergy MRI system,FUJIFILM Healthcare Corporation,Fujifilm Holdings Corp.,TSE:4901,1,0,Radiology,Radiology,LNH,2,892.1000,2022-11-14,241,N,3.231,1.0,1.0,retrospective,Readers compared pairs of DLR images and conventional images (without DLR) for each case to evaluate image quality of DLR images,0,0,,,,1180.0,0,2,1,0.0,1.0,1.0,0,0,1
K230823,510(k),2023-07-12,2023,AusculThing ACC,AusculThing Oy,,,0,0,Cardiovascular,Cardiovascular,DQD,2,870.1875,2023-03-24,110,N,3.233,1.0,1.0,retrospective,Sensitivity 90.5% (82.3%-95.1%)...Specificity 96.0% (86.3%-98.9%),0,0,,,,1181.0,0,0,0,0.0,0.0,0.0,0,0,1
K223724,510(k),2023-07-10,2023,MOZI TPS,"Manteia Technologies Co., Ltd.",,,0,0,Radiology,Radiology,MUJ,2,892.5050,2022-12-13,209,N,3.239,1.0,0.0,none,The DSC values of the subject device's auto segmentation on the testing image set with 38 sample size are as follows,0,0,,,,1183.0,0,0,0,0.0,0.0,0.0,0,0,1
K231668,510(k),2023-07-07,2023,Spine CAMP (1.1),"Medical Metrics, Inc.",,,0,0,Radiology,Radiology,QIH,2,892.2050,2023-06-07,30,N,3.247,1.0,0.0,none,This dataset included 215 lateral cervical spine radiographs and 232 lateral lumbar spine radiographs,0,0,,,,1186.0,0,0,0,0.0,0.0,0.0,0,0,1
K222745,510(k),2023-07-03,2023,Axial3D Insight,Axial Medical Printing Limited,,,0,0,Radiology,Radiology,QIH,2,892.2050,2022-09-12,294,N,3.258,1.0,1.0,retrospective,all cases were scored within the / acceptance criteria of 1 or 2a,0,0,,,,1190.0,0,0,0,0.0,0.0,0.0,0,0,1
DEN200052,De Novo,2023-06-29,2023,KidneyIntelX.dkd,"Renalytix AI, Inc.",Renalytix plc,SEC:RNLXY,1,1,Clinical Chemistry,Other,QWZ,2,862.1223,2020-08-26,1037,N,3.269,1.0,1.0,prospective,"41.8% (28.7-55.9%) experiencing Kidney Events"" in High group vs 4.6% in Low group",0,0,,,,1194.0,0,0,0,0.0,0.0,0.0,0,0,1
K230337,510(k),2023-06-29,2023,EarliPoint,"EarliTec Diagnostics, Inc",,,0,0,Neurology,Neurology,QPF,2,882.1491,2023-02-07,142,N,3.269,1.0,1.0,prospective,500 patients from six sites...to evaluate the sensitivity and specificity of the EarliPoint System diagnosis,0,0,,,,1194.0,0,0,0,0.0,0.0,0.0,0,0,1
K230497,510(k),2023-06-22,2023,Bladder AI (AIBV01),Exo Inc,,,0,0,Radiology,Radiology,QIH,2,892.2050,2023-02-24,118,N,3.288,1.0,0.0,none,clinical performance on BladderAI was successfully evaluated on 122 subjects...ICC...0.98,0,0,,,,1201.0,0,0,0,0.0,0.0,0.0,0,0,1
K231459,510(k),2023-06-20,2023,HepaFatSmart (V2.0.0),Resonance Health Analysis Services Pty Ltd,Resonance Health Ltd.,ASX:RHT,1,0,Radiology,Radiology,LNH,2,892.1000,2023-05-19,32,N,3.294,1.0,1.0,retrospective,both sensitivity and specificity well above 90% and close to 100%,0,0,,,,1203.0,0,0,0,0.0,0.0,0.0,0,0,1
K230346,510(k),2023-06-20,2023,Voluson SWIFT; Voluson SWIFT+,"GE Medical Systems Ultrasound & Primary Care Diagnostic, LLC",GE HealthCare Technologies Inc.,SEC:GEHC,1,1,Radiology,Radiology,IYN,2,892.1550,2023-02-08,132,N,3.294,1.0,1.0,retrospective,success rate of the AI feature is 70% or higher...Total Datasets: 67...Total follicles count...410,0,0,,,,1203.0,0,252,1,0.0,0.0,252.0,0,0,1
K223556,510(k),2023-06-16,2023,DeepCatch,"MEDICALIP Co., Ltd",,,0,0,Radiology,Radiology,QIH,2,892.2050,2022-11-28,200,N,3.305,1.0,0.0,none,Results showed that the DSC of DeepCatch was not inferior to that of MEDIPPRO,0,0,,,,1207.0,0,0,0,0.0,0.0,0.0,0,0,1
K223646,510(k),2023-06-16,2023,IB Lab LAMA,IB Lab GmbH,,,0,0,Radiology,Radiology,QIH,2,892.2050,2022-12-06,192,N,3.305,1.0,1.0,retrospective,"Sensitivity 95.05% (90.29%,98.96%) Specificity 99.80% (99.39%,100.00%)",0,0,,,,1207.0,0,0,0,0.0,0.0,0.0,0,0,1
K223357,510(k),2023-06-16,2023,EyeArt v2.2.0,"Eyenuk, Inc.",,,0,0,Ophthalmic,Other,PIB,2,886.1100,2022-11-02,226,N,3.305,1.0,1.0,prospective,Data from 336 eyes of 171 participants were included in the accuracy and agreement analyses,0,0,,,,1207.0,0,0,0,0.0,0.0,0.0,0,0,1
K230112,510(k),2023-06-13,2023,CAC Software,"Imbio, Inc.",,,0,0,Radiology,Radiology,JAK,2,892.1750,2023-01-17,147,N,3.313,1.0,1.0,retrospective,Cohen's kappa betweenImbioCACSoftware and the ground truth was 0.907...metthe acceptance criteria,0,0,,,,1210.0,0,0,0,0.0,0.0,0.0,0,0,1
K223855,510(k),2023-06-06,2023,"FEops HEARTguideTM, FEops HEARTguideTM ALPACA",FEops nv,,,0,0,Radiology,Radiology,QIH,2,892.2050,2022-12-23,165,N,3.332,1.0,1.0,retrospective,"a study was performed on a cohort of 35 representative retrospective cases, during which quantitative outputs of FEops HEARTguide™ ALPACA were compared with manually annotated data",0,0,,,,1217.0,0,0,0,0.0,0.0,0.0,0,0,1
K223523,510(k),2023-05-30,2023,Sonic DL,"GE Medical Systems,LLC (GE Healthcare)",GE HealthCare Technologies Inc.,SEC:GEHC,1,1,Radiology,Radiology,LNH,2,892.1000,2022-11-23,188,N,3.351,1.0,1.0,retrospective,"was smaller than the inter-observer intra-method variability for the conventional ASSET Cine images for all parameters, indicating that Sonic DL is suitable for performing functional cardiac measurements",0,0,,,,1224.0,0,0,0,0.0,0.0,0.0,0,0,1
K230273,510(k),2023-05-25,2023,Saranas Early Bird Bleed Monitoring System,Saranas Inc.,,,0,0,Cardiovascular,Cardiovascular,QFJ,2,870.1345,2023-01-31,114,N,3.365,0.0,0.0,none,design validation activities centered around existing data sets from the Early Bird animal validation study,0,0,,,,1229.0,0,0,0,0.0,0.0,0.0,0,0,1
K223491,510(k),2023-05-25,2023,"Critical Care Suite with Pneumothorax Detection AI Algorithm, Critical Care Suite 2.1, Critical Care Suite","GE Medical Systems, LLC",GE HealthCare Technologies Inc.,SEC:GEHC,1,1,Radiology,Radiology,QBS,2,892.2090,2022-11-21,185,N,3.365,1.0,1.0,prospective,"The Pneumothorax Detection AI Algorithm achieved an AUC of 96.1% (94.9%, 97.2%), a sensitivity of 84.3% (80.6%, 88.0%) and a specificity of 93.2% (90.8%, 95.6%)",0,0,,,,1229.0,0,0,0,0.0,0.0,0.0,0,0,1
K223504,510(k),2023-05-23,2023,Ceribell Status Epilepticus Monitor,"Ceribell, Inc.","Ceribell, Inc.",SEC:CBLL,1,1,Neurology,Neurology,OMB,2,882.1400,2022-11-22,182,N,3.37,1.0,1.0,retrospective,The resulting sensitivity was 100% and the specificity was 94%,0,0,,,,1231.0,0,0,0,0.0,0.0,0.0,0,0,1
K230096,510(k),2023-05-23,2023,Genius AI Detection 2.0 with CC-MLO Correlation,"Hologic, Inc.",Hologic Inc.,,0,0,Radiology,Radiology,QDQ,2,892.2090,2023-01-13,130,N,3.37,1.0,1.0,retrospective,included 106 biopsy proven malignant cases and 561 screening negative cases,0,0,,,,1231.0,0,0,0,0.0,0.0,0.0,0,0,1
K231143,510(k),2023-05-19,2023,GI Genius System 100 and GI Genius System 200,Cosmo Artificial Intelligence - AI Ltd,Cosmo Pharmaceuticals N.V.,SIX:COPN,1,0,Gastroenterology-Urology,Other,QNP,2,876.1520,2023-04-21,28,N,3.381,1.0,1.0,retrospective,non-inferiority of performance of GI Genius with the Olympus CV-1500 EVIS X1 UHD video processor has been established by means of a per-frame assessment on 42 pre-recorded procedures,0,0,,,,1235.0,0,0,0,0.0,0.0,0.0,0,0,1
K212758,510(k),2023-05-19,2023,Autoplaque,Cedars-Sinai Medical Center: AIM,,,0,0,Radiology,Radiology,LLZ,2,892.2050,2021-08-31,626,N,3.381,1.0,0.0,none,An excellent agreement was shown between the subject device and expert reader measurements for total plaque volume,0,0,,,,1235.0,0,0,0,0.0,0.0,0.0,0,0,1
K222728,510(k),2023-05-17,2023,Radiation Planning Assistant (RPA),"University of Texas, MD Anderson Cancer Center",,,0,0,Radiology,Radiology,MUJ,2,892.5050,2022-09-08,251,N,3.387,1.0,1.0,retrospective,Surface DSC (2mm) should be greater than 0.8 for 95% of / the CT scans.,0,0,,,,1237.0,0,0,0,0.0,0.0,0.0,0,0,1
K231190,510(k),2023-05-12,2023,EPIQ Series Diagnostic Ultrasound System,Philips Ultrasound LLC,Koninklijke Philips N.V.,SEC:PHG,1,1,Radiology,Radiology,IYN,2,892.1550,2023-04-26,16,Y,3.4,0.0,0.0,none,The proposed EPIQ Series Diagnostic Ultrasound System did not require clinical data for determination of substantial equivalence,1,2,2023-10-09,2.0,150.0,150.0,1,6,1,0.0,0.0,6.0,0,0,1
K223623,510(k),2023-05-11,2023,SubtleMR (2.3.x),Subtle Medical Inc.,,,0,0,Radiology,Radiology,LLZ,2,892.2050,2022-12-05,157,N,3.403,1.0,1.0,prospective,signal-to-noise ratio (SNR) of a selected region of interest (ROI) in each test dataset is on average improved by greater than or equal to 5%,0,0,,,,1243.0,0,0,0,0.0,0.0,0.0,0,0,1
K220437,510(k),2023-05-10,2023,Neurophet AQUA,"NEUROPHET, Inc.",,,0,0,Radiology,Radiology,LLZ,2,892.2050,2022-02-16,448,N,3.406,1.0,1.0,prospective,Dice's coefficients are in the range of 80-90%,0,0,,,,1244.0,0,0,0,0.0,0.0,0.0,0,0,1
K230082,510(k),2023-05-04,2023,Auto Segmentation,"GE Medical Systems, LLC",GE HealthCare Technologies Inc.,SEC:GEHC,1,1,Radiology,Radiology,QKB,2,892.2050,2023-01-11,113,N,3.422,1.0,1.0,prospective,qualitative preference study evaluation...sample clinical CT images...adequate for radiotherapy planning use,0,0,,,,1250.0,0,0,0,0.0,0.0,0.0,0,0,1
K223771,510(k),2023-05-04,2023,Lumify Diagnostic Ultrasound System,Philips Ultrasound,Koninklijke Philips N.V.,SEC:PHG,1,1,Radiology,Radiology,IYN,2,892.1550,2022-12-16,139,N,3.422,1.0,1.0,prospective,A study involving review by clinicians of 416 LUS (lung ultrasound) video loops were collected from 157 subjects presenting with shortness of breath,1,2,2025-07-03,2.0,791.0,791.0,0,0,0,0.0,0.0,0.0,0,0,1
K230292,510(k),2023-05-02,2023,Samsung ECG Monitor Application with Irregular Heart Rhythm Notification,"Samsung Electronics Co., Ltd",Samsung Electronics Co. Ltd.,KRX:005930,1,0,Cardiovascular,Cardiovascular,QDA,2,870.2345,2023-02-02,89,N,3.428,1.0,1.0,prospective,subject-level sensitivity is 68.0%...specificity is 98.8%...888 subjects were enrolled,0,0,,,,1252.0,0,0,0,0.0,0.0,0.0,0,0,1
K230977,510(k),2023-05-02,2023,SIS System,"Surgical Information Sciences, Inc.",,,0,0,Radiology,Radiology,QIH,2,892.2050,2023-04-05,27,N,3.428,0.0,1.0,retrospective,Visualization accuracy testing was repeated to validate visualization of the STN and GPi/GPe structures,0,0,,,,1252.0,0,0,0,0.0,0.0,0.0,0,0,1
P210011,PMA,2023-04-28,2023,xT CDx,"Tempus Labs, Inc.",,,0,0,Pathology,Other,PQP,3,,2021-03-23,766,,3.439,1.0,1.0,prospective,416 patient-matched tumor and normal samples ... yielding an overall PPA of 99.1%,0,0,,,,1256.0,0,0,0,0.0,0.0,0.0,0,0,1
K223212,510(k),2023-04-27,2023,Precision DL,GE Healthcare,GE HealthCare Technologies Inc.,SEC:GEHC,1,1,Radiology,Radiology,KPS,2,892.1200,2022-10-17,192,N,3.441,0.0,1.0,prospective,All readers attested that their assessments of Precision DL demonstrated acceptable / diagnostic results.,0,0,,,,1257.0,0,0,0,0.0,0.0,0.0,0,0,1
K223734,510(k),2023-04-27,2023,ENT EM,Brainlab AG,Brainlab AG,,0,0,Neurology,Neurology,PGW,2,882.4560,2022-12-13,135,N,3.441,0.0,0.0,none,No clinical testing was needed for the Subject Device since the EM tracking technology in the scope of image guided surgery for the included indications for use is well established,0,0,,,,1257.0,0,0,0,0.0,0.0,0.0,0,0,1
K230552,510(k),2023-04-26,2023,MR DWI/FLAIR Measurement V1.0,Olea Medical,Canon Inc.,SEC:CAJPY,1,1,Radiology,Radiology,LLZ,2,892.2050,2023-02-28,57,N,3.444,1.0,1.0,retrospective,"DICE indexes between ADC hypointense area segmentations on FLAIR images generated with both devices were excellent, ranging from 0.816 to 0.976",0,0,,,,1258.0,0,0,0,0.0,0.0,0.0,0,0,1
K230553,510(k),2023-04-26,2023,"LINQ II Insertable Cardiac Monitor, CareLink SmartSync LINQ II ICM Application","Medtronic, Inc.",Medtronic plc,SEC:MDT,1,1,Cardiovascular,Cardiovascular,MXD,2,870.1025,2023-02-28,57,N,3.444,0.0,0.0,none,Design Verification and Design Validation were performed...all test executions resulted in a status of Passed,1,1,2023-11-03,2.0,191.0,191.0,0,0,0,0.0,0.0,0.0,0,0,1
K230223,510(k),2023-04-25,2023,iCAC Device,"Bunkerhill, Inc",,,0,0,Radiology,Radiology,JAK,2,892.1750,2023-01-26,89,N,3.447,1.0,1.0,retrospective,pivotal testing dataset consisted of 762 paired CT studies...overall alignment rate of 79.7%,0,0,,,,1259.0,0,0,0,0.0,0.0,0.0,0,0,1
K222676,510(k),2023-04-25,2023,Ceevra Reveal 3,"Ceevra, Inc.",,,0,0,Radiology,Radiology,QIH,2,892.2050,2022-09-06,231,N,3.447,1.0,0.0,none,Performance was verified by / comparingsegmentationsgeneratedbythemachinelearningmodelsagainst / segmentations generated by medical professionals from the same imaging study.,0,0,,,,1259.0,0,0,0,0.0,0.0,0.0,0,0,1
K230084,510(k),2023-04-21,2023,HERA W10 Diagnostic Ultrasound System; HERA W9 Diagnostic Ultrasound System,"Samsung Medison CO., LTD.",Samsung Electronics Co. Ltd.,KRX:005930,1,0,Radiology,Radiology,IYN,2,892.1550,2023-01-11,100,N,3.458,1.0,1.0,prospective,validated using 320 fetal biometry images...average dice-score is 0.91,0,0,,,,1263.0,0,0,0,0.0,0.0,0.0,0,0,1
K223501,510(k),2023-04-21,2023,ViewFinder Software Version 1.1,Elaitra Ltd,,,0,0,Radiology,Radiology,QIH,2,892.2050,2022-11-21,151,N,3.458,1.0,1.0,retrospective,selected from a set of 30 diverse cases acquired from assessment clinics at the King's College Hospital,0,0,,,,1263.0,0,0,0,0.0,0.0,0.0,0,0,1
K223287,510(k),2023-04-20,2023,Velacur,Sonic Incytes,,,0,0,Radiology,Radiology,IYO,2,892.1560,2022-10-25,177,N,3.461,1.0,1.0,prospective,"the average Dice Score was greater than 0.7, and / overall pixel based accuracy was greater than 80%",0,0,,,,1264.0,0,0,0,0.0,0.0,0.0,0,0,1
K230807,510(k),2023-04-20,2023,Deep Learning Image Reconstruction,GE Healthcare Japan Corporation,GE HealthCare Technologies Inc.,SEC:GEHC,1,1,Radiology,Radiology,JAK,2,892.1750,2023-03-23,28,N,3.461,0.0,1.0,retrospective,GEHC believes that the extensive bench testing is sufficient for FDA's substantial equivalence determination,0,0,,,,1264.0,0,0,0,0.0,0.0,0.0,0,0,1
K230023,510(k),2023-04-19,2023,ART-Plan,Therapanacea SAS,,,0,0,Radiology,Radiology,QKB,2,892.2050,2023-01-04,105,N,3.463,,1.0,retrospective,demonstrated through the extensive testing carried out on the system with the modification,0,0,,,,1265.0,0,0,0,0.0,0.0,0.0,0,0,0
K223552,510(k),2023-04-19,2023,"Brainlab Elements  Trajectory Planning (2.6), Elements Stereotaxy, Elements Lead Localization, Elements Trajectory Planning Cranial",Brainlab AG,Brainlab AG,,0,0,Neurology,Neurology,HAW,2,882.4560,2022-11-25,145,N,3.463,0.0,0.0,none,The acceptance criteria specified in the test plan regarding the Brainlab automatic and semi-automatic anchor detection algorithm were fullfilled.,0,0,,,,1265.0,0,2,1,0.0,2.0,0.0,0,0,1
K230772,510(k),2023-04-17,2023,Quantib Prostate,Quantib BV,RadNet Inc.,SEC:RDNT,1,1,Radiology,Radiology,LLZ,2,892.2050,2023-03-21,27,N,3.469,1.0,1.0,retrospective,Radiologists were asked to score the sub-region segmentations and ROI initial localizations using a 5-point Likert scale,0,0,,,,1267.0,0,0,0,0.0,0.0,0.0,0,0,1
K230685,510(k),2023-04-14,2023,AutoContour Model RADAC V3,"Radformation, Inc.",,,0,0,Radiology,Radiology,QKB,2,892.2050,2023-03-13,32,N,3.477,1.0,1.0,retrospective,average rating of 4.5 was found across all CT structure models demonstrating that only minor edits would be required,0,0,,,,1270.0,0,0,0,0.0,0.0,0.0,0,0,1
K230264,510(k),2023-04-13,2023,Ezra Flash,"Ezra AI, Inc.",,,0,0,Radiology,Radiology,LLZ,2,892.2050,2023-01-31,72,N,3.48,1.0,0.0,none,mean Likert results for the Ezra Flash-enhanced images compared to the original MR-acquired images...greater than or equal to 0.5 Likert scale points,0,0,,,,1271.0,0,0,0,0.0,0.0,0.0,0,0,1
K213986,510(k),2023-04-13,2023,CerebralGo Plus,"Yukun (Beijing) Technology Co., Ltd",,,0,0,Radiology,Radiology,QIH,2,892.2050,2021-12-20,479,N,3.48,1.0,1.0,retrospective,"the value of Dice coefficient was 0.942, the value of 95% Hausdorff Distance was 3.692",0,0,,,,1271.0,0,0,0,0.0,0.0,0.0,0,0,1
K223830,510(k),2023-04-11,2023,Ultrasound System 2300,BK Medical Aps,,,0,0,Radiology,Radiology,IYN,2,892.1550,2022-12-21,111,N,3.485,1.0,1.0,retrospective,the automatic initial caliper placement was tested with respect to prostate volume calculation accuracy and determined for the 9018 to deviate 11% +/- 6%,1,3,2023-11-30,2.0,233.0,233.0,0,1,1,0.0,1.0,0.0,0,0,1
K230658,510(k),2023-04-07,2023,SKOUT® system,Iterative Scopes Inc.,,,0,0,Gastroenterology-Urology,Other,QNP,2,876.1520,2023-03-09,29,N,3.496,0.0,0.0,none,Video Delay Assessment of video delay due to marker annotation; SDI 0.0ms,0,0,,,,1277.0,0,0,0,0.0,0.0,0.0,0,0,1
K230575,510(k),2023-04-07,2023,Limbus Contour,Limbus AI Inc.,,,0,0,Radiology,Radiology,LLZ,2,892.2050,2023-03-01,37,N,3.496,0.0,0.0,none,Clinical testing was not required...substantial equivalence is based upon benchtop performance testing,0,0,,,,1277.0,0,0,0,0.0,0.0,0.0,0,0,1
K222360,510(k),2023-04-06,2023,AI-Rad Companion (Cardiovascular),Siemens Medical Solutions U.S.A.,Siemens Healthineers AG,XETRA:SHL,1,0,Radiology,Radiology,JAK,2,892.1750,2022-08-04,245,N,3.499,1.0,1.0,retrospective,"average DICE (± std. dev) / coefficient was 0.924 (± 0.046), v., 0.910 (± 0.066) for predicate device.",0,0,,,,1278.0,0,0,0,0.0,0.0,0.0,0,0,1
K223458,510(k),2023-04-06,2023,"Ingenia, Ingenia CX, Ingenia Elition, Ingenia Ambition, MR 5300 and MR 7700 MR Systems",Philips Medical Systems Nederland B.V.,Koninklijke Philips N.V.,SEC:PHG,1,1,Radiology,Radiology,LNH,2,892.1000,2022-11-16,141,N,3.499,1.0,0.0,none,a reader evaluation by ABR board certified radiologists was performed,1,3,2026-04-14,2.0,1104.0,1104.0,0,10,1,0.0,10.0,0.0,0,0,1
K223774,510(k),2023-04-06,2023,Contour ProtégéAI,MIM Software Inc.,GE HealthCare Technologies Inc.,SEC:GEHC,1,1,Radiology,Radiology,QKB,2,892.2050,2022-12-16,111,N,3.499,1.0,1.0,retrospective,Contour ProtégéAI results were equivalent or had better performance than the MIM Maestro atlas segmentation reference device,0,0,,,,1278.0,0,0,0,0.0,0.0,0.0,0,0,1
K223630,510(k),2023-04-05,2023,"Reveal LINQ Insertable Cardiac Monitor, LINQ II Insertable Cardiac Monitor, AccuRhythm AI ECG Classification System","Medtronic, Inc.",Medtronic plc,SEC:MDT,1,1,Cardiovascular,Cardiovascular,MXD,2,870.1025,2022-12-05,121,N,3.502,0.0,0.0,none,Performance validation testing and analysis were completed to ensure the algorithms were able to reduce false alerts from ICM detected AF and Pause episodes while retaining true alerts.,0,0,,,,1279.0,0,0,0,0.0,0.0,0.0,0,0,1
K223240,510(k),2023-04-03,2023,Annalise Enterprise CTB Triage Trauma,Annalise-AI Pty Ltd,,,0,0,Radiology,Radiology,QAS,2,892.2080,2022-10-20,165,N,3.507,1.0,1.0,prospective,"The standalone performance study was conducted on four independently assessed cohorts which / equated to a total dataset of 1,485 cases",0,0,,,,1281.0,0,0,0,0.0,0.0,0.0,0,0,1
K220068,510(k),2023-03-31,2023,Butterfly iQ/iQ+ Ultrasound System,"Butterfly Network, Inc.","Butterfly Network, Inc.",SEC:BFLY,1,1,Radiology,Radiology,IYO,2,892.1560,2022-01-10,445,N,3.515,1.0,1.0,retrospective,clinical performance was evaluated on 99 subjects and demonstrated that the AutoB-line Counter algorithm performance is non-inferior to clinician annotators,0,0,,,,1284.0,0,0,0,0.0,0.0,0.0,0,0,1
K213272,510(k),2023-03-31,2023,Formus Hip,"Formus Labs, Ltd",,,0,0,Radiology,Radiology,QIH,2,892.2050,2021-09-30,547,N,3.515,1.0,1.0,retrospective,Dedicated validation has been performed on 60 images acquired (from 60 patients)... Hemipelvis: 0.95 Femur: 0.97,0,0,,,,1284.0,0,0,0,0.0,0.0,0.0,0,0,1
DEN200011,De Novo,2023-03-31,2023,Masimo SafetyNet,Masimo Corporation,,,0,0,Anesthesiology,Other,QVT,2,868.2250,2020-02-19,1136,N,3.515,1.0,1.0,prospective,"40,322 data segments from 641 study participants ... were analyzed",0,0,,,,1284.0,0,0,0,0.0,0.0,0.0,0,0,1
K222312,510(k),2023-03-29,2023,RayStation 12A,RaySearch Laboratories AB (publ),RaySearch Laboratories AB,STO:RAY-B,1,0,Radiology,Radiology,MUJ,2,892.5050,2022-08-01,240,N,3.521,0.0,1.0,retrospective,Depth-dose profiles along the central axis were acquired with a / plane-parallel chamber in a water tank.,1,5,2024-02-23,2.0,331.0,331.0,0,7,1,0.0,3.0,4.0,0,0,1
K221921,510(k),2023-03-28,2023,DTX Studio Clinic 3.0,Nobel Biocare AB,,,0,0,Radiology,Radiology,MYN,2,892.2070,2022-07-01,270,N,3.524,1.0,1.0,prospective,"with an overall increase for all dental finding types together of / 8.7% (CI [6.5, 10.9]).",0,0,,,,1287.0,0,0,0,0.0,0.0,0.0,0,0,1
K222174,510(k),2023-03-28,2023,RadioLens v1.0,Synapsica,,,0,0,Radiology,Radiology,QIH,2,892.2050,2022-07-21,250,N,3.524,1.0,1.0,prospective,"Three (3) expert radiologists analyzedeachcasewithandwithouttheSpindleXmodule / and sensitivity, specificity, and/or agreement was used to compare performance.",0,0,,,,1287.0,0,0,0,0.0,0.0,0.0,0,0,1
K222179,510(k),2023-03-28,2023,Annalise Enterprise CXR Triage Trauma,Annalise-AI Pty Ltd,,,0,0,Radiology,Radiology,QFM,2,892.2080,2022-07-22,249,N,3.524,1.0,1.0,retrospective,The standalone performance study was conducted on two independent cohorts which / equated to a total dataset of 1269 CXR cases,0,0,,,,1287.0,0,0,0,0.0,0.0,0.0,0,0,1
K222268,510(k),2023-03-28,2023,Annalise Enterprise CXR Triage Trauma,Annalise-AI Pty Ltd,,,0,0,Radiology,Radiology,QFM,2,892.2080,2022-07-28,243,N,3.524,1.0,1.0,retrospective,The standalone performance study was conducted on a dataset of 589 CXR cases,0,0,,,,1287.0,0,0,0,0.0,0.0,0.0,0,0,1
K223343,510(k),2023-03-28,2023,MAGNETOM Amira; MAGNETOM Sempra,Siemens Medical Solutions USA Inc.,Siemens Healthineers AG,XETRA:SHL,1,0,Radiology,Radiology,LNH,2,892.1000,2022-11-01,147,N,3.524,0.0,1.0,retrospective,"No clinical tests were conducted to support substantial equivalence for the / subject device; however, as stated above, sample clinical images were provided.",1,1,2023-09-01,2.0,157.0,157.0,0,1,1,0.0,1.0,0.0,0,0,1
K222746,510(k),2023-03-27,2023,Overjet Caries Assist,"Overjet, Inc.",,,0,0,Radiology,Radiology,MYN,2,892.2070,2022-09-12,196,N,3.526,1.0,1.0,prospective,"overall standalone sensitivity was 76.6% / (73.8%, 79.4%).",0,0,,,,1288.0,0,0,0,0.0,0.0,0.0,0,0,1
K222036,510(k),2023-03-22,2023,MPXA-2000,"Medipixel, Inc.",,,0,0,Radiology,Radiology,QIH,2,892.2050,2022-07-11,254,N,3.54,1.0,1.0,retrospective,a quantitative assessment of MPXA-2000’s / performance was carried out by using 305 coronary angiograms / collected from the US population.,0,0,,,,1293.0,0,0,0,0.0,0.0,0.0,0,0,1
K223490,510(k),2023-03-21,2023,FlightPlan for Embolization,GE Medical Systems SCS,GE HealthCare Technologies Inc.,SEC:GEHC,1,1,Radiology,Radiology,LLZ,2,892.2050,2022-11-21,120,N,3.543,1.0,0.0,none,the success rate is 93.7% with acceptance criterion 90%,0,0,,,,1294.0,0,0,0,0.0,0.0,0.0,0,0,1
K223443,510(k),2023-03-17,2023,Viz AAA,"Viz. ai, Inc.",,,0,0,Radiology,Radiology,QFM,2,892.2080,2022-11-14,123,N,3.554,1.0,1.0,retrospective,"Sensitivity and specificity were reported to be 96% [0.92, 0.98] and 95% [0.92, 0.97], respectively",0,0,,,,1298.0,0,0,0,0.0,0.0,0.0,0,0,1
K223073,510(k),2023-03-17,2023,Alio,"Alio, Inc.",,,0,0,Cardiovascular,Cardiovascular,DRG,2,870.2910,2022-09-30,168,N,3.554,1.0,1.0,prospective,The results of / the study demonstrate that Alio can accurately assess abnormal potassium levels and measure / hemoglobin (Hgb) and hematocrit (Hct),0,0,,,,1298.0,0,0,0,0.0,0.0,0.0,0,0,1
K221772,510(k),2023-03-17,2023,NeuroRPM,New Touch Digital Inc.,,,0,0,Neurology,Neurology,GYD,2,882.1950,2022-06-21,269,N,3.554,1.0,1.0,prospective,The primary endpoints for / demonstrating the performance of the NeuroRPM symptom outputs were sensitivity and / specificity.,0,0,,,,1298.0,0,0,0,0.0,0.0,0.0,0,0,1
K223325,510(k),2023-03-10,2023,uMI Panorama,"Shanghai United Imaging Healthcare Co., Ltd.",Shanghai United Imaging Healthcare,SSE:688271,1,0,Radiology,Radiology,KPS,2,892.1200,2022-10-31,130,N,3.573,0.0,0.0,none,Non-clinical testing including dosimetry and image performance tests were / conducted for the uMI Panorama,1,2,2025-09-12,2.0,917.0,917.0,0,0,0,0.0,0.0,0.0,0,0,1
K223514,510(k),2023-03-09,2023,Spectral Bone Marrow,"GE Medical Systems, LLC",GE HealthCare Technologies Inc.,SEC:GEHC,1,1,Radiology,Radiology,JAK,2,892.1750,2022-11-22,107,N,3.576,1.0,1.0,retrospective,provided an assessment of image quality related to diagnostic use according to a Likert scale,0,0,,,,1306.0,0,0,0,0.0,0.0,0.0,0,0,1
K221706,510(k),2023-03-09,2023,AccuContour,"Manteia Technologies Co., Ltd.",,,0,0,Radiology,Radiology,QKB,2,892.2050,2022-06-13,269,N,3.576,0.0,0.0,none,No clinical study is included in this submission,0,0,,,,1306.0,0,0,0,0.0,0.0,0.0,0,0,1
K223726,510(k),2023-03-07,2023,Aquilion Precision (TSX-304A/4) V10.14 with AiCE,Canon Medical Systems Corporation,Canon Inc.,SEC:CAJPY,1,1,Radiology,Radiology,JAK,2,892.1750,2022-12-13,84,N,3.581,0.0,1.0,retrospective,it was confirmed that the reconstructed images using the subject device were of diagnostic quality,0,0,,,,1308.0,0,0,0,0.0,0.0,0.0,0,0,1
K222819,510(k),2023-03-03,2023,Aquilion Serve (TSX-307A/1) V1.2 with AiCE-i,Canon Medical Systems Corporation,Canon Inc.,SEC:CAJPY,1,1,Radiology,Radiology,JAK,2,892.1750,2022-09-19,165,N,3.592,0.0,1.0,retrospective,"Representative body, cardiac, chest, head, and extremity diagnostic images, reviewed by an / American Board-Certified Radiologist",0,0,,,,1312.0,0,0,0,0.0,0.0,0.0,0,0,1
K222176,510(k),2023-03-02,2023,BoneView,Gleamer,,,0,0,Radiology,Radiology,QBS,2,892.2090,2022-07-22,223,N,3.595,1.0,1.0,prospective,"Gleamer performed a standalone performance testing on a dataset of 2,000 radiographs",0,0,,,,1313.0,0,0,0,0.0,0.0,0.0,0,0,1
K222884,510(k),2023-03-02,2023,Rapid NCCT Stroke,"iSchemaView, Inc.",,,0,0,Radiology,Radiology,QAS,2,892.2080,2022-09-22,161,N,3.595,1.0,1.0,retrospective,Sensitivity and specificity exceeded the pre-specified performance goals for ICH and NCCT / LVO.,0,0,,,,1313.0,0,0,0,0.0,0.0,0.0,0,0,1
K221680,510(k),2023-03-01,2023,Xeleris V Processing and Review System,GE Healthcare,GE HealthCare Technologies Inc.,SEC:GEHC,1,1,Radiology,Radiology,LLZ,2,892.2050,2022-06-09,265,N,3.598,0.0,0.0,none,Xeleris V did not require clinical studies to support substantial equivalence,0,0,,,,1314.0,0,0,0,0.0,0.0,0.0,0,0,1
DEN220063,De Novo,2023-02-24,2023,Caption Interpretation Automated Ejection Fraction Software,"Caption Health, Inc",GE HealthCare Technologies Inc.,SEC:GEHC,1,1,Radiology,Radiology,QVD,2,892.2055,2022-09-28,149,N,3.611,0.0,1.0,retrospective,No new performance testing was provided for the current device and performance testing used for clearance of K210747 also applies to this device,0,0,,,,1319.0,0,0,0,0.0,0.0,0.0,0,0,1
K221592,510(k),2023-02-24,2023,AVIEW Lung Nodule CAD,"Coreline Soft Co.,Ltd.",Listed Korean AI company,KOSDAQ,1,0,Radiology,Radiology,OEB,2,892.2050,2022-06-02,267,N,3.611,1.0,1.0,prospective,AUC 0.73 (0.66 – 0.79) 0.92 (0.89 – 0.95),0,0,,,,1319.0,0,0,0,0.0,0.0,0.0,0,0,1
K222579,510(k),2023-02-23,2023,Belun Sleep System BLS-100,Belun Technology Company Limited,,,0,0,Anesthesiology,Other,MNR,2,868.2375,2022-08-25,182,N,3.614,1.0,1.0,retrospective,"The accuracy, sensitivity and specificity at AHI cutoff 15 and / 30 are summarized in the table below.",0,0,,,,1320.0,0,0,0,0.0,0.0,0.0,0,0,1
K221564,510(k),2023-02-23,2023,Brainomix 360 e-ASPECTS,Brainomix Limited,,,0,0,Radiology,Radiology,POK,2,892.2060,2022-05-31,268,N,3.614,1.0,1.0,prospective,Overall performance in 256 patients showed an area under the curve of 83%,0,0,,,,1320.0,0,0,0,0.0,0.0,0.0,0,0,1
K230197,510(k),2023-02-22,2023,BoneMRI v1.6,MRIguidance B.V.,,,0,0,Radiology,Radiology,QIH,2,892.2050,2023-01-25,28,N,3.617,1.0,1.0,retrospective,voxel-by-voxel validation of BoneMRI was performed on imaging data from 101 and 103 patients,0,0,,,,1321.0,0,0,0,0.0,0.0,0.0,0,0,1
K230208,510(k),2023-02-22,2023,Swoop® Portable MR Imaging System,"Hyperfine, Inc.","Hyperfine, Inc.",SEC:HYPR,1,1,Radiology,Radiology,LNH,2,892.1000,2023-01-25,28,N,3.617,0.0,0.0,none,Testing to verify the subject device meets all image quality criteria...Phantom Test,0,0,,,,1321.0,0,0,0,0.0,0.0,0.0,0,0,1
DEN210022,De Novo,2023-02-17,2023,PMD-200,Medasense Biometrics Ltd.,,,0,0,Anesthesiology,Other,QVE,2,868.2200,2021-06-04,623,N,3.63,1.0,1.0,prospective,a clinically meaningful reduction of 1.6 in the median pain score was reported throughout the 90 minutes,0,0,,,,1326.0,0,0,0,0.0,0.0,0.0,0,0,1
K223028,510(k),2023-02-16,2023,uCT ATLAS Astound with uWS-CT-Dual Energy Analysis,"Shanghai United Imaging Healthcare Co., Ltd.",Shanghai United Imaging Healthcare,SSE:688271,1,0,Radiology,Radiology,JAK,2,892.1750,2022-09-29,140,N,3.633,0.0,0.0,none,Each image was reviewed with a statement indicating that image quality / are sufficient for clinical diagnosis.,0,0,,,,1327.0,0,0,0,0.0,0.0,0.0,0,0,1
K222755,510(k),2023-02-16,2023,uMR 680,"Shanghai United Imaging Intelligence Co., Ltd.",United Imaging Intelligence,,0,0,Radiology,Radiology,LNH,2,892.1000,2022-09-12,157,N,3.633,1.0,1.0,retrospective,The DeepRecon has undergone performance testing on 68 US subjects with diverse / demographic distributions,0,0,,,,1327.0,0,0,0,0.0,0.0,0.0,0,0,1
K222389,510(k),2023-02-15,2023,ZEUS System,"iRhythm Technologies, Inc.",iRhythm Holdings Inc.,SEC:IRTC,1,1,Cardiovascular,Cardiovascular,DQK,2,870.1425,2022-08-08,191,N,3.636,0.0,0.0,none,No clinical testing was performed in support of this premarket notification.,0,0,,,,1328.0,0,29,1,0.0,5.0,24.0,0,0,1
K223439,510(k),2023-02-13,2023,SIGNA Victor,GE Healthcare (Tianjin) Company Limited,GE HealthCare Technologies Inc.,SEC:GEHC,1,1,Radiology,Radiology,LNH,2,892.1000,2022-11-14,91,N,3.641,0.0,0.0,none,Sample clinical images have been included in this submission. The sample clinical images demonstrate acceptable diagnostic image performance of the SIGNA™ Victor,1,1,2024-06-14,2.0,487.0,487.0,0,0,0,0.0,0.0,0.0,0,0,1
K223387,510(k),2023-02-13,2023,"V8 Diagnostic Ultrasound System, V7 Diagnostic Ultrasound System","Samsung Medison Co., Ltd.",Samsung Electronics Co. Ltd.,KRX:005930,1,0,Radiology,Radiology,IYN,2,892.1550,2022-11-07,98,N,3.641,1.0,1.0,prospective,A deep learning based segmentation algorithm was validated using 320 fetal biometry images collected at two hospitals,0,0,,,,1330.0,0,0,0,0.0,0.0,0.0,0,0,1
K223296,510(k),2023-02-06,2023,Videa Perio Assist,"VideaHealth, Inc.",,,0,0,Radiology,Radiology,QIH,2,892.2050,2022-10-26,103,N,3.661,1.0,1.0,retrospective,VPA met pre-specified acceptance criteria on bitewing radiographs with a sensitivity of 92.8%,0,0,,,,1337.0,0,0,0,0.0,0.0,0.0,0,0,1
K222803,510(k),2023-02-02,2023,Oncospace,"Oncospace, Inc.",,,0,0,Radiology,Radiology,MUJ,2,892.5050,2022-09-16,139,N,3.671,1.0,1.0,retrospective,The Oncospace plan mean dose was statistically significantly lower for 2 OARs for prostate and 1 OAR / for head & neck,0,0,,,,1341.0,0,0,0,0.0,0.0,0.0,0,0,1
K222970,510(k),2023-02-01,2023,LVivo IQS,DiA Imaging Analysis Ltd,Koninklijke Philips N.V.,SEC:PHG,1,1,Radiology,Radiology,QIH,2,892.2050,2022-09-27,127,N,3.674,1.0,0.0,none,The overall agreement was agreement between the LVivo IQS and quality / tagging by the experienced sonographers was 81%,0,0,,,,1342.0,0,0,0,0.0,0.0,0.0,0,0,1
K223396,510(k),2023-02-01,2023,Rapid RV/LV,iSchema View Inc.,,,0,0,Radiology,Radiology,QIH,2,892.2050,2022-11-08,85,N,3.674,1.0,1.0,retrospective,Final performance validation included 124 CTPA cases with ground truth established by 3 experts,0,0,,,,1342.0,0,0,0,0.0,0.0,0.0,0,0,1
K230020,510(k),2023-02-01,2023,BriefCase,"Aidoc Medical, Ltd.",,,0,0,Radiology,Radiology,QFM,2,892.2080,2023-01-03,29,N,3.674,1.0,1.0,prospective,"AUC was 0.98 (95% CI: 0.966, 0.994), Sensitivity was 98.08% (95% CI: 93.23%, 99.77%) and Specificity was 93.14% (95% CI: 88.75%, 96.20%).",0,0,,,,1342.0,0,0,0,0.0,0.0,0.0,0,0,1
K221868,510(k),2023-01-27,2023,QOCA image Smart CXR Image Processing System,Quanta Computer Inc.,,,0,0,Radiology,Radiology,QFM,2,892.2080,2022-06-27,214,N,3.688,1.0,1.0,retrospective,The performance of the subject device across the performance / assessment dataset achieves an area under the curve (AUC) of 97.8%,0,0,,,,1347.0,0,0,0,0.0,0.0,0.0,0,0,1
K222406,510(k),2023-01-23,2023,Clarius AI,Clarius Mobile Health Corp.,,,0,0,Radiology,Radiology,QIH,2,892.2050,2022-08-09,167,N,3.699,1.0,1.0,retrospective,the reported average Dice score was 96% and the mean IoU was 94% for tendon / segmentation.,0,0,,,,1351.0,0,0,0,0.0,0.0,0.0,0,0,1
K223516,510(k),2023-01-21,2023,VX1+,Volta Medical,,,0,0,Cardiovascular,Cardiovascular,DQK,2,870.1425,2022-11-22,60,N,3.704,1.0,1.0,prospective,The results indicate that VX1+ reliably assists operators in the detection and auto-tagging of regions harboring dispersed electrograms,0,0,,,,1353.0,0,0,0,0.0,0.0,0.0,0,0,1
K222593,510(k),2023-01-18,2023,TruPlan Computed Tomography (CT) Imaging Software,"Circle Cardiovascular Imaging, Inc.",,,0,0,Radiology,Radiology,LLZ,2,892.2050,2022-08-26,145,N,3.713,1.0,1.0,retrospective,Bone was removed in 532/533 cases / (99.81%); the LAA was correctly visualized by the rendering algorithm in 519/533 cases,0,0,,,,1356.0,0,0,0,0.0,0.0,0.0,0,0,1
K223502,510(k),2023-01-13,2023,MR Diffusion Perfusion Mismatch V1.0,Olea Medical,Canon Inc.,SEC:CAJPY,1,1,Radiology,Radiology,LLZ,2,892.2050,2022-11-21,53,N,3.726,1.0,1.0,retrospective,Mean DICE index (similarity coefficient) was excellent and equal to 0.96 between MR Diffusion Perfusion Mismatch V1.0 and Olea Sphere® V3.0 Volume_1 segmentations,0,0,,,,1361.0,0,0,0,0.0,0.0,0.0,0,0,1
K222458,510(k),2023-01-12,2023,AIBOLIT 3D+,"Aibolit Technologies, LLC",,,0,0,Radiology,Radiology,LLZ,2,892.2050,2022-08-15,150,N,3.729,1.0,1.0,retrospective,"The validation demonstrated conservation of shape dimensions, volume of the structures in a side-by-side / testing comparison with a ""ground truth"" accepted standard",0,0,,,,1362.0,0,0,0,0.0,0.0,0.0,0,0,1
K223738,510(k),2023-01-11,2023,Alpha Control Liner System (ACLS),Coapt,,,0,0,Neurology,Neurology,GXY,2,882.1320,2022-12-14,28,N,3.732,0.0,0.0,none,No human clinical testing was required to support the medical device as the indications for use is equivalent to the predicate device.,0,0,,,,1363.0,0,0,0,0.0,0.0,0.0,0,0,1
K214036,510(k),2022-12-23,2022,AVIEW,"Coreline Soft Co.,Ltd.",Listed Korean AI company,KOSDAQ,1,0,Radiology,Radiology,QIH,2,892.2050,2021-12-23,365,N,3.784,1.0,1.0,retrospective,Fissure completeness was validated using a total of 129 subjects from TCIA... Kappa and ICC were also reported,0,0,,,,1382.0,0,0,0,0.0,0.0,0.0,0,0,1
K223442,510(k),2022-12-23,2022,MR 5300 and MR 7700 R11 MR Systems,Philips Medical Systems Nederlands B.V.,Koninklijke Philips N.V.,SEC:PHG,1,1,Radiology,Radiology,LNH,2,892.1000,2022-11-14,39,N,3.784,0.0,0.0,none,did not require a clinical study since substantial equivalence to the legally marketed predicate device was proven with the verification/validation testing,1,5,2025-05-13,2.0,872.0,872.0,0,4,1,0.0,2.0,2.0,0,0,1
K223311,510(k),2022-12-22,2022,Philips CT 3500,"Philips Healthcare (Suzhou) Co., Ltd",Koninklijke Philips N.V.,SEC:PHG,1,1,Radiology,Radiology,JAK,2,892.1750,2022-10-28,55,N,3.786,,0.0,none,"clinical performance, V&V and consensus standards tests, which / complied with the requirements specified in the international and / FDA-recognized consensus standards.",0,0,,,,1383.0,0,0,0,0.0,0.0,0.0,0,0,0
K220928,510(k),2022-12-16,2022,Overjet Calculus Assist,Overjet Inc.,,,0,0,Radiology,Radiology,MYN,2,892.2070,2022-03-31,260,N,3.803,1.0,1.0,prospective,Overall standalone sensitivity was 74.1% ... reader sensitivity improved from 74.9% ... to 84.0%,0,0,,,,1389.0,0,0,0,0.0,0.0,0.0,0,0,1
K223268,510(k),2022-12-16,2022,BrainInsight,"Hyperfine, Inc.","Hyperfine, Inc.",SEC:HYPR,1,1,Radiology,Radiology,QIH,2,892.2050,2022-10-24,53,N,3.803,1.0,1.0,retrospective,The test results show high accuracy of BrainInsight performance as compared to the reference and / annotators and the subject device met all acceptance criteria.,0,0,,,,1389.0,0,0,0,0.0,0.0,0.0,0,0,1
K222275,510(k),2022-12-16,2022,Saige-Density,"DeepHealth, Inc.",RadNet Inc.,SEC:RDNT,1,1,Radiology,Radiology,QIH,2,892.2050,2022-07-29,140,N,3.803,1.0,1.0,retrospective,"Saige-Density’s accuracy on four-class / categorization (density categories A, B, C, or D) was 81.28%",0,0,,,,1389.0,0,0,0,0.0,0.0,0.0,0,0,1
K223247,510(k),2022-12-06,2022,Swoop Portable MR Imaging System,"Hyperfine, Inc.","Hyperfine, Inc.",SEC:HYPR,1,1,Radiology,Radiology,LNH,2,892.1000,2022-10-21,46,N,3.83,,0.0,none,,0,0,,,,1399.0,0,0,0,0.0,0.0,0.0,0,0,0
K222692,510(k),2022-12-05,2022,BriefCase,"Aidoc Medical, Ltd.",,,0,0,Radiology,Radiology,QFM,2,892.2080,2022-09-06,90,N,3.833,1.0,1.0,retrospective,"AUC was 97.6% (95% CI: 96.1%, 99.1%), Sensitivity was 95.11% (95% CI: 90.92%, 97.74%) and",0,0,,,,1400.0,0,0,0,0.0,0.0,0.0,0,0,1
K220786,510(k),2022-12-01,2022,STAR Apollo Mapping System,"Rhythm Al, Ltd",,,0,0,Cardiovascular,Cardiovascular,DQK,2,870.1425,2022-03-17,259,N,3.844,0.0,0.0,none,Simulated testing was completed with electrophysiologists performing manual annotation,0,0,,,,1404.0,0,0,0,0.0,0.0,0.0,0,0,1
K221624,510(k),2022-11-22,2022,Avenda Health AI Prostate Cancer Planning Software,"Avenda Health, Inc.",,,0,0,Radiology,Radiology,POK,2,892.2060,2022-06-06,169,N,3.869,1.0,1.0,prospective,"lesion contours produced using the Proposed Device had superior sensitivity (mean 97.4% vs 38.2%, p < 0.0001)",0,0,,,,1413.0,0,0,0,0.0,0.0,0.0,0,0,1
K221716,510(k),2022-11-22,2022,CINA,AVICENNA.AI,,,0,0,Radiology,Radiology,QAS,2,892.2080,2022-06-13,162,N,3.869,1.0,1.0,retrospective,"Sensitivity and Specificity for the ""ICH"" ... are 91.4% ... and 97.5%",0,0,,,,1413.0,0,0,0,0.0,0.0,0.0,0,0,1
K223032,510(k),2022-11-21,2022,SIS System (Version 5.6.0),"Surgical Information Sciences, Inc.",,,0,0,Radiology,Radiology,QIH,2,892.2050,2022-09-29,53,N,3.871,0.0,1.0,retrospective,Visualization accuracy testing was repeated to validate visualization of the STN and / GPi/GPe structures.,0,0,,,,1414.0,0,0,0,0.0,0.0,0.0,0,0,1
K221330,510(k),2022-11-18,2022,BriefCase,"Aidoc Medical, Ltd.",,,0,0,Radiology,Radiology,QAS,2,892.2080,2022-05-06,196,N,3.88,1.0,1.0,retrospective,Sensitivity was 86.81% (95% CI: 81.02%-91.36%) and Specificity was 92.02%,0,0,,,,1417.0,0,0,0,0.0,0.0,0.0,0,0,1
K221762,510(k),2022-11-16,2022,BoneMRI v1.4,MRlguidance B.V.,,,0,0,Radiology,Radiology,QIH,2,892.2050,2022-06-17,152,N,3.885,1.0,1.0,retrospective,mean absolute cortical delineation error below 1.0 mm on average,0,0,,,,1419.0,0,0,0,0.0,0.0,0.0,0,0,1
K222428,510(k),2022-11-14,2022,Syngo Dynamics (Version VA40F),"Siemens Medical Solutions USA, Inc.",Siemens Healthineers AG,XETRA:SHL,1,0,Radiology,Radiology,QIH,2,892.2050,2022-08-11,95,N,3.89,1.0,1.0,retrospective,Biplane EF correlation was 0.827 / between Auto EF and ground truth (P<0.0001).,0,0,,,,1421.0,0,0,0,0.0,0.0,0.0,0,0,1
K220408,510(k),2022-11-10,2022,AVIEW RT ACS,"Coreline Soft Co.,Ltd",Listed Korean AI company,KOSDAQ,1,0,Radiology,Radiology,QKB,2,892.2050,2022-02-14,269,N,3.901,1.0,0.0,none,results of auto-segmentation of gold-standard and AVIEW RT ACS... are analyzed and evaluated using DSC and 95% HD,0,0,,,,1425.0,0,0,0,0.0,0.0,0.0,0,0,1
K221183,510(k),2022-11-10,2022,AEYE-DS,"AEYE Health, Inc.",,,0,0,Ophthalmic,Other,PIB,2,886.1100,2022-04-25,199,N,3.901,1.0,1.0,prospective,the sensitivity was 92.98% ... specificity is 91.36%,0,0,,,,1425.0,0,0,0,0.0,0.0,0.0,0,0,1
K221552,510(k),2022-11-08,2022,EFAI ChestSuite XR Pneumothorax Assessment System,"Ever Fortune AI Co., Ltd.",,,0,0,Radiology,Radiology,QFM,2,892.2080,2022-05-31,161,N,3.907,1.0,1.0,retrospective,EFAI PNXXR was able to demonstrate sensitivity and specificity of 0.97 ... and 0.98,0,0,,,,1427.0,0,0,0,0.0,0.0,0.0,0,0,1
P210015,PMA,2022-10-31,2022,Avive Automated External Defibrillator (AED) System,"Avive Solutions, Inc.",,,0,0,Cardiovascular,Cardiovascular,MKJ,3,870.5310,2021-04-06,573,,3.929,1.0,1.0,prospective,Final performance testing ... Avive's internal ECG Test Dataset ... Coarse V-Fib 274 >90% sensitivity 98.9% sensitivity,0,0,,,,1435.0,0,23,1,2.0,4.0,17.0,0,0,1
K220332,510(k),2022-10-27,2022,uMR Omega with uWS-MR-MRS,"Shanghai United Imaging Healthcare Co.,Ltd.",Shanghai United Imaging Healthcare,SSE:688271,1,0,Radiology,Radiology,LNH,2,892.1000,2022-02-04,265,N,3.94,1.0,1.0,retrospective,All DeepRecon images were rated with equivalent or higher scores in terms of diagnosis quality,0,0,,,,1439.0,0,0,0,0.0,0.0,0.0,0,0,1
K222070,510(k),2022-10-25,2022,EndoNaut,Therenva SAS,,,0,0,Radiology,Radiology,OWB,2,892.1650,2022-07-14,103,N,3.945,0.0,0.0,none,The subject of this premarket submission did not require clinical studies to support equivalence.,0,0,,,,1441.0,0,0,0,0.0,0.0,0.0,0,0,1
K223042,510(k),2022-10-21,2022,Viz LVO ContaCT,"Viz.ai, Inc.",,,0,0,Radiology,Radiology,QAS,2,892.2080,2022-09-29,22,N,3.956,0.0,0.0,none,Performance data was not included as part of part of the premarket notification.,0,0,,,,1445.0,0,0,0,0.0,0.0,0.0,0,0,1
K222361,510(k),2022-10-20,2022,AI-Rad Companion (Musculoskeletal),"Siemens Medical Solutions USA, Inc.",Siemens Healthineers AG,XETRA:SHL,1,0,Radiology,Radiology,JAK,2,892.1750,2022-08-04,77,N,3.959,1.0,1.0,retrospective,Performance testing for AI-Rad Companion (Musculoskeletal) was performed on 140 subjects / (clinically relevant patient data shown in Table 2),0,0,,,,1446.0,0,0,0,0.0,0.0,0.0,0,0,1
K221632,510(k),2022-10-18,2022,Spine CAMP,"Medical Metrics, Inc.",,,0,0,Radiology,Radiology,QIH,2,892.2050,2022-06-06,134,N,3.964,0.0,1.0,retrospective,This section is not applicable to this submission. Clinical Data are not included.,0,0,,,,1448.0,0,0,0,0.0,0.0,0.0,0,0,1
DEN220024,De Novo,2022-10-18,2022,ScanNav Anatomy Peripheral Nerve Block,Intelligent Ultrasound Limited,,,0,0,Anesthesiology,Other,QRG,2,868.1980,2022-04-08,193,N,3.964,1.0,1.0,prospective,ScanNav Anatomy PNB assisted 63% (19/30) of the study participants to obtain the correct ultrasound view,0,0,,,,1448.0,0,0,0,0.0,0.0,0.0,0,0,1
K213857,510(k),2022-10-14,2022,HeartFlow Analysis,"HeartFlow, Inc.","Heartflow, Inc.",SEC:HTFL,1,1,Cardiovascular,Cardiovascular,PJA,2,870.1415,2021-12-10,308,N,3.975,0.0,1.0,prospective,Results of all current and previously referenced testing conclude the device is acceptable for use,0,0,,,,1452.0,0,37,1,0.0,5.0,32.0,0,0,1
K221305,510(k),2022-10-14,2022,AI-Rad Companion Organs RT,"Siemens Medical Solutions USA, Inc",Siemens Healthineers AG,XETRA:SHL,1,0,Radiology,Radiology,QKB,2,892.2050,2022-05-05,162,N,3.975,1.0,1.0,retrospective,performance of the AI-Rad Companion Organs RT has been validated in a retrospective performance study on CT data,0,0,,,,1452.0,0,0,0,0.0,0.0,0.0,0,0,1
K220709,510(k),2022-10-07,2022,BriefCase,"Aidoc Medical, Ltd.",,,0,0,Radiology,Radiology,QAS,2,892.2080,2022-03-10,211,N,3.995,1.0,1.0,retrospective,"Sensitivity was 91.3% (95% CI: 83.6%, 96.2%) and specificity was 85.6%",0,0,,,,1459.0,0,0,0,0.0,0.0,0.0,0,0,1
K221449,510(k),2022-10-06,2022,Genius AI Detection 2.0,"Hologic, Inc.",Hologic Inc.,,0,0,Radiology,Radiology,QDQ,2,892.2090,2022-05-18,141,N,3.997,1.0,1.0,retrospective,specificity measured at the operating point of Genius AI Detection 2.0 demonstrated significant increase of 12%,0,0,,,,1460.0,0,0,0,0.0,0.0,0.0,0,0,1
K221892,510(k),2022-10-05,2022,VISIONAIR,PacificMD Biotech Llc,,,0,0,Anesthesiology,Other,BXQ,2,868.1800,2022-06-29,98,N,4.0,0.0,0.0,none,CT vs Segmentation Accuracy Test: Comparison of / endoscopic image cross-sectional areas which were / segmented by the VISIONAIR™,0,0,,,,1461.0,0,0,0,0.0,0.0,0.0,0,0,1
K211611,510(k),2022-09-30,2022,QIR Suite,CASIS Cardiac Simulation & Imaging Software,,,0,0,Radiology,Radiology,QIH,2,892.2050,2021-05-25,493,N,4.014,1.0,1.0,retrospective,correlation coefficient between measurements performed in QIR Suite and the predicate was systematically above 0.97...DICE measurements...mean score of 0.893,0,0,,,,1466.0,0,0,0,0.0,0.0,0.0,0,0,1
K220080,510(k),2022-09-29,2022,CogNet QmTRIAGE,"MedCognetics, Inc.",,,0,0,Radiology,Radiology,QFM,2,892.2080,2022-01-10,262,N,4.016,,1.0,retrospective,,0,0,,,,1467.0,0,0,0,0.0,0.0,0.0,0,0,0
K222329,510(k),2022-09-28,2022,BriefCase,"Aidoc Medical, Ltd.",,,0,0,Radiology,Radiology,QAS,2,892.2080,2022-08-02,57,N,4.019,1.0,1.0,retrospective,Sensitivity was 93.23% (95% / CI: 88.70% - 96.35%) and specificity was 92.83% (95% CI: 89.35% - 95.45%).,0,0,,,,1468.0,0,0,0,0.0,0.0,0.0,0,0,1
K221738,510(k),2022-09-27,2022,NS-HGlio,Neosoma Inc.,,,0,0,Radiology,Radiology,QIH,2,892.2050,2022-06-15,104,N,4.022,1.0,1.0,retrospective,device achieved a mean DSC of 0.88 with 95% CI of 0.86-0.90 on preoperative imaging,0,0,,,,1469.0,0,0,0,0.0,0.0,0.0,0,0,1
K221179,510(k),2022-09-21,2022,SomnoMetry,Neumetry Medical Inc,,,0,0,Neurology,Neurology,OLZ,2,882.1400,2022-04-25,149,N,4.038,1.0,1.0,retrospective,clinical evaluation included a total of 201 polysomnography (PSG) files ... as the ground truths to validate,0,0,,,,1475.0,0,0,0,0.0,0.0,0.0,0,0,1
K213353,510(k),2022-09-20,2022,Aorta-CAD,"Imagen Technologies, Inc",,,0,0,Radiology,Radiology,MYN,2,892.2070,2021-10-08,347,N,4.041,1.0,1.0,prospective,"standalone performance assessment on 5,000 chest radiograph cases... high sensitivity (0.910)... high specificity (0.896)... AUC... 0.974",0,0,,,,1476.0,0,0,0,0.0,0.0,0.0,0,0,1
K221733,510(k),2022-09-13,2022,"MAGNETOM Sola, MAGNETOM Altea, MAGNETOM Sola Fit","Siemens Medical Solutions USA, Inc.",Siemens Healthineers AG,XETRA:SHL,1,0,Radiology,Radiology,LNH,2,892.1000,2022-06-15,90,N,4.06,0.0,0.0,none,sample clinical images were provided,0,0,,,,1483.0,0,3,1,0.0,3.0,0.0,0,0,1
K221456,510(k),2022-09-12,2022,Rapid ICH,iSchemaView Inc.,,,0,0,Radiology,Radiology,QAS,2,892.2080,2022-05-19,116,N,4.063,1.0,1.0,retrospective,sensitivity was observed to be 96.8% (95% CI: 92.6% - 98.6%) and specificity was observed to be 100%,0,0,,,,1484.0,0,0,0,0.0,0.0,0.0,0,0,1
K220986,510(k),2022-09-12,2022,Aquilion Precision (TSX-304A/4) V10.10 with AiCE,Canon Medical Systems Corporation,Canon Inc.,SEC:CAJPY,1,1,Radiology,Radiology,JAK,2,892.1750,2022-04-04,161,N,4.063,0.0,1.0,prospective,confirmed that the reconstructed images using the subject device were of diagnostic quality,0,0,,,,1484.0,0,0,0,0.0,0.0,0.0,0,0,1
K222076,510(k),2022-09-08,2022,EFAI ChestSuite XR Pleural Effusion Assessment System,"Ever Fortune.AI Co., Ltd.",,,0,0,Radiology,Radiology,QFM,2,892.2080,2022-07-14,56,N,4.074,1.0,1.0,retrospective,The AUC was 0.9517 / (95% CI=0.9369-0.9666) with a sensitivity as / 0.9013,0,0,,,,1488.0,0,0,0,0.0,0.0,0.0,0,0,1
K220783,510(k),2022-09-07,2022,syngo.via RT Image Suite,Siemens Medical Solutions USA Inc.,Siemens Healthineers AG,XETRA:SHL,1,0,Radiology,Radiology,MUJ,2,892.5050,2022-03-17,174,N,4.077,1.0,1.0,retrospective,mean DICE of 0.92 was achieved for the lung lobes across the test set,0,0,,,,1489.0,0,0,0,0.0,0.0,0.0,0,0,1
K213960,510(k),2022-09-06,2022,LiverMultiScan v5 (LMSv5),Perspectum,,,0,0,Radiology,Radiology,LNH,2,892.1000,2021-12-17,263,N,4.079,0.0,0.0,none,in-vivo volunteer data was used... Inter and intra operator variability was also assessed,0,0,,,,1490.0,0,0,0,0.0,0.0,0.0,0,0,1
K221241,510(k),2022-09-01,2022,DrAid for Radiology v1,VinBrain Joint Stock Company,,,0,0,Radiology,Radiology,QFM,2,892.2080,2022-04-29,125,N,4.093,1.0,1.0,retrospective,Sensitivity 0.9387 Specificity 0.9947 AUC 0.9667,0,0,,,,1495.0,0,0,0,0.0,0.0,0.0,0,0,1
K221100,510(k),2022-08-29,2022,Viz RV/LV,"Viz.ai, Inc.",,,0,0,Radiology,Radiology,QIH,2,892.2050,2022-04-14,137,N,4.101,1.0,1.0,prospective,the MAE (Mean absolute error) was less than 7.2 mm between the algorithm and the established ground truth,0,0,,,,1498.0,0,0,0,0.0,0.0,0.0,0,0,1
K222277,510(k),2022-08-26,2022,BriefCase,"Aidoc Medical, Ltd.",,,0,0,Radiology,Radiology,QAS,2,892.2080,2022-07-29,28,N,4.11,1.0,1.0,retrospective,"Sensitivity was 94.86% (95% CI: / 90.99%, 97.41%) and specificity was 94.04% (95% CI: 90.62%, 96.49%).",0,0,,,,1501.0,0,0,0,0.0,0.0,0.0,0,0,1
K211841,510(k),2022-08-25,2022,MRI Planner,Spectronic Medical AB,,,0,0,Radiology,Radiology,MUJ,2,892.5050,2021-06-14,437,N,4.112,1.0,1.0,retrospective,"average DSC was found to be 0.95...0.90...0.96 for bladder, colon and femoral head delineations...consisted of MR (T2w) images for 51 unique male prostate cancer patients",0,0,,,,1502.0,0,0,0,0.0,0.0,0.0,0,0,1
K221962,510(k),2022-08-25,2022,LINQ II Insertable Cardiac Monitor,"Medtronic, Inc.",Medtronic plc,SEC:MDT,1,1,Cardiovascular,Cardiovascular,MXD,2,870.1025,2022-07-05,51,N,4.112,0.0,1.0,retrospective,"A retrospective clinical evaluation of published literature, post- / market surveillance data, and studies was performed to assess the safety and effectiveness",1,1,2023-11-03,2.0,435.0,435.0,0,0,0,0.0,0.0,0.0,0,0,1
K220598,510(k),2022-08-24,2022,AutoContour Model RADAC V2,"Radformation, Inc.",,,0,0,Radiology,Radiology,QKB,2,892.2050,2022-03-02,175,N,4.115,1.0,1.0,retrospective,"AutoContour's results had a mean DSC of 0.94+/-0.03, 0.82+/-0.09, and 0.61+/-0.14",0,0,,,,1503.0,0,0,0,0.0,0.0,0.0,0,0,1
K221599,510(k),2022-08-22,2022,HS40 Diagnostic Ultrasound System,"Samsung Medison Co., Ltd.",Samsung Electronics Co. Ltd.,KRX:005930,1,0,Radiology,Radiology,IYN,2,892.1550,2022-06-02,81,N,4.12,1.0,1.0,prospective,Accuracy (%) 91.7 5.6 89.5 to 93.9,0,0,,,,1505.0,0,0,0,0.0,0.0,0.0,0,0,1
K222172,510(k),2022-08-19,2022,MI View&GO,"Siemens Medical Solutions USA, Inc.",Siemens Healthineers AG,XETRA:SHL,1,0,Radiology,Radiology,QIH,2,892.2050,2022-07-21,29,N,4.129,0.0,0.0,none,"There are no differences in the Indications for Use, Intended Use, or Fundamental / Technological Characteristics of the MI View&GO VA20A software",0,0,,,,1508.0,0,0,0,0.0,0.0,0.0,0,0,1
K220349,510(k),2022-08-12,2022,TeraRecon Neuro,"TeraRecon, Inc",,,0,0,Radiology,Radiology,LLZ,2,892.2050,2022-02-07,186,N,4.148,1.0,0.0,none,we calculated absolute error and absolute percent error for the subject device compared to ground truth,0,0,,,,1515.0,0,0,0,0.0,0.0,0.0,0,0,1
K213686,510(k),2022-08-12,2022,SKOUT Software,Iterative Scopes Inc.,,,0,0,Gastroenterology-Urology,Other,QNP,2,876.1520,2021-11-22,263,N,4.148,1.0,1.0,retrospective,"Object Level True Positive Rate (TPR) 97.87%... statistically significant increase in APC, and PPA fell statistically within the prespecified noninferiority margin",0,0,,,,1515.0,0,0,0,0.0,0.0,0.0,0,0,1
K213713,510(k),2022-08-11,2022,AI-Rad Companion (Pulmonary),Siemens Healthcare GmBh,Siemens Healthineers AG,XETRA:SHL,1,0,Radiology,Radiology,JAK,2,892.1750,2021-11-24,260,N,4.151,1.0,1.0,retrospective,"In an evaluation of 200 cases to identify lesion pairs, the algorithm had a sensitivity of 94.3%",0,0,,,,1516.0,0,0,0,0.0,0.0,0.0,0,0,1
K213645,510(k),2022-08-08,2022,ClearPoint Maestro Brain Model,"ClearPoint Neuro, Inc.","ClearPoint Neuro, Inc.",SEC:CLPT,1,1,Radiology,Radiology,QIH,2,892.2050,2021-11-18,263,N,4.159,1.0,1.0,retrospective,"computed Dice coefficients for 21 segmented brain structures in 101 subjects from the validation dataset were significantly greater than 70%, meeting the acceptance criteria",0,0,,,,1519.0,0,0,0,0.0,0.0,0.0,0,0,1
K221432,510(k),2022-08-03,2022,Customize,3D-Side SA,,,0,0,Radiology,Radiology,QIH,2,892.2050,2022-05-17,78,N,4.172,0.0,0.0,none,performance testing included 1) segmentation validation... 2) Repeatability and Reproducibility... 3) accuracy study,0,0,,,,1524.0,0,0,0,0.0,0.0,0.0,0,0,1
K221347,510(k),2022-08-03,2022,Transpara 1.7.2,ScreenPoint Medical B.V.,,,0,0,Radiology,Radiology,QDQ,2,892.2090,2022-05-09,86,N,4.172,1.0,1.0,retrospective,the sensitivity is 95.0% (93.5-96.4) at 0.30 FP/image,0,0,,,,1524.0,0,0,0,0.0,0.0,0.0,0,0,1
K213760,510(k),2022-07-29,2022,ABMD Software,HeartLung Corporation,,,0,0,Radiology,Radiology,KGI,2,892.1170,2021-12-01,240,N,4.186,1.0,1.0,retrospective,"very strong correlation between BMD measured by manual method versus ABMD Software (r = 0.97, p<0.01)",0,0,,,,1529.0,0,0,0,0.0,0.0,0.0,0,0,1
K220961,510(k),2022-07-29,2022,Deep Learning Image Reconstruction,GE Healthcare Japan Corporation,GE HealthCare Technologies Inc.,SEC:GEHC,1,1,Radiology,Radiology,JAK,2,892.1750,2022-04-01,119,N,4.186,0.0,0.0,none,"extensive software testing, IQ bench testing are sufficient for FDA's substantial equivalence determination",0,0,,,,1529.0,0,0,0,0.0,0.0,0.0,0,0,1
K221923,510(k),2022-07-28,2022,Swoop Portable MR Imaging System,"Hyperfine, Inc.","Hyperfine, Inc.",SEC:HYPR,1,1,Radiology,Radiology,LNH,2,892.1000,2022-07-01,27,N,4.189,0.0,0.0,none,Phantom Test Guidance for Use of / the Large MRI Phantom for the ACR / MRI Accreditation Program,0,0,,,,1530.0,0,0,0,0.0,0.0,0.0,0,0,1
K213998,510(k),2022-07-28,2022,cvi42 Auto Imaging Software Application,Circle Cardiovascular Imaging Inc,,,0,0,Radiology,Radiology,QIH,2,892.2050,2021-12-21,219,N,4.189,1.0,1.0,retrospective,Series classification performance results were between 97 % - 100%,0,0,,,,1530.0,0,0,0,0.0,0.0,0.0,0,0,1
K210822,510(k),2022-07-27,2022,DeepRhythmAI,Medicalgorithmics S.A.,Medicalgorithmics S.A.,WSE:MDG,1,0,Cardiovascular,Cardiovascular,DQK,2,870.1425,2021-03-19,495,N,4.192,,0.0,none,,0,0,,,,1531.0,0,0,0,0.0,0.0,0.0,0,0,0
K220439,510(k),2022-07-25,2022,Viz SDH,"Viz.ai, Inc.",,,0,0,Radiology,Radiology,QAS,2,892.2080,2022-02-16,159,N,4.197,1.0,1.0,retrospective,Sensitivity and specificity were 94% (90% - 97%) and 92% (89% - 95%),0,0,,,,1533.0,0,0,0,0.0,0.0,0.0,0,0,1
K220940,510(k),2022-07-22,2022,"EchoPAC Software Only, EchoPAC Plug-in","GE Medical Systems Ultrasound and Primary Care Diagnostics,",GE HealthCare Technologies Inc.,SEC:GEHC,1,1,Radiology,Radiology,QIH,2,892.2050,2022-03-31,113,N,4.205,1.0,1.0,retrospective,"accuracy of the AI algorithm (average dice score) as tested on datasets from different countries, is 92% or higher",0,0,,,,1536.0,0,0,0,0.0,0.0,0.0,0,0,1
K220624,510(k),2022-07-22,2022,AI4CMR v1.0,AI4MedImaging Medical Solutions S.A.,,,0,0,Radiology,Radiology,LLZ,2,892.2050,2022-03-03,141,N,4.205,1.0,1.0,prospective,an average dice similarity coefficient (DSC) of 0.72 per image was achieved,0,0,,,,1536.0,0,0,0,0.0,0.0,0.0,0,0,1
K220882,510(k),2022-07-22,2022,"Vivid E80, Vivid E90, Vivid E95",GE Medical Systems Ultrasound and,GE HealthCare Technologies Inc.,SEC:GEHC,1,1,Radiology,Radiology,IYN,2,892.1550,2022-03-25,119,N,4.205,1.0,1.0,retrospective,"accuracy of the AI algorithm (average dice score) as tested on datasets from different countries, is 92% or higher",0,0,,,,1536.0,0,1,1,0.0,0.0,1.0,0,0,1
K220956,510(k),2022-07-20,2022,Libby Echo:Prio,"Dyad Medical, Inc",,,0,0,Radiology,Radiology,QIH,2,892.2050,2022-04-01,110,N,4.211,1.0,1.0,retrospective,demonstrated view classification accuracy of 97% with an average F1 value of >96.6%,0,0,,,,1538.0,0,0,0,0.0,0.0,0.0,0,0,1
K220815,510(k),2022-07-19,2022,BrainInsight,"Hyperfine, Inc.","Hyperfine, Inc.",SEC:HYPR,1,1,Radiology,Radiology,QIH,2,892.2050,2022-03-21,120,N,4.214,1.0,1.0,retrospective,Left Ventricle 84 90 8 8 ... Whole Brain 95 97 3 2,0,0,,,,1539.0,0,0,0,0.0,0.0,0.0,0,0,1
K213409,510(k),2022-07-19,2022,ZEUS System (Zio Watch),"iRhythm Technologies, Inc.",iRhythm Holdings Inc.,SEC:IRTC,1,1,Cardiovascular,Cardiovascular,DQK,2,870.1425,2021-10-19,273,N,4.214,0.0,1.0,prospective,No clinical testing was performed in support of this premarket notification,0,0,,,,1539.0,0,0,0,0.0,0.0,0.0,0,0,1
K213357,510(k),2022-07-19,2022,"Study Watch with Irregular Pulse Monitor (Home), Study Watch with Irregular Pulse Monitor",Verily Life Sciences LLC,Alphabet Inc.,SEC:GOOGL,1,1,Cardiovascular,Cardiovascular,DXH,2,870.2920,2021-10-12,280,N,4.214,1.0,1.0,prospective,per-interval sensitivity 96.1%... and specificity 98.1%,0,0,,,,1539.0,0,0,0,0.0,0.0,0.0,0,0,1
K221148,510(k),2022-07-18,2022,Vivid iq,GE Medical Systems Ultrasound & Primary Care Diagnostics LLC,GE HealthCare Technologies Inc.,SEC:GEHC,1,1,Radiology,Radiology,IYN,2,892.1550,2022-04-20,89,N,4.216,1.0,1.0,retrospective,"accuracy of the AI algorithm (average dice score) as tested on datasets from different countries, is 92% or higher",0,0,,,,1540.0,0,0,0,0.0,0.0,0.0,0,0,1
K221147,510(k),2022-07-18,2022,"Vivid T8, Vivid T9","GE Medical Systems Ultrasound and Primary Care Diagnostics,",GE HealthCare Technologies Inc.,SEC:GEHC,1,1,Radiology,Radiology,IYN,2,892.1550,2022-04-20,89,N,4.216,1.0,1.0,retrospective,"accuracy of the AI algorithm (average dice score) as tested on datasets from different countries, is 92% or higher",0,0,,,,1540.0,0,0,0,0.0,0.0,0.0,0,0,1
K220619,510(k),2022-07-15,2022,"Vivid S60N, Vivid S70N","GE Medical Systems Ultrasound and Primary Care Diagnostics,",GE HealthCare Technologies Inc.,SEC:GEHC,1,1,Radiology,Radiology,IYN,2,892.1550,2022-03-03,134,N,4.225,1.0,1.0,retrospective,"The accuracy of the AI algorithm (average dice score) as tested on datasets from different countries, is 92% or higher",1,1,2023-05-30,2.0,319.0,319.0,0,0,0,0.0,0.0,0.0,0,0,1
K221203,510(k),2022-07-14,2022,AHI System,Fifth Eye Inc.,,,0,0,Cardiovascular,Cardiovascular,QNV,2,870.2220,2022-04-26,79,N,4.227,,0.0,none,,0,0,,,,1544.0,0,0,0,0.0,0.0,0.0,0,0,0
K221727,510(k),2022-07-13,2022,syngo.CT Extended Functionality,"Siemens Medical Solutions USA, Inc.",Siemens Healthineers AG,XETRA:SHL,1,0,Radiology,Radiology,JAK,2,892.1750,2022-06-14,29,N,4.23,0.0,0.0,none,Non-clinical tests (integration and functional) were conducted for syngo.CT Extended Functionality,0,0,,,,1545.0,0,0,0,0.0,0.0,0.0,0,0,1
K212783,510(k),2022-07-08,2022,ProstatID,"ScanMed, LLC",,,0,0,Radiology,Radiology,QDQ,2,892.2090,2021-09-01,310,N,4.244,1.0,1.0,prospective,The estimated improvement in the area under the ROC curve for rating true positive patients was 0.042. This result is statistically significant,0,0,,,,1550.0,0,0,0,0.0,0.0,0.0,0,0,1
K210069,510(k),2022-07-06,2022,Minuteful - kidney test,Healthy.io Ltd.,,,0,0,Clinical Chemistry,Other,JIR,1,862.1645,2021-01-11,541,N,4.249,1.0,1.0,prospective,exact albumin-creatinine ratio agreement is 92.7%...measurements are substantially equivalent to the measurements taken by the comparator device,0,0,,,,1552.0,0,0,0,0.0,0.0,0.0,0,0,1
K220975,510(k),2022-06-29,2022,"V8 Diagnostic Ultrasound System, V7 Diagnostic Ultrasound System","Samsung Medison Co., Ltd.",Samsung Electronics Co. Ltd.,KRX:005930,1,0,Radiology,Radiology,IYN,2,892.1550,2022-04-04,86,N,4.268,1.0,1.0,retrospective,Accuracy (%) 91.7 5.6 89.5 to 93.9,0,0,,,,1559.0,0,0,0,0.0,0.0,0.0,0,0,1
K213794,510(k),2022-06-29,2022,Eko Murmur Analysis Software (EMAS),"Eko Devices, Inc.",,,0,0,Cardiovascular,Cardiovascular,DQD,2,870.1875,2021-12-06,205,N,4.268,1.0,1.0,retrospective,Sensitivity (%) 85.6... Specificity (%) 84.4,0,0,,,,1559.0,0,0,0,0.0,0.0,0.0,0,0,1
K220851,510(k),2022-06-27,2022,Venue,GE Medical Systems,GE HealthCare Technologies Inc.,SEC:GEHC,1,1,Radiology,Radiology,IYN,2,892.1550,2022-03-23,96,N,4.274,0.0,0.0,none,did not require clinical studies to support substantial equivalence,0,0,,,,1561.0,0,1,1,0.0,1.0,0.0,0,0,1
K220848,510(k),2022-06-27,2022,Venue Fit,GE Medical Systems,GE HealthCare Technologies Inc.,SEC:GEHC,1,1,Radiology,Radiology,IYN,2,892.1550,2022-03-23,96,N,4.274,0.0,0.0,none,did not require clinical studies to support substantial equivalence,1,1,2025-03-06,2.0,983.0,983.0,0,0,0,0.0,0.0,0.0,0,0,1
K220575,510(k),2022-06-24,2022,"MAGNETOM Free.Max, MAGNETOM Free.Star","Siemens Medical Solutions USA, Inc.",Siemens Healthineers AG,XETRA:SHL,1,0,Radiology,Radiology,LNH,2,892.1000,2022-02-28,116,N,4.282,0.0,0.0,none,No clinical tests were conducted to support substantial equivalence for the subject device; however... sample clinical images were provided,1,1,2023-09-01,2.0,434.0,434.0,0,0,0,0.0,0.0,0.0,0,0,1
K220497,510(k),2022-06-23,2022,CoLumbo,Smart Soft Healthcare AD,,,0,0,Radiology,Radiology,QIH,2,892.2050,2022-02-22,121,N,4.285,1.0,1.0,prospective,compared the CoLumbo software outputs... to the ground truth defined by 3 radiologists on segmentations and measurements,0,0,,,,1565.0,0,0,0,0.0,0.0,0.0,0,0,1
K220800,510(k),2022-06-21,2022,Venue Go,GE Medical Systems Ultrasound and Primary Care Diagnostics,GE HealthCare Technologies Inc.,SEC:GEHC,1,1,Radiology,Radiology,IYN,2,892.1550,2022-03-18,95,N,4.29,0.0,0.0,none,did not require clinical studies to support substantial equivalence,1,2,2023-09-06,2.0,442.0,442.0,0,0,0,0.0,0.0,0.0,0,0,1
K213037,510(k),2022-06-17,2022,IDx-DR v2.3,Digital Diagnostics Inc.,,,0,0,Ophthalmic,Other,PIB,2,886.1100,2021-09-21,269,N,4.301,1.0,1.0,prospective,Sensitivity... 87.69%... Specificity... 90.07%,0,0,,,,1571.0,0,0,0,0.0,0.0,0.0,0,0,1
K220813,510(k),2022-06-17,2022,ART-PLAN,TheraPanacea,,,0,0,Radiology,Radiology,QKB,2,892.2050,2022-03-21,88,N,4.301,1.0,1.0,retrospective,"the mean DSC was calculated, compared with the auto-segmentation and was observed to be in every case superior",0,0,,,,1571.0,0,0,0,0.0,0.0,0.0,0,0,1
K221463,510(k),2022-06-17,2022,ElucidVivo A.3,Elucid Bioimaging Inc.,,,0,0,Radiology,Radiology,LLZ,2,892.2050,2022-05-19,29,N,4.301,1.0,1.0,retrospective,Clinical images were evaluated using ElucidVivo. Objectives evaluated included calculations of anatomic structure,0,0,,,,1571.0,0,0,0,0.0,0.0,0.0,0,0,1
K213504,510(k),2022-06-16,2022,"Aquilion ONE (TSX-306A/3) V10.12 with Spectral Imaging System, Vitrea Software Package, VSTP-001A",Canon Medical Systems Corporation,Canon Inc.,SEC:CAJPY,1,1,Radiology,Radiology,JAK,2,892.1750,2021-11-01,227,N,4.304,0.0,1.0,retrospective,"Representative body, cardiac, low dose chest and head diagnostic images, reviewed by an American Board Certified Radiologist... were of diagnostic quality",0,0,,,,1572.0,0,0,0,0.0,0.0,0.0,0,0,1
K221393,510(k),2022-06-10,2022,Swoop Portable MR Imaging System,"Hyperfine, Inc.","Hyperfine, Inc.",SEC:HYPR,1,1,Radiology,Radiology,LNH,2,892.1000,2022-05-13,28,N,4.32,0.0,0.0,none,Testing to verify image performance with advanced reconstruction meets all image quality criteria,0,0,,,,1578.0,0,0,0,0.0,0.0,0.0,0,0,1
K213882,510(k),2022-06-08,2022,EarliPoint System,"EarliTec Diagnostics, Inc.",,,0,0,Neurology,Neurology,QPF,2,882.1491,2021-12-13,177,N,4.326,1.0,1.0,prospective,EarliPoint (mITD) 71% (157/221)... Specificity 80.7% (205/254),0,0,,,,1580.0,0,0,0,0.0,0.0,0.0,0,0,1
K213717,510(k),2022-06-08,2022,AIR Recon DL,"GE Medical Systems,LLC (GE Healthcare)",GE HealthCare Technologies Inc.,SEC:GEHC,1,1,Radiology,Radiology,LNH,2,892.1000,2021-11-24,196,N,4.326,1.0,0.0,none,Each image pair was evaluated independently by three radiologists... equivalent or better image quality,0,0,,,,1580.0,0,0,0,0.0,0.0,0.0,0,0,1
K220358,510(k),2022-06-06,2022,"Voluson Expert 22, Voluson Expert 20, Voluson Expert 18","GE Medical Systems Ultrasound and Primary Care Diagnostics,",GE HealthCare Technologies Inc.,SEC:GEHC,1,1,Radiology,Radiology,IYN,2,892.1550,2022-02-08,118,N,4.331,1.0,1.0,prospective,the sorting accuracy is higher than 80% on a test data set containing 40000+ images,0,0,,,,1582.0,0,0,0,0.0,0.0,0.0,0,0,1
K221314,510(k),2022-06-03,2022,BriefCase,"Aidoc Medical, Ltd.",,,0,0,Radiology,Radiology,QAS,2,892.2080,2022-05-05,29,N,4.339,0.0,1.0,retrospective,The performance data was previously provided in K192383,0,0,,,,1585.0,0,0,0,0.0,0.0,0.0,0,0,1
K213971,510(k),2022-06-03,2022,Atrial Fibrillation History Feature,Apple Inc.,Apple Inc.,SEC:AAPL,1,1,Cardiovascular,Cardiovascular,QDB,2,870.2790,2021-12-20,165,N,4.339,1.0,1.0,prospective,sensitivity of 92.6% (95% CI...) and specificity of 98.8%,0,0,,,,1585.0,0,0,0,0.0,0.0,0.0,0,0,1
K220164,510(k),2022-06-02,2022,Rayvolve,AZmed SAS,,,0,0,Radiology,Radiology,QBS,2,892.2090,2022-01-20,133,N,4.342,,1.0,prospective,7.4.2 Data & Patient information 9 / 7.4.3 Collected images 10 / 7.4.4 Results 10 / 7.5 Animal testing 13 / 7.6 Clinical data 13,0,0,,,,1586.0,0,0,0,0.0,0.0,0.0,0,0,0
K221248,510(k),2022-05-31,2022,Rapid LVO,iSchemaView Inc.,,,0,0,Radiology,Radiology,QAS,2,892.2080,2022-05-02,29,N,4.348,1.0,1.0,retrospective,Se: 0.96 (95% CI: 0.91 - 0.97) and Sp: 0.98 (95% CI: 0.93-0.99),0,0,,,,1588.0,0,0,0,0.0,0.0,0.0,0,0,1
K220766,510(k),2022-05-31,2022,eMurmur Heart AI,CSD Labs GmbH,,,0,0,Cardiovascular,Cardiovascular,DQD,2,870.1875,2022-03-16,76,N,4.348,0.0,0.0,none,Clinical Performance Identical Sensitivity: 85.0% Specificity: 86.7%,0,0,,,,1588.0,0,0,0,0.0,0.0,0.0,0,0,1
K220416,510(k),2022-05-25,2022,SwiftMR,AIRS Medical Inc.,,,0,0,Radiology,Radiology,LLZ,2,892.2050,2022-02-14,100,N,4.364,1.0,1.0,retrospective,Performance test was conducted using retrospective clinical images... average signal-to-noise ratio (SNR)... is increased by 40% or more,0,0,,,,1594.0,0,0,0,0.0,0.0,0.0,0,0,1
K221240,510(k),2022-05-17,2022,BriefCase,"Aidoc Medical, Ltd.",,,0,0,Radiology,Radiology,QAS,2,892.2080,2022-04-29,18,N,4.386,1.0,1.0,retrospective,"Sensitivity was 96.15% (95% CI: 90.44%, 98.94%) and specificity was 94.83%",0,0,,,,1602.0,0,0,0,0.0,0.0,0.0,0,0,1
K220499,510(k),2022-05-17,2022,Rapid PE Triage and Notification (PETN),iSchemaView Inc.,,,0,0,Radiology,Radiology,QAS,2,892.2080,2022-02-22,84,N,4.386,1.0,1.0,retrospective,"Sensitivity = 0.96 (0.92,0.98) and Specificity = 0.89 (0.83,0.93)",0,0,,,,1602.0,0,0,0,0.0,0.0,0.0,0,0,1
K221219,510(k),2022-05-17,2022,syngo.CT CaScoring,"Siemens Medical Solutions USA, Inc.",Siemens Healthineers AG,XETRA:SHL,1,0,Radiology,Radiology,JAK,2,892.1750,2022-04-27,20,N,4.386,0.0,1.0,retrospective,adequate and acceptable performance of the automatic scoring algorithm was found,0,0,,,,1602.0,0,0,0,0.0,0.0,0.0,0,0,1
K213583,510(k),2022-05-16,2022,"Achieva, Ingenia, Ingenia CX, Ingenia Elition and Ingenia Ambition MR Systems",Philips Medical Systems Nederland B.V.,Koninklijke Philips N.V.,SEC:PHG,1,1,Radiology,Radiology,LNH,2,892.1000,2021-11-12,185,N,4.389,0.0,1.0,retrospective,did not require a clinical study since substantial equivalence to the legally marketed predicate device was proven with the verification/validation testing,1,11,2023-06-12,2.0,392.0,392.0,1,2,1,0.0,2.0,0.0,0,0,1
K221106,510(k),2022-05-13,2022,Quantib Prostate,Quantib BV,RadNet Inc.,SEC:RDNT,1,1,Radiology,Radiology,LLZ,2,892.2050,2022-04-15,28,N,4.397,1.0,1.0,retrospective,Radiologists were asked to score the sub-region segmentations ... using a 5-point Likert scale,0,0,,,,1606.0,0,0,0,0.0,0.0,0.0,0,0,1
K220589,510(k),2022-05-13,2022,MAGNETOM Skyra Fit,"Siemens Medical Solutions USA, Inc.",Siemens Healthineers AG,XETRA:SHL,1,0,Radiology,Radiology,LNH,2,892.1000,2022-03-01,73,N,4.397,0.0,0.0,none,No additional clinical tests were conducted to support substantial equivalence for the subject device; however... sample clinical images were provided,1,1,2025-08-28,1.0,1203.0,1203.0,0,1,1,0.0,1.0,0.0,0,0,1
K220105,510(k),2022-05-12,2022,Saige-Dx,"DeepHealth, Inc.",RadNet Inc.,SEC:RDNT,1,1,Radiology,Radiology,QDQ,2,892.2090,2022-01-12,120,N,4.4,1.0,1.0,prospective,average AUC of 0.865 when unaided to 0.925 when aided,0,0,,,,1607.0,0,0,0,0.0,0.0,0.0,0,0,1
K220446,510(k),2022-05-11,2022,Versana Balance,"GE Medical Systems Ultrasound and Primary Care Diagnostics,",GE HealthCare Technologies Inc.,SEC:GEHC,1,1,Radiology,Radiology,IYN,2,892.1550,2022-02-16,84,N,4.402,0.0,0.0,none,did not require clinical studies to support substantial equivalence,0,0,,,,1608.0,0,0,0,0.0,0.0,0.0,0,0,1
K212519,510(k),2022-05-10,2022,Overjet Caries Assist,"Overjet, Inc.",,,0,0,Radiology,Radiology,MYN,2,892.2070,2021-08-10,273,N,4.405,1.0,1.0,prospective,Overall standalone sensitivity was 72.0%... reader sensitivity improved from 57.9%... to 76.2%,0,0,,,,1609.0,0,0,0,0.0,0.0,0.0,0,0,1
K211966,510(k),2022-05-06,2022,Segment 3DPrint,Medviso AB,,,0,0,Radiology,Radiology,LLZ,2,892.2050,2021-06-24,316,N,4.416,1.0,1.0,retrospective,maximum 95th percentile surface distance between the ground truth segmentation and the resulting image was <1 mm...Dice 0.96,0,0,,,,1613.0,0,0,0,0.0,0.0,0.0,0,0,1
K220013,510(k),2022-05-03,2022,X100HT with Slide Loader with Full Field Peripheral Blood Smear (PBS) Application,Scopio Labs Ltd.,,,0,0,Hematology,Other,JOY,2,864.5260,2022-01-04,119,N,4.424,0.0,0.0,none,,0,0,,,,1616.0,0,0,0,0.0,0.0,0.0,0,0,1
K212915,510(k),2022-05-03,2022,MVision AI Segmentation,MVision AI,,,0,0,Radiology,Radiology,QKB,2,892.2050,2021-09-13,232,N,4.424,0.0,0.0,none,No animal studies or clinical tests have been included in this pre-market submission,0,0,,,,1616.0,0,0,0,0.0,0.0,0.0,0,0,1
K220939,510(k),2022-04-29,2022,MAGNETOM Lumina and MAGNETOM Vida Fit with syngo MR XA50A,Siemens Medical Solutions USA Inc.,Siemens Healthineers AG,XETRA:SHL,1,0,Radiology,Radiology,LNH,2,892.1000,2022-03-31,29,N,4.435,0.0,1.0,retrospective,No additional clinical tests were conducted to support substantial equivalence,1,1,2025-08-28,1.0,1217.0,1217.0,0,4,1,0.0,4.0,0.0,0,0,1
K220899,510(k),2022-04-29,2022,Oxehealth Vital Signs,Oxehealth Limited,,,0,0,Cardiovascular,Cardiovascular,QME,2,870.2785,2022-03-28,32,N,4.435,0.0,0.0,none,"no new clinical evidence is required, and this Special Control is met",0,0,,,,1620.0,0,0,0,0.0,0.0,0.0,0,0,1
K220590,510(k),2022-04-29,2022,aPROMISE X,EXINI Diagnostics AB,Lantheus Holdings Inc.,SEC:LNTH,1,1,Radiology,Radiology,LLZ,2,892.2050,2022-03-01,59,N,4.435,0.0,0.0,none,"enables the reader to achieve a higher efficiency and quantitative consistency, while maintaining the diagnostic performance of the physicians",0,0,,,,1620.0,0,0,0,0.0,0.0,0.0,0,0,1
K220264,510(k),2022-04-28,2022,EFAI RTSuite CT HN-Segmentation System,"Ever Fortune.AI Co., Ltd.",,,0,0,Radiology,Radiology,QKB,2,892.2050,2022-01-31,87,N,4.438,1.0,1.0,retrospective,non-inferior to the predicate by at least a non-inferiority limit of 0.1 Dice,0,0,,,,1621.0,0,0,0,0.0,0.0,0.0,0,0,1
K212441,510(k),2022-04-27,2022,Philips Incisive CT,"Philips Healthcare (Suzhou) Co., Ltd.",Koninklijke Philips N.V.,SEC:PHG,1,1,Radiology,Radiology,JAK,2,892.1750,2021-08-04,266,N,4.441,,1.0,prospective,"clinical performance, V&V and consensus standards tests, which complied with the requirements specified in the international and FDA-recognized consensus standards",1,10,2022-12-23,2.0,240.0,240.0,1,21,1,0.0,3.0,18.0,0,0,0
K212662,510(k),2022-04-26,2022,AliveCor QT Service,"AliveCor, Inc.",,,0,0,Cardiovascular,Cardiovascular,DQK,2,870.1425,2021-08-23,246,N,4.444,,0.0,none,,0,0,,,,1623.0,0,0,0,0.0,0.0,0.0,0,0,0
K213886,510(k),2022-04-26,2022,BriefCase,"Aidoc Medical, Ltd.",,,0,0,Radiology,Radiology,QAS,2,892.2080,2021-12-13,134,N,4.444,1.0,1.0,retrospective,"sensitivity was 89.7 % (95% CI: 80.8%, 95.5%) and specificity was 90.1%",0,0,,,,1623.0,0,0,0,0.0,0.0,0.0,0,0,1
K213944,510(k),2022-04-22,2022,HealthOST,NanoxAI Ltd.,,,0,0,Radiology,Radiology,JAK,2,892.1750,2021-12-17,126,N,4.454,1.0,1.0,retrospective,"overall agreement for vertebral naming of 91.49% (95% CI: [89.91%, 92.89%])",0,0,,,,1627.0,0,0,0,0.0,0.0,0.0,0,0,1
K213795,510(k),2022-04-21,2022,Videa Caries Assist,"VideaHealth, Inc",,,0,0,Radiology,Radiology,MYN,2,892.2070,2021-12-06,136,N,4.457,1.0,1.0,prospective,the average AFROC FOM for reads aided by VCA was 0.739 as compared to 0.667 for unaided reads,0,0,,,,1628.0,0,0,0,0.0,0.0,0.0,0,0,1
K213706,510(k),2022-04-15,2022,AI-Rad Companion Brain MR,Siemens Healthcare GmBh,Siemens Healthineers AG,XETRA:SHL,1,0,Radiology,Radiology,QIH,2,892.2050,2021-11-24,142,N,4.474,1.0,1.0,retrospective,Accuracy was validated by comparing the results of the subject device to manual annotated ground truth from three radiologists,0,0,,,,1634.0,0,0,0,0.0,0.0,0.0,0,0,1
K220141,510(k),2022-04-15,2022,RayStation 11B,RaySearch Laboratories AB (publ),RaySearch Laboratories AB,STO:RAY-B,1,0,Radiology,Radiology,MUJ,2,892.5050,2022-01-18,87,N,4.474,0.0,0.0,none,The validation demonstrates that the dose computation adequate for clinical use,1,6,2022-06-10,2.0,56.0,56.0,0,6,1,0.0,0.0,6.0,0,0,1
K220192,510(k),2022-04-08,2022,"Vantage Galan 3T, MRT-3020, V8.0 with AiCE Reconstruction Processing Unit for MR",Canon Medical Systems Corporation,Canon Inc.,SEC:CAJPY,1,1,Radiology,Radiology,LNH,2,892.1000,2022-01-24,74,N,4.493,1.0,0.0,none,evaluated using volunteer images... the test results met predetermined acceptance criteria,0,0,,,,1641.0,0,0,0,0.0,0.0,0.0,0,0,1
K212274,510(k),2022-04-08,2022,INT Contour,Carina Medical LLC,,,0,0,Radiology,Radiology,MUJ,2,892.5050,2021-07-20,262,N,4.493,1.0,0.0,none,all organs have passed the acceptance criteria and demonstrated the non-inferiority against the predicate/reference device,0,0,,,,1641.0,0,0,0,0.0,0.0,0.0,0,0,1
K203783,510(k),2022-04-06,2022,ClariPulmo,ClariPi Inc.,,,0,0,Radiology,Radiology,LLZ,2,892.2050,2020-12-28,464,N,4.498,1.0,1.0,retrospective,HAA analysis showed excellent agreement (PCC: 0.980 - 0.983)...test dataset...included patients with pneumonia and COVID-19,0,0,,,,1643.0,0,0,0,0.0,0.0,0.0,0,0,1
K220043,510(k),2022-04-05,2022,"HERA W10 Diagnostic Ultrasound System, HERA W9 Diagnostic Ultrasound System","Samsung Medison Co., LTD",Samsung Electronics Co. Ltd.,KRX:005930,1,0,Radiology,Radiology,IYN,2,892.1550,2022-01-05,90,N,4.501,0.0,0.0,none,did not require clinical studies to support substantial equivalence,0,0,,,,1644.0,0,0,0,0.0,0.0,0.0,0,0,1
K214081,510(k),2022-04-05,2022,MRCAT Head & Neck,Philips Oy,Koninklijke Philips N.V.,SEC:PHG,1,1,Radiology,Radiology,MUJ,2,892.5050,2021-12-27,99,N,4.501,0.0,0.0,none,,0,0,,,,1644.0,0,0,0,0.0,0.0,0.0,0,0,1
K212624,510(k),2022-04-04,2022,EFAI Intelligent Cardiothoracic Ratio (iCTR) Assessment System,"Ever Fortune. AI Co., Ltd.",,,0,0,Radiology,Radiology,QIH,2,892.2050,2021-08-18,229,N,4.504,1.0,1.0,retrospective,840 eligible PA CXR images of adults... The accuracy of EFAI iCTR system is 0.95,0,0,,,,1645.0,0,0,0,0.0,0.0,0.0,0,0,1
K220151,510(k),2022-04-01,2022,MAGNETOM Avanto Fit,"Siemens Medical Solutions USA, Inc.",Siemens Healthineers AG,XETRA:SHL,1,0,Radiology,Radiology,LNH,2,892.1000,2022-01-19,72,N,4.512,0.0,0.0,none,No additional clinical tests were conducted to support substantial equivalence for the subject device; however... sample clinical images were provided,0,0,,,,1648.0,0,1,1,0.0,0.0,1.0,0,0,1
K213657,510(k),2022-04-01,2022,DEEPVESSEL FFR,KeyaMed NA Inc.,,,0,0,Cardiovascular,Cardiovascular,PJA,2,870.1415,2021-11-19,133,N,4.512,1.0,1.0,retrospective,the observed sensitivity of DVFFR was 86.9%... specificity of DVFFR was 86.7%... met the pre-specified criteria for study success,0,0,,,,1648.0,0,0,0,0.0,0.0,0.0,0,0,1
K212960,510(k),2022-03-22,2022,"Aplio a550, Aplio a450, and Aplio a, Diagnostic Ultrasound System, Software V6.5",Canon Medical Systems Corporation,Canon Inc.,SEC:CAJPY,1,1,Radiology,Radiology,IYN,2,892.1550,2021-09-16,187,N,4.539,0.0,0.0,none,No clinical studies were required to demonstrate safety and efficacy,1,1,2022-09-29,2.0,191.0,191.0,0,0,0,0.0,0.0,0.0,0,0,1
K200828,510(k),2022-03-22,2022,Athelas Home,Athelas Inc.,,,0,0,Hematology,Other,GKZ,2,864.5220,2020-03-30,722,N,4.539,1.0,1.0,retrospective,in-home whole blood study consisted of 24 patients...met their pre-set evaluation criteria for WBC CV%,0,0,,,,1658.0,0,0,0,0.0,0.0,0.0,0,0,1
K213721,510(k),2022-03-21,2022,BriefCase,"Aidoc Medical, Ltd.",,,0,0,Radiology,Radiology,QAS,2,892.2080,2021-11-24,117,N,4.542,1.0,1.0,retrospective,"sensitivity was 88.5% (95% CI: 80.4%, 94.1%) and specificity was 89.5%",0,0,,,,1659.0,0,0,0,0.0,0.0,0.0,0,0,1
K213779,510(k),2022-03-16,2022,Customize,3D-Side SA,,,0,0,Radiology,Radiology,QIH,2,892.2050,2021-12-03,103,N,4.556,0.0,0.0,none,Non-clinical performance data was included in the 510(k)-submission demonstrating Customize has been validated for its intended use,0,0,,,,1664.0,0,0,0,0.0,0.0,0.0,0,0,1
K214043,510(k),2022-03-14,2022,BriefCase,"Aidoc Medical, Ltd.",,,0,0,Radiology,Radiology,QFM,2,892.2080,2021-12-23,81,N,4.561,1.0,1.0,retrospective,"AUC was 0.969 (95% CI: 0.954, 0.985), Sensitivity was 94.2%... and Specificity was 90.8%",0,0,,,,1666.0,0,0,0,0.0,0.0,0.0,0,0,1
K203744,510(k),2022-03-14,2022,Arterys MICA,Arterys Inc.,Tempus AI Inc.,SEC:TEM,1,1,Radiology,Radiology,QIH,2,892.2050,2020-12-22,447,N,4.561,1.0,1.0,retrospective,standalone performance assessment was performed on 90 Cardiac T1 Mapping MRI...scans...device performed as intended compared to ground-truth contours,0,0,,,,1666.0,0,0,0,0.0,0.0,0.0,0,0,1
K213725,510(k),2022-03-11,2022,CardIQ Suite,GE Medical Systems SCS,GE HealthCare Technologies Inc.,SEC:GEHC,1,1,Radiology,Radiology,JAK,2,892.1750,2021-11-26,105,N,4.569,1.0,1.0,prospective,Very high correlations were found between manual and automated methods for computing the total calcium score,0,0,,,,1669.0,0,0,0,0.0,0.0,0.0,0,0,1
K213566,510(k),2022-03-10,2022,ClearRead Xray Pneumothorax,"Riverain Technologies, Inc.",,,0,0,Radiology,Radiology,QFM,2,892.2080,2021-11-09,121,N,4.572,1.0,1.0,prospective,AUC 0.974 Sensitivity 0.922 Specificity 0.951,0,0,,,,1670.0,0,0,0,0.0,0.0,0.0,0,0,1
K210365,510(k),2022-03-04,2022,Second Opinion,Pearl Inc.,,,0,0,Radiology,Radiology,MYN,2,892.2070,2021-02-08,389,N,4.589,1.0,1.0,prospective,performance of readers aided by the use of Second Opinion® demonstrated statistically significant improvement over...unaided readers,0,0,,,,1676.0,0,0,0,0.0,0.0,0.0,0,0,1
K212365,510(k),2022-03-01,2022,BoneView,Gleamer,,,0,0,Radiology,Radiology,QBS,2,892.2090,2021-07-30,214,N,4.597,1.0,1.0,prospective,Reader sensitivity improved significantly from 0.648...to 0.752...Reader specificity improved significantly from 0.906...to 0.956,0,0,,,,1679.0,0,0,0,0.0,0.0,0.0,0,0,1
K213693,510(k),2022-02-25,2022,MAGNETOM Vida with syngo MR XA50A,"Siemens Medical Solutions USA, Inc.",Siemens Healthineers AG,XETRA:SHL,1,0,Radiology,Radiology,LNH,2,892.1000,2021-11-23,94,N,4.608,0.0,1.0,prospective,No additional clinical tests were conducted to support substantial equivalence for the subject devices; however... sample clinical images were provided,0,0,,,,1683.0,0,0,0,0.0,0.0,0.0,0,0,1
K213941,510(k),2022-02-24,2022,Annalise Enterprise CXR Triage Pneumothorax,Annalise-AI,,,0,0,Radiology,Radiology,QFM,2,892.2080,2021-12-16,70,N,4.611,1.0,1.0,retrospective,The results included an AUC of 0.979 (95% CI: 0.970-0.986),0,0,,,,1684.0,0,0,0,0.0,0.0,0.0,0,0,1
K213319,510(k),2022-02-18,2022,"Viz ANEURYSM, Viz ANX","Viz.ai, Inc.",,,0,0,Radiology,Radiology,QFM,2,892.2080,2021-10-04,137,N,4.627,1.0,1.0,retrospective,Sensitivity and specificity were 93%... and 89%...the study met the pre-specified performance goals,0,0,,,,1690.0,0,0,0,0.0,0.0,0.0,0,0,1
K213999,510(k),2022-02-18,2022,Deep Learning Image Reconstruction,"GE Medical Systems, LLC.",GE HealthCare Technologies Inc.,SEC:GEHC,1,1,Radiology,Radiology,JAK,2,892.1750,2021-12-21,59,N,4.627,1.0,1.0,prospective,significantly better subjective image quality than the corresponding images generated with the ASiR-V reconstruction algorithm,0,0,,,,1690.0,0,0,0,0.0,0.0,0.0,0,0,1
K213689,510(k),2022-02-17,2022,"Voluson P6, Voluson P8",GE Healthcare,GE HealthCare Technologies Inc.,SEC:GEHC,1,1,Radiology,Radiology,IYN,2,892.1550,2021-11-23,86,N,4.63,0.0,0.0,none,did not require clinical studies to support substantial equivalence,0,0,,,,1691.0,0,137,1,0.0,0.0,137.0,0,0,1
K213603,510(k),2022-02-11,2022,SIGNA Artist Evo,GE Healthcare(Tianjin) Company Limited,GE HealthCare Technologies Inc.,SEC:GEHC,1,1,Radiology,Radiology,LNH,2,892.1000,2021-11-15,88,N,4.646,0.0,0.0,none,Sample clinical images have been included in this submission. The sample clinical images demonstrate acceptable diagnostic image performance,1,1,2025-06-20,2.0,1225.0,1225.0,0,0,0,0.0,0.0,0.0,0,0,1
K213165,510(k),2022-02-08,2022,Rapid,iSchema View Inc.,,,0,0,Radiology,Radiology,LLZ,2,892.2050,2021-09-28,133,N,4.654,0.0,1.0,retrospective,The Rapid System performance has been validated through the use of phantoms and case data,0,0,,,,1700.0,0,0,0,0.0,0.0,0.0,0,0,1
K212654,510(k),2022-02-04,2022,"Micro C Medical Imaging System, M01","OXOS Medical, Inc.",,,0,0,Radiology,Radiology,IZL,2,892.1720,2021-08-23,165,Y,4.665,0.0,1.0,retrospective,Non-clinical data generated using imaging phantoms... no clinical studies were performed,0,0,,,,1704.0,0,0,0,0.0,0.0,0.0,0,0,1
K213938,510(k),2022-02-04,2022,Revolution Ascend,GE Healthcare Japan Corporation,GE HealthCare Technologies Inc.,SEC:GEHC,1,1,Radiology,Radiology,JAK,2,892.1750,2021-12-16,50,N,4.665,0.0,0.0,none,Non-clinical bench test results demonstrated the subject device performs equivalently to the predicate device,1,2,2024-11-05,2.0,1005.0,1005.0,0,2,1,0.0,2.0,0.0,0,0,1
K213976,510(k),2022-02-03,2022,Contour ProtégéAI,MIM Software Inc.,GE HealthCare Technologies Inc.,SEC:GEHC,1,1,Radiology,Radiology,QKB,2,892.2050,2021-12-20,45,N,4.668,1.0,1.0,retrospective,Contour ProtégéAI results were equivalent or had better performance than the MIM Maestro atlas segmentation reference device,0,0,,,,1705.0,0,0,0,0.0,0.0,0.0,0,0,1
K203260,510(k),2022-01-28,2022,syngo.CT Brain Hemorrhage,"Siemens Medical Solutions USA, Inc.",Siemens Healthineers AG,XETRA:SHL,1,0,Radiology,Radiology,QAS,2,892.2080,2020-11-05,449,N,4.684,1.0,1.0,retrospective,Sensitivity was observed to be 92.8%...Specificity was observed to be 94.5%,0,0,,,,1711.0,0,0,0,0.0,0.0,0.0,0,0,1
K212333,510(k),2022-01-24,2022,"Aplio i900/i800/i700 Diagnostic Ultrasound System, Software V6.5",Canon Medical Systems Corporation,Canon Inc.,SEC:CAJPY,1,1,Radiology,Radiology,IYN,2,892.1550,2021-07-27,181,N,4.695,0.0,0.0,none,"Additional performance testing, using phantoms, test data, and volunteer data, were conducted...No clinical studies were required",1,1,2022-09-29,2.0,248.0,248.0,0,0,0,0.0,0.0,0.0,0,0,1
K214019,510(k),2022-01-20,2022,syngo.CT Extended Functionality,"Siemens Medical Solutions USA, Inc.",Siemens Healthineers AG,XETRA:SHL,1,0,Radiology,Radiology,JAK,2,892.1750,2021-12-22,29,N,4.706,0.0,0.0,none,Non-clinical tests (integration and functional) were conducted for syngo.CT Extended Functionality,0,0,,,,1719.0,0,0,0,0.0,0.0,0.0,0,0,1
K213668,510(k),2022-01-20,2022,SIGNA Hero,"GE Healthcare (GE Medical Systems, LLC)",GE HealthCare Technologies Inc.,SEC:GEHC,1,1,Radiology,Radiology,LNH,2,892.1000,2021-11-22,59,N,4.706,0.0,0.0,none,Sample clinical images have been included in this submission. The sample clinical images demonstrate acceptable diagnostic image performance,1,2,2024-06-14,2.0,876.0,876.0,0,1,1,0.0,1.0,0.0,0,0,1
K210747,510(k),2022-01-19,2022,Caption Interpretation Automated Ejection Fraction Software,Caption Health,GE HealthCare Technologies Inc.,SEC:GEHC,1,1,Radiology,Radiology,QIH,2,892.2050,2021-03-12,313,N,4.709,1.0,1.0,retrospective,"retrospective, non-interventional validation study was conducted using over 186 acquired studies...RMSD EF% [95% CI]",0,0,,,,1720.0,0,0,0,0.0,0.0,0.0,0,0,1
K212012,510(k),2022-01-19,2022,Follicle Clarity,Cycle Clarity,,,0,0,Radiology,Radiology,QIH,2,892.2050,2021-06-28,205,N,4.709,1.0,1.0,prospective,Clinical validation of the Follicle Clarity application was performed in a prospective study...Follicle Clarity met the predetermined endpoints,0,0,,,,1720.0,0,0,0,0.0,0.0,0.0,0,0,1
K211980,510(k),2022-01-16,2022,SIGNA Prime,GE Healthcare (Tianjin) Company Limited,GE HealthCare Technologies Inc.,SEC:GEHC,1,1,Radiology,Radiology,LNH,2,892.1000,2021-06-25,205,N,4.717,0.0,0.0,none,Sample clinical images have been included in this submission...demonstrate acceptable diagnostic image performance,1,2,2022-03-04,2.0,47.0,47.0,0,1,1,0.0,1.0,0.0,0,0,1
K210760,510(k),2022-01-14,2022,Precise Image,"Philips Medical Systems Nederland, B.V.",Koninklijke Philips N.V.,SEC:PHG,1,1,Radiology,Radiology,JAK,2,892.1750,2021-03-15,305,N,4.723,0.0,0.0,none,"Sample clinical images are provided with this submission, which were reviewed and evaluated by certified radiologists. All images were evaluated to have good image quality.",0,0,,,,1725.0,0,0,0,0.0,0.0,0.0,0,0,1
K213307,510(k),2022-01-14,2022,Eclipse II with Smart Noise Cancellation,"Carestream Health, Inc.",,,0,0,Radiology,Radiology,MQB,2,892.1680,2021-10-04,102,N,4.723,1.0,0.0,none,the software delivers diagnostic quality images at 50% dose reduction... equivalent to or exceed the quality of nominal dose images,0,0,,,,1725.0,0,0,0,0.0,0.0,0.0,0,0,1
K213737,510(k),2022-01-14,2022,Quantib ND,Quantib B.V.,RadNet Inc.,SEC:RDNT,1,1,Radiology,Radiology,LLZ,2,892.2050,2021-11-29,46,N,4.723,1.0,1.0,retrospective,The average Dice overlap between the manual segmentations and Quantib ND segmentations was 0.61,0,0,,,,1725.0,0,0,0,0.0,0.0,0.0,0,0,1
K213642,510(k),2022-01-13,2022,"Voluson S6, Voluson S8, Voluson S8t, Voluson S10, Voluson S10 Expert",GE Healthcare,GE HealthCare Technologies Inc.,SEC:GEHC,1,1,Radiology,Radiology,IYN,2,892.1550,2021-11-18,56,N,4.726,0.0,0.0,none,did not require clinical studies to support substantial equivalence,0,0,,,,1726.0,0,202,1,0.0,3.0,199.0,0,0,1
K212005,510(k),2022-01-12,2022,UNiD Spine Analyzer,"MEDICREA International, Inc.",Medtronic plc,SEC:MDT,1,1,Radiology,Radiology,LLZ,2,892.2050,2021-06-28,198,N,4.728,0.0,1.0,retrospective,There was no human clinical testing required to support the medical device as the indications for use is identical to the predicate device.,1,1,2024-12-03,2.0,1056.0,1056.0,0,15,1,0.0,0.0,15.0,0,0,1
K211443,510(k),2022-01-07,2022,AIBOLIT 3D+,"AIbolit Technologies, LLC",,,0,0,Radiology,Radiology,LLZ,2,892.2050,2021-05-10,242,N,4.742,0.0,0.0,none,,0,0,,,,1732.0,0,0,0,0.0,0.0,0.0,0,0,1
K213544,510(k),2022-01-06,2022,TOMTEC-ARENA,TOMTEC Imaging Systems GmbH,,,0,0,Radiology,Radiology,QIH,2,892.2050,2021-11-08,59,N,4.745,0.0,0.0,none,No clinical testing conducted in support of substantial equivalence,0,0,,,,1733.0,0,0,0,0.0,0.0,0.0,0,0,1
K213776,510(k),2021-12-29,2021,LiverSmart,Resonance Health Analysis Services Pty Ltd,Resonance Health Ltd.,ASX:RHT,1,0,Radiology,Radiology,PCS,2,892.1001,2021-12-02,27,N,4.767,0.0,0.0,none,"No change from the predicates, FerriSmart (K182218) and HepaFat-AI (K201039)",0,0,,,,1741.0,0,0,0,0.0,0.0,0.0,0,0,1
K202404,510(k),2021-12-22,2021,BoneMRI,MRIguidance B.V,,,0,0,Radiology,Radiology,QIH,2,892.2050,2020-08-21,488,N,4.786,1.0,1.0,retrospective,quantitative voxel-by-voxel validation of BoneMRI was performed on imaging data from 61 patients...clinically acceptable accuracy,0,0,,,,1748.0,0,0,0,0.0,0.0,0.0,0,0,1
K212690,510(k),2021-12-21,2021,qXR-BT,Qure.ai Technologies,,,0,0,Radiology,Radiology,QIH,2,892.2050,2021-08-25,118,N,4.789,1.0,1.0,retrospective,standalone performance exceeded the preset acceptance criteria,0,0,,,,1749.0,0,0,0,0.0,0.0,0.0,0,0,1
K210670,510(k),2021-12-21,2021,BU-CAD,TaiHao Medical Inc.,,,0,0,Radiology,Radiology,QDQ,2,892.2090,2021-03-05,291,N,4.789,1.0,1.0,prospective,aided AUC of the location-specific ROC for BU-CAD was superior to that of the unaided scenario...mean AUC...shift of 0.0374,0,0,,,,1749.0,0,0,0,0.0,0.0,0.0,0,0,1
K213275,510(k),2021-12-20,2021,EchoGo Core (2.0),Ultromics Limited,,,0,0,Radiology,Radiology,QIH,2,892.2050,2021-09-30,81,N,4.791,1.0,1.0,retrospective,"A formal retrospective, non-interventional validation study was conducted using 214 previously unseen studies... The primary endpoint was met",0,0,,,,1750.0,0,0,0,0.0,0.0,0.0,0,0,1
K213628,510(k),2021-12-16,2021,VBrain,Vysioneer Inc.,,,0,0,Radiology,Radiology,QKB,2,892.2050,2021-11-17,29,N,4.802,0.0,0.0,none,"VBrain passed all V&V testing, performance requirements and specifications are met",0,0,,,,1754.0,0,0,0,0.0,0.0,0.0,0,0,1
K212616,510(k),2021-12-16,2021,Koios DS,"Koios Medical, Inc.",,,0,0,Radiology,Radiology,POK,2,892.2060,2021-08-18,120,N,4.802,1.0,1.0,prospective,clinical study evaluating its impact on the diagnostic performance of thyroid lesion classification... demonstrating a 0.083... improvement in parametric AUC,0,0,,,,1754.0,0,0,0,0.0,0.0,0.0,0,0,1
K213155,510(k),2021-12-15,2021,RT-Mind-AI,"MedMind Technology Co., Ltd.",,,0,0,Radiology,Radiology,QKB,2,892.2050,2021-09-28,78,N,4.805,1.0,1.0,retrospective,the test result show that the DSC of proposed device was non-inferiority compared with that of the predicate device,0,0,,,,1755.0,0,0,0,0.0,0.0,0.0,0,0,1
K211803,510(k),2021-12-15,2021,HealthPPT,Zebra Medical Vision Ltd.,Nano-X Imaging Ltd.,SEC:NNOX,1,1,Radiology,Radiology,QFM,2,892.2080,2021-06-11,187,N,4.805,1.0,1.0,retrospective,area under the curve (AUC) of 96.75%...sensitivity of 92.52%...specificity of 92.66%...Both operating points reached their performance goal,0,0,,,,1755.0,0,0,0,0.0,0.0,0.0,0,0,1
K212466,510(k),2021-12-09,2021,LVivo Seamless,DiA Imaging Analysis Ltd,Koninklijke Philips N.V.,SEC:PHG,1,1,Radiology,Radiology,QIH,2,892.2050,2021-08-06,125,N,4.821,0.0,1.0,retrospective,performance tests have been completed and successfully support the device performance,0,0,,,,1761.0,0,0,0,0.0,0.0,0.0,0,0,1
K213096,510(k),2021-12-06,2021,Al-Rad Companion (Pulmonary),"Siemens Medical Solutions USA, Inc.",Siemens Healthineers AG,XETRA:SHL,1,0,Radiology,Radiology,JAK,2,892.1750,2021-09-24,73,N,4.83,1.0,1.0,retrospective,validated using 250 datasets from multiple sites across the US and Europe. Average DICE coefficients ranged from 0.94 to 0.96,0,0,,,,1764.0,0,0,0,0.0,0.0,0.0,0,0,1
K212219,510(k),2021-12-03,2021,AHI System,Fifth Eye Inc.,,,0,0,Cardiovascular,Cardiovascular,QNV,2,870.2220,2021-07-16,140,N,4.838,1.0,1.0,prospective,data were prospectively collected from consecutive patients...AHI-PI High Risk...51x more likely...to have an episode of hemodynamic instability,0,0,,,,1767.0,0,0,0,0.0,0.0,0.0,0,0,1
K212442,510(k),2021-12-03,2021,Cydar EV (Series B) and Cydar EV Maps,Cydar Ltd.,,,0,0,Radiology,Radiology,OWB,2,892.1650,2021-08-04,121,N,4.838,,0.0,none,Measurement accuracy verification testing and summative user study is performed as part of the design and development process,0,0,,,,1767.0,0,0,0,0.0,0.0,0.0,0,0,0
K213305,510(k),2021-12-01,2021,"Vantage Fortian 1.5T, MRT-1550, V8.0 with AiCE Reconstruction Processing Unit for MR",Canon Medical Systems Corporation,Canon Inc.,SEC:CAJPY,1,1,Radiology,Radiology,LNH,2,892.1000,2021-10-04,58,N,4.843,1.0,0.0,none,"SureVOI Liver, LiverLine+, ProstateLine+, and W-SpineLine+ were evaluated using volunteer images... the test results met predetermined acceptance criteria",0,0,,,,1769.0,0,0,0,0.0,0.0,0.0,0,0,1
K211541,510(k),2021-11-26,2021,MammoScreen 2.0,Therapixel,,,0,0,Radiology,Radiology,QDQ,2,892.2090,2021-05-19,191,N,4.857,1.0,1.0,prospective,average AUC going from 0.77 to 0.80...MRMC cross-over design with an enriched sample set of 240 cases,0,0,,,,1774.0,0,0,0,0.0,0.0,0.0,0,0,1
K210831,510(k),2021-11-19,2021,OnQ Neuro,"CorTechs Labs, Inc",,,0,0,Radiology,Radiology,QIH,2,892.2050,2021-03-19,245,N,4.876,1.0,1.0,retrospective,segments brain tumor ROIs with an accuracy that passed the product's acceptance criteria...Dice similarity coefficient,0,0,,,,1781.0,0,0,0,0.0,0.0,0.0,0,0,1
K211326,510(k),2021-11-19,2021,EndoScreener,"Chengdu Wision Medical Device Co., LTD.",,,0,0,Gastroenterology-Urology,Other,QNP,2,876.1520,2021-04-30,203,N,4.876,1.0,1.0,prospective,"multi-center, tandem colonoscopy, randomized controlled trial...adenoma miss rate (AMR) was significantly lower in CADe-first group",0,0,,,,1781.0,0,0,0,0.0,0.0,0.0,0,0,1
K212456,510(k),2021-11-17,2021,Swoop Point-of-Care Magnetic Resonance Imaging (POC MRI) Scanner System,"Hyperfine, Inc.","Hyperfine, Inc.",SEC:HYPR,1,1,Radiology,Radiology,LNH,2,892.1000,2021-08-05,104,N,4.882,,0.0,none,,0,0,,,,1783.0,0,0,0,0.0,0.0,0.0,0,0,0
K212336,510(k),2021-11-17,2021,Soteria.AI,"Omega Medical Imaging, LLC",,,0,0,Radiology,Radiology,OWB,2,892.1650,2021-07-27,113,N,4.882,,0.0,none,,0,0,,,,1783.0,0,0,0,0.0,0.0,0.0,0,0,0
K211678,510(k),2021-11-17,2021,Lunit INSIGHT MMG,Lunit Inc.,Lunit Inc.,KOSDAQ:328130,1,0,Radiology,Radiology,QDQ,2,892.2090,2021-06-01,169,N,4.882,1.0,1.0,prospective,ROC AUC in the standalone performance analysis was 0.903...average inter-test difference in ROC AUC between Test 2 and Test 1 was 0.051...statistical significance,0,0,,,,1783.0,0,0,0,0.0,0.0,0.0,0,0,1
K212265,510(k),2021-11-16,2021,"TEX20/TEX20 Pro/TEX20S/TEX20T/TEX20 Exp/TEX20 Elite Diagnostic Ultrasound System, TEX10/ TEX10 Pro/TEX10S/TEX10T/TEX10 Exp/TEX10 Elite/TE X/TE X Lite Diagnostic Ultrasound System","Shenzhen Mindray Bio-Medical Electronics Co.,LTD",,,0,0,Radiology,Radiology,IYN,2,892.1550,2021-07-20,119,N,4.884,0.0,0.0,none,Not applicable. The subject of this submission...does not require clinical studies to support substantial equivalence.,0,0,,,,1784.0,0,0,0,0.0,0.0,0.0,0,0,1
K213436,510(k),2021-11-15,2021,Clarius Ultrasound Scanner,Clarius Mobile Health Corp.,,,0,0,Radiology,Radiology,IYN,2,892.1550,2021-10-22,24,N,4.887,0.0,0.0,none,Non-clinical performance testing of the HD3 transducers of the Clarius Ultrasound Scanner device family demonstrate compliance to the following standards,0,0,,,,1785.0,0,2,1,0.0,0.0,2.0,0,0,1
K211733,510(k),2021-11-10,2021,Lunit INSIGHT CXR Triage,Lunit Inc.,Lunit Inc.,KOSDAQ:328130,1,0,Radiology,Radiology,QFM,2,892.2080,2021-06-04,159,N,4.901,1.0,1.0,prospective,ROC AUC was 0.9864...94.29% sensitivity and 95.72% specificity for pleural effusion,0,0,,,,1790.0,0,0,0,0.0,0.0,0.0,0,0,1
K210543,510(k),2021-11-03,2021,IM007,"Implicity, Inc.",,,0,0,Cardiovascular,Cardiovascular,DQK,2,870.1425,2021-02-24,252,N,4.92,,0.0,none,,0,0,,,,1797.0,0,0,0,0.0,0.0,0.0,0,0,0
K211161,510(k),2021-10-29,2021,Critical Care Suite with Endotracheal Tube Positing AI algorithm,"GE Medical Systems, LLC",GE HealthCare Technologies Inc.,SEC:GEHC,1,1,Radiology,Radiology,QIH,2,892.2050,2021-04-19,193,N,4.934,1.0,1.0,retrospective,achieved an AUC of 0.9999...sensitivity of 0.9941...specificity of 1.0000...for ETT detection,0,0,,,,1802.0,0,0,0,0.0,0.0,0.0,0,0,1
K212218,510(k),2021-10-25,2021,Advanced Algorithms for Treatment Management Applications (AATMA),Elekta Solutions AB,Elekta AB,STO:EKTA-B,1,0,Radiology,Radiology,QKB,2,892.2050,2021-07-16,101,N,4.945,,0.0,none,The performance data demonstrate that AATMA is as safe and effective and performs as well as the predicate device,0,0,,,,1806.0,0,0,0,0.0,0.0,0.0,0,0,0
K210807,510(k),2021-10-22,2021,FlightPlan for Liver,GE Medical Systems SCS,GE HealthCare Technologies Inc.,SEC:GEHC,1,1,Radiology,Radiology,LLZ,2,892.2050,2021-03-17,219,N,4.953,1.0,0.0,none,assessed by interventional radiologists using a 5-point Likert scale...met its predefined acceptance criteria,0,0,,,,1809.0,0,0,0,0.0,0.0,0.0,0,0,1
K212516,510(k),2021-10-22,2021,IRNF App,Apple Inc.,Apple Inc.,SEC:AAPL,1,1,Cardiovascular,Cardiovascular,QDB,2,870.2790,2021-08-10,73,N,4.953,1.0,1.0,prospective,the sensitivity was 88.6%... The AF detection specificity was 99.3%,0,0,,,,1809.0,0,0,0,0.0,0.0,0.0,0,0,1
K210632,510(k),2021-10-20,2021,Contour ProtegeAI,MIM Software Inc.,GE HealthCare Technologies Inc.,SEC:GEHC,1,1,Radiology,Radiology,QKB,2,892.2050,2021-03-03,231,N,4.958,1.0,0.0,none,Contour ProtégéAI results were equivalent or had better performance than the MIM atlas segmentation reference device,0,0,,,,1811.0,0,0,0,0.0,0.0,0.0,0,0,1
K210999,510(k),2021-10-14,2021,SwiftMR,AIRS Medical Inc.,,,0,0,Radiology,Radiology,LLZ,2,892.2050,2021-04-02,195,N,4.975,1.0,1.0,retrospective,Performance test was conducted using retrospective clinical images...average signal-to-noise ratio (SNR)...increased by 40% or more...This test passed.,0,0,,,,1817.0,0,0,0,0.0,0.0,0.0,0,0,1
K212261,510(k),2021-10-14,2021,StrokeSENS LVO,"Circle Neurovascular Imaging, Inc",,,0,0,Radiology,Radiology,QAS,2,892.2080,2021-07-20,86,N,4.975,1.0,1.0,retrospective,mean sensitivity of 89.4%...mean specificity of 87.4%...Sensitivity > 80 % ... 89.4%...Specificity > 80 % ... 87.4%,0,0,,,,1817.0,0,0,0,0.0,0.0,0.0,0,0,1
K212116,510(k),2021-10-12,2021,VBrain-OAR,Vysioneer Inc.,,,0,0,Radiology,Radiology,QKB,2,892.2050,2021-07-07,97,N,4.98,0.0,0.0,none,The segmentation testing demonstrated that the auto-segmentation algorithm of the VBrain-OAR algorithm module provides clinically acceptable contours for organs at risk,0,0,,,,1819.0,0,0,0,0.0,0.0,0.0,0,0,1
K202927,510(k),2021-10-02,2021,EYE-SYNC,"SyncThink, Inc.",,,0,0,Neurology,Neurology,QEA,2,882.1455,2020-09-29,368,N,5.008,1.0,1.0,retrospective,Retrospective analysis determined 82%...sensitivity and 93%...specificity of the EYE-SYNC test,1,1,2023-09-19,2.0,717.0,717.0,0,0,0,0.0,0.0,0.0,0,0,1
K211964,510(k),2021-09-28,2021,SubtlePET,"Subtle Medical, Inc.",,,0,0,Radiology,Radiology,KPS,2,892.1200,2021-06-24,96,N,5.018,1.0,0.0,none,Noise reduction bench test utilizing representative cases of human data already gathered under the auspices of IRB-approved clinical protocols...significant average increase in quantitative metrics,0,0,,,,1833.0,0,0,0,0.0,0.0,0.0,0,0,1
K212704,510(k),2021-09-24,2021,"Philips EPIQ Diagnostic Ultrasound System, Philips Affiniti Diagnostic Ultrasound System",Philips Medical Systems,Koninklijke Philips N.V.,SEC:PHG,1,1,Radiology,Radiology,IYN,2,892.1550,2021-08-26,29,Y,5.029,0.0,1.0,retrospective,Non-clinical bench performance testing was also conducted for attenuation imaging,0,0,,,,1837.0,0,1,1,0.0,0.0,1.0,0,0,1
DEN200080,De Novo,2021-09-21,2021,Paige Prostate,Paige.AI,,,0,0,Pathology,Other,QPN,2,864.3750,2020-12-31,264,N,5.038,1.0,1.0,prospective,"in 7.3% of individual biopsy specimens with cancer, there is expected patient benefit in terms of an improvement in sensitivity",0,0,,,,1840.0,0,0,0,0.0,0.0,0.0,0,0,1
K212067,510(k),2021-09-17,2021,Deep Learning Image Reconstruction,GE Healthcare Japan Corporation,GE HealthCare Technologies Inc.,SEC:GEHC,1,1,Radiology,Radiology,JAK,2,892.1750,2021-07-02,77,N,5.049,1.0,1.0,prospective,reader study used a total of 60 retrospectively collected clinal cases...read by 9 board-certified radiologists...according to a 5-point Likert scale,0,0,,,,1844.0,0,0,0,0.0,0.0,0.0,0,0,1
K212269,510(k),2021-09-17,2021,Intelligent NR,Canon Inc.,CANON INC,SEC:CAJPY,1,1,Radiology,Radiology,MQB,2,892.1680,2021-07-20,59,N,5.049,0.0,0.0,none,The Intelligent NR function was developed using machine-learning and trained by using an existing clinical image database to learn the characteristics of noises,0,0,,,,1844.0,0,0,0,0.0,0.0,0.0,0,0,1
K210085,510(k),2021-09-15,2021,HealthCCSng,Zebra Medical Vision Ltd.,Nano-X Imaging Ltd.,SEC:NNOX,1,1,Radiology,Radiology,JAK,2,892.1750,2021-01-13,245,N,5.054,1.0,1.0,retrospective,"HealthCCSng device demonstrated an overall agreement of 92.5% (95% CI: [89.7%, 95.5%]) exceeding the stated performance goal",0,0,,,,1846.0,0,0,0,0.0,0.0,0.0,0,0,1
K203785,510(k),2021-09-10,2021,ClariSIGMAM,ClariPi Inc.,,,0,0,Radiology,Radiology,QIH,2,892.2050,2020-12-28,256,N,5.068,1.0,1.0,retrospective,Kappa 0.734...ClariSIGMAM Dense...Accuracy 87.3%,0,0,,,,1851.0,0,0,0,0.0,0.0,0.0,0,0,1
K210438,510(k),2021-09-10,2021,Versana Premier,"GE Medical Systems Ultrasound and Primary Care Diagnostics,",GE HealthCare Technologies Inc.,SEC:GEHC,1,1,Radiology,Radiology,IYN,2,892.1550,2021-02-12,210,N,5.068,0.0,0.0,none,"Versana Premier, did not require clinical studies to support substantial equivalence.",0,0,,,,1851.0,0,0,0,0.0,0.0,0.0,0,0,1
K211828,510(k),2021-09-10,2021,Aquilion Exceed LB,Canon Medical Systems Corporation,Canon Inc.,SEC:CAJPY,1,1,Radiology,Radiology,JAK,2,892.1750,2021-06-14,88,N,5.068,0.0,0.0,none,"Representative cardiac diagnostic images, reviewed by an American Board Certified Radiologist, were obtained using the subject device and it was confirmed that the AiCE reconstructed images were of diagnostic quality.",0,0,,,,1851.0,0,0,0,0.0,0.0,0.0,0,0,1
K211824,510(k),2021-09-09,2021,"HERA W9, HERA W10 Diagnostic Ultrasound System","Samsung Medison Co., Ltd.",Samsung Electronics Co. Ltd.,KRX:005930,1,0,Radiology,Radiology,IYN,2,892.1550,2021-06-14,87,N,5.07,0.0,0.0,none,"The subject of this premarket submission, HERA W9/ HERA W10, did not require clinical studies to support substantial equivalence.",0,0,,,,1852.0,0,0,0,0.0,0.0,0.0,0,0,1
K211945,510(k),2021-09-08,2021,V8 Diagnostic Ultrasound System,"Samsung Medison CO., LTD.",Samsung Electronics Co. Ltd.,KRX:005930,1,0,Radiology,Radiology,IYN,2,892.1550,2021-06-23,77,N,5.073,0.0,0.0,none,The proposed device V8 Ultrasound System did not require clinical studies to demonstrate substantial equivalence.,0,0,,,,1853.0,0,0,0,0.0,0.0,0.0,0,0,1
K203555,510(k),2021-09-08,2021,AmCAD-UT,AmCad BioMed Corporation,,,0,0,Radiology,Radiology,QIH,2,892.2050,2020-12-07,275,N,5.073,1.0,1.0,prospective,standalone studies evaluated the performance of the contours suggested by the AI algorithm...and showed that the device was effective in determining the contour,0,0,,,,1853.0,0,0,0,0.0,0.0,0.0,0,0,1
K211597,510(k),2021-09-08,2021,"EPIQ Series Diagnostic Ultrasound System, Affiniti Series Diagnostic Ultrasound System",Philips Medical Systems,Koninklijke Philips N.V.,SEC:PHG,1,1,Radiology,Radiology,IYN,2,892.1550,2021-05-24,107,N,5.073,0.0,0.0,none,Non-clinical testing also included the Performance Validation Study for the proposed Auto Measure software application.,0,0,,,,1853.0,0,1,1,0.0,0.0,1.0,0,0,1
K211867,510(k),2021-09-08,2021,RayStation 11.0,RaySearch Laboratories AB (publ),RaySearch Laboratories AB,STO:RAY-B,1,0,Radiology,Radiology,MUJ,2,892.5050,2021-06-16,84,N,5.073,0.0,0.0,none,CyberKnife specific photon dose engine validation for RayStation 11.0 was performed for the collapsed cone and photon Monte Carlo dose engines.,1,8,2021-09-22,2.0,14.0,14.0,0,8,1,0.0,0.0,8.0,0,0,1
K211881,510(k),2021-09-02,2021,AI Segmentation,"Varian Medical Systems, Inc.",Siemens Healthineers AG,XETRA:SHL,1,0,Radiology,Radiology,MUJ,2,892.5050,2021-06-21,73,N,5.09,1.0,1.0,retrospective,Aggregated DICE scores for each AI model...compared to literature values...target of 80% of expert scores designating the contours as acceptable with minor or no adjustments,0,0,,,,1859.0,0,0,0,0.0,0.0,0.0,0,0,1
K201560,510(k),2021-08-31,2021,Auto Lung Nodule Detection,"Samsung Electronics Co.,Ltd.",Samsung Electronics Co. Ltd.,KRX:005930,1,0,Radiology,Radiology,MYN,2,892.2070,2020-06-10,447,N,5.095,1.0,1.0,prospective,"Nodule detection performances...measured via sensitivity, false positives per image...JAFROC",0,0,,,,1861.0,0,0,0,0.0,0.0,0.0,0,0,1
K212383,510(k),2021-08-31,2021,EndoNaut,Therenva SAS,,,0,0,Radiology,Radiology,OWB,2,892.1650,2021-08-02,29,N,5.095,0.0,0.0,none,New clinical data were not necessary. V&V activities were performed and successful. No additional questions raised for safety and effectiveness.,0,0,,,,1861.0,0,0,0,0.0,0.0,0.0,0,0,1
K203696,510(k),2021-08-27,2021,RBknee,Radiobotics ApS,,,0,0,Radiology,Radiology,LLZ,2,892.2050,2020-12-18,252,N,5.106,1.0,1.0,prospective,Kellgren-Lawrence status sensitivity 0.88 specificity 0.87,0,0,,,,1865.0,0,0,0,0.0,0.0,0.0,0,0,1
K211846,510(k),2021-08-20,2021,Discovery MI Gen2,"GE Medical Systems, LLC.",GE HealthCare Technologies Inc.,SEC:GEHC,1,1,Radiology,Radiology,KPS,2,892.1200,2021-06-15,66,N,5.125,0.0,1.0,retrospective,"without inclusion of clinical images, to demonstrate that the device is as safe and as effective as the predicate devices",0,0,,,,1872.0,0,1,1,0.0,1.0,0.0,0,0,1
K212230,510(k),2021-08-16,2021,TruSPECT  Radiological Image Processing Station,Spectrum Dynamics Medical Ltd,,,0,0,Radiology,Radiology,LLZ,2,892.2050,2021-07-16,31,N,5.136,1.0,0.0,none,test datasets of representative clinical exams...manually assessed by experienced NM Physicists and Physicians...scored them using a 5-point Likert scale,0,0,,,,1876.0,0,0,0,0.0,0.0,0.0,0,0,1
K211179,510(k),2021-08-12,2021,InferRead CT Stroke.AI,"Infervision Medical Technology Co., Ltd.",,,0,0,Radiology,Radiology,QAS,2,892.2080,2021-04-20,114,N,5.147,1.0,1.0,retrospective,sensitivity and specificity of InferRead CT Stroke.AI are 0.916...and 0.922...met the pre-specified performance goals,0,0,,,,1880.0,0,0,0,0.0,0.0,0.0,0,0,1
K203448,510(k),2021-08-11,2021,uCT ATLAS with uWS-CT-Dual Energy Analysis,"Shanghai United Imaging Healthcare Co., Ltd.",Shanghai United Imaging Healthcare,SSE:688271,1,0,Radiology,Radiology,JAK,2,892.1750,2020-11-23,261,N,5.15,0.0,0.0,none,No Clinical Study is included in this submission.,1,2,2025-09-12,2.0,1493.0,1493.0,0,0,0,0.0,0.0,0.0,0,0,1
K211764,510(k),2021-08-06,2021,Vereos PET/CT,Philips Medical Systems Nederland B.V.,Koninklijke Philips N.V.,SEC:PHG,1,1,Radiology,Radiology,KPS,2,892.1200,2021-06-08,59,N,5.164,0.0,0.0,none,"Sample clinical images were provided with this submission, which were reviewed and evaluated by certified radiologists. All images were evaluated to have a good image quality.",0,0,,,,1886.0,0,0,0,0.0,0.0,0.0,0,0,1
K212100,510(k),2021-08-06,2021,Kosmos,"EchoNous, Inc.",,,0,0,Radiology,Radiology,IYN,2,892.1550,2021-07-06,31,Y,5.164,0.0,0.0,none,An assessment of clinical performance data for Kosmos was not required to support a determination of substantial equivalence.,1,1,2024-05-09,2.0,1007.0,1007.0,0,1,1,0.0,0.0,1.0,0,0,1
K211431,510(k),2021-08-02,2021,breastscape v1.0,Olea Medical,Canon Inc.,SEC:CAJPY,1,1,Radiology,Radiology,QIH,2,892.2050,2021-05-07,87,N,5.175,,1.0,prospective,"Based on the clinical performance as documented in the pivotal clinical study, the breastscape v1.0 has a safety and effectiveness profile that is similar to the predicate device.",0,0,,,,1890.0,0,0,0,0.0,0.0,0.0,0,0,0
K211222,510(k),2021-07-30,2021,qER-Quant,Qure.ai Technologies,,,0,0,Radiology,Radiology,QIH,2,892.2050,2021-04-23,98,N,5.183,1.0,1.0,retrospective,standalone performance exceeded the preset acceptance criteria...Dice Score...Intracranial Hyperdensity (183),0,0,,,,1893.0,0,0,0,0.0,0.0,0.0,0,0,1
K211379,510(k),2021-07-30,2021,syngo.via RT Image Suite,Siemens Medical Solutions USA Inc.,Siemens Healthineers AG,XETRA:SHL,1,0,Radiology,Radiology,MUJ,2,892.5050,2021-05-04,87,N,5.183,0.0,0.0,none,The AI-based algorithm was tested on independent data for geometric fidelity and HU accuracy using automated bench tests.,1,2,2021-08-16,2.0,17.0,17.0,0,0,0,0.0,0.0,0.0,0,0,1
K211655,510(k),2021-07-27,2021,aPROMISE,EXINI Diagnostics AB,Lantheus Holdings Inc.,SEC:LNTH,1,1,Radiology,Radiology,LLZ,2,892.2050,2021-05-28,60,N,5.191,0.0,1.0,retrospective,Clinical Data / Not applicable. Clinical studies are not necessary to establish the substantial equivalence of this device.,0,0,,,,1896.0,0,0,0,0.0,0.0,0.0,0,0,1
K212074,510(k),2021-07-27,2021,ClariCT.AI,ClariPi Inc.,,,0,0,Radiology,Radiology,LLZ,2,892.2050,2021-07-02,25,N,5.191,0.0,0.0,none,ClariCT.AI does not require clinical studies to demonstrate substantial equivalence to the predicate devices.,0,0,,,,1896.0,0,0,0,0.0,0.0,0.0,0,0,1
K211279,510(k),2021-07-27,2021,Volpara Imaging Software,Volpara Health Technologies Limited,,,0,0,Radiology,Radiology,LLZ,2,892.2050,2021-04-27,91,N,5.191,0.0,0.0,none,Software testing included both unit level and integrated system level testing.,0,0,,,,1896.0,0,0,0,0.0,0.0,0.0,0,0,1
K210791,510(k),2021-07-27,2021,Us2.v1,eko.ai Pte. Ltd. d/b/a Us2.ai,,,0,0,Radiology,Radiology,QIH,2,892.2050,2021-03-16,133,N,5.191,1.0,1.0,retrospective,formal retrospective non-interventional validation study...600 previously-acquired echocardiograms...95% confidence intervals of automated Us2.v1 measurements all fell below the pre-specified non-inferiority margin,0,0,,,,1896.0,0,0,0,0.0,0.0,0.0,0,0,1
K211951,510(k),2021-07-23,2021,GI Genius,Cosmo Artificial Intelligence - AI Ltd,Cosmo Pharmaceuticals N.V.,SIX:COPN,1,0,Gastroenterology-Urology,Other,QNP,2,876.1520,2021-06-23,30,N,5.202,1.0,1.0,retrospective,Non-inferiority of performance of GI Genius with a new video processor has been established by means of a per-frame assessment on 40 pre-recorded procedures,0,0,,,,1900.0,0,0,0,0.0,0.0,0.0,0,0,1
K211906,510(k),2021-07-20,2021,Vital Signs,Oxehealth Limited,,,0,0,Cardiovascular,Cardiovascular,QME,2,870.2785,2021-06-21,29,N,5.21,,0.0,none,,0,0,,,,1903.0,0,0,0,0.0,0.0,0.0,0,0,0
K210666,510(k),2021-07-20,2021,Chest-CAD,"Imagen Technologies, Inc",,,0,0,Radiology,Radiology,MYN,2,892.2070,2021-03-05,137,N,5.21,1.0,1.0,prospective,"Chest-CAD detects suspicious ROIs with high sensitivity (0.908...), high specificity (0.887...), and high...AUC...(0.976...)",0,0,,,,1903.0,0,0,0,0.0,0.0,0.0,0,0,1
K210719,510(k),2021-07-20,2021,Change Healthcare Anatomical AI,Change Healthcare Canada Company,,,0,0,Radiology,Radiology,QIH,2,892.2050,2021-03-10,132,N,5.21,1.0,1.0,retrospective,A retrospective study was designed to assess the subject device accuracy...27 institutions...Test Summary Reports...evaluate the acceptability of test results,0,0,,,,1903.0,0,0,0,0.0,0.0,0.0,0,0,1
K211506,510(k),2021-07-12,2021,PowerLook Density Assessment V4.0,"iCAD, Inc.",RadNet Inc.,SEC:RDNT,1,1,Radiology,Radiology,QIH,2,892.2050,2021-05-14,59,N,5.232,1.0,0.0,none,"Hologic C-View, GE V-Preview V3 and GE V-Preview V4.1 cases were run through Density Assessment 4.0, results were compiled into confusion matrices",0,0,,,,1911.0,0,0,0,0.0,0.0,0.0,0,0,1
K211788,510(k),2021-07-08,2021,HALO,Nico.Lab B.V.,,,0,0,Radiology,Radiology,QAS,2,892.2080,2021-06-09,29,N,5.243,,0.0,none,,0,0,,,,1915.0,0,0,0,0.0,0.0,0.0,0,0,0
K210611,510(k),2021-07-01,2021,MAGNETOM Free.Max,"Siemens Medical Solutions USA, Inc.",Siemens Healthineers AG,XETRA:SHL,1,0,Radiology,Radiology,LNH,2,892.1000,2021-03-01,122,N,5.262,0.0,0.0,none,No additional clinical tests were conducted to support substantial equivalence for the subject device; however...sample clinical images were provided.,1,1,2023-09-01,2.0,792.0,792.0,0,0,0,0.0,0.0,0.0,0,0,1
K210645,510(k),2021-06-29,2021,RayStation 10.1,RaySearch Laboratories AB (publ),RaySearch Laboratories AB,STO:RAY-B,1,0,Radiology,Radiology,MUJ,2,892.5050,2021-03-03,118,N,5.268,0.0,0.0,none,brachy TG43 dose computation algorithm...has been successfully validated for accuracy in clinically relevant settings according to specification.,1,6,2021-09-09,2.0,72.0,72.0,0,10,1,0.0,1.0,9.0,0,0,1
K203514,510(k),2021-06-17,2021,Precise Position,"Philips Healthcare (Suzhou) Co., Ltd.",Koninklijke Philips N.V.,SEC:PHG,1,1,Radiology,Radiology,JAK,2,892.1750,2020-11-30,199,N,5.3,1.0,0.0,none,up to 23% time reduction in patient positioning achieved...vertical position accuracy is increased up to 50%,0,0,,,,1936.0,0,0,0,0.0,0.0,0.0,0,0,1
K202718,510(k),2021-06-16,2021,Qmenta Care Platform Family,"Mint Labs, Inc., d/b/a. QMENTA",,,0,0,Radiology,Radiology,LLZ,2,892.2050,2020-09-17,272,N,5.303,0.0,0.0,none,did not require clinical studies to support substantial equivalence,0,0,,,,1937.0,0,0,0,0.0,0.0,0.0,0,0,1
K210034,510(k),2021-06-16,2021,EnsoSleep,"EnsoData, Inc.",,,0,0,Neurology,Neurology,OLZ,2,882.1400,2021-01-06,161,N,5.303,1.0,1.0,prospective,"EnsoSleep device event detection and diagnostic agreement performance were observed to meet or exceed the PA, NA, and OA performance acceptance",0,0,,,,1937.0,0,0,0,0.0,0.0,0.0,0,0,1
K210484,510(k),2021-06-11,2021,"LINQ II Insertable Cardiac Monitor, Zelda AI ECG Classification System","Medtronic, Inc.",Medtronic plc,SEC:MDT,1,1,Cardiovascular,Cardiovascular,MXD,2,870.1025,2021-02-19,112,N,5.317,1.0,0.0,none,algorithms were able to reduce false alerts from ICM detected AF and Pause episodes while retaining true alerts. All results met or exceeded the criteria,0,0,,,,1942.0,0,36,1,0.0,0.0,36.0,0,0,1
K203629,510(k),2021-06-10,2021,IDx-DR,Digital Diagnostics Inc.,,,0,0,Ophthalmic,Other,PIB,2,886.1100,2020-12-11,181,N,5.32,0.0,1.0,prospective,The determination of substantial equivalence is not based on an assessment of clinical performance data.,0,0,,,,1943.0,0,0,0,0.0,0.0,0.0,0,0,1
K211459,510(k),2021-06-10,2021,"syngo.via MI WorkFlows, Scenium, syngo MBF","Siemens Medical Solutions USA, Inc.",Siemens Healthineers AG,XETRA:SHL,1,0,Radiology,Radiology,QIH,2,892.2050,2021-05-11,30,N,5.32,0.0,0.0,none,Verification and Validation activities have been successfully performed on the software package,0,0,,,,1943.0,0,0,0,0.0,0.0,0.0,0,0,1
K210458,510(k),2021-06-08,2021,"OPTIS Mobile Next Imaging System, OPTIS Integrated Next Imaging System",Abbott Medical,Abbott Laboratories,SEC:ABT,1,1,Radiology,Radiology,NQQ,2,892.1560,2021-02-16,112,N,5.325,0.0,0.0,none,"No new clinical testing was completed, nor relied upon, in support of this Traditional 510(k).",0,0,,,,1945.0,0,3,1,0.0,1.0,2.0,0,0,1
DEN200069,De Novo,2021-06-02,2021,Cognoa ASD Diagnosis Aid,"Cognoa, Inc.",,,0,0,Neurology,Neurology,QPF,2,882.1491,2020-11-03,211,N,5.342,1.0,1.0,prospective,PPV of 81%... NPV of 98%... sensitivity of 98%... and specificity of 79%,0,0,,,,1951.0,0,0,0,0.0,0.0,0.0,0,0,1
K210404,510(k),2021-06-02,2021,Transpara 1.7.0,ScreenPoint Medical B.V.,,,0,0,Radiology,Radiology,QDQ,2,892.2090,2021-02-10,112,N,5.342,1.0,1.0,retrospective,"For 2D, AUC of the device is 0.949...higher...in comparison to the AUC of 0.929 of the predicate device",0,0,,,,1951.0,0,0,0,0.0,0.0,0.0,0,0,1
K202527,510(k),2021-05-21,2021,Zio ECG Utilization Software (ZEUS) System,"iRhythm Technologies, Inc.",iRhythm Holdings Inc.,SEC:IRTC,1,1,Cardiovascular,Cardiovascular,DQK,2,870.1425,2020-09-01,262,N,5.374,0.0,0.0,none,No clinical testing was performed in support of this premarket notification,0,0,,,,1963.0,0,0,0,0.0,0.0,0.0,0,0,1
K210237,510(k),2021-05-19,2021,CINA CHEST,Avicenna.AI,,,0,0,Radiology,Radiology,QAS,2,892.2080,2021-01-28,111,N,5.38,1.0,1.0,retrospective,"Sensitivity and Specificity for the ""PE"" prioritization...were found to be 91.1%...and 91.8%...achieved the 80% performance goal",0,0,,,,1965.0,0,0,0,0.0,0.0,0.0,0,0,1
K210187,510(k),2021-05-19,2021,Overjet Dental Assist,"Overjet, Inc.",,,0,0,Radiology,Radiology,LLZ,2,892.2050,2021-01-25,114,N,5.38,,0.0,none,,0,0,,,,1965.0,0,0,0,0.0,0.0,0.0,0,0,0
K211118,510(k),2021-05-13,2021,SIGNA 7.0T,"GE Medical Systems, LLC",GE HealthCare Technologies Inc.,SEC:GEHC,1,1,Radiology,Radiology,LNH,2,892.1000,2021-04-15,28,N,5.396,1.0,0.0,none,A reader study was performed on images with and without AIR Recon DL feature...radiologists uniformly preferred the AIR Recon DL images,1,1,2024-06-14,2.0,1128.0,1128.0,0,0,0,0.0,0.0,0.0,0,0,1
K210426,510(k),2021-05-13,2021,HS40 Diagnostic Ultrasound System,"Samsung Medison CO., LTD.",Samsung Electronics Co. Ltd.,KRX:005930,1,0,Radiology,Radiology,IYN,2,892.1550,2021-02-11,91,N,5.396,0.0,0.0,none,"The subject of this premarket submission HS40, is not required clinical studies to support substantial equivalence.",0,0,,,,1971.0,0,0,0,0.0,0.0,0.0,0,0,1
K210001,510(k),2021-04-30,2021,HYPER AiR,"Shanghai United Imaging Healthcare Co.,Ltd.",Shanghai United Imaging Healthcare,SSE:688271,1,0,Radiology,Radiology,KPS,2,892.1200,2021-01-04,116,N,5.432,0.0,0.0,none,"three board-certified nuclear medicine physicians...assessment of image contrast, image noise and image quality",0,0,,,,1984.0,0,0,0,0.0,0.0,0.0,0,0,1
K203314,510(k),2021-04-23,2021,Cartesion Prime (PCD-1000A/3) V10.8,Canon Medical Systems Corporation,Canon Inc.,SEC:CAJPY,1,1,Radiology,Radiology,KPS,2,892.1200,2020-11-10,164,N,5.451,0.0,0.0,none,all three physicians determined that all five AiCE-i for PET images were of diagnostic quality,0,0,,,,1991.0,1,0,0,0.0,0.0,0.0,0,0,1
K203502,510(k),2021-04-23,2021,MEDO-Thyroid,MEDO DX Pte. Ltd.,,,0,0,Radiology,Radiology,QIH,2,892.2050,2020-11-30,144,N,5.451,1.0,0.0,none,ICC 0.972 (95% CI 0.969-0.975)...Maximum % Volume Error 21.7%,0,0,,,,1991.0,0,0,0,0.0,0.0,0.0,0,0,1
K210556,510(k),2021-04-21,2021,Preview Shoulder,Genesis Software Innovations,,,0,0,Radiology,Radiology,QIH,2,892.2050,2021-02-25,55,N,5.457,0.0,0.0,none,Clinical testing was not necessary to demonstrate substantial equivalence of the Preview Shoulder to the predicate device.,0,0,,,,1993.0,0,0,0,0.0,0.0,0.0,0,0,1
K203610,510(k),2021-04-20,2021,Automatic Anatomy Recognition (AAR),"Quantitative Radiology Solutions, LLC",,,0,0,Radiology,Radiology,QKB,2,892.2050,2020-12-10,131,N,5.459,0.0,1.0,retrospective,Clinical testing was not required to demonstrate the safety and effectiveness of the device.,0,0,,,,1994.0,0,0,0,0.0,0.0,0.0,0,0,1
K203469,510(k),2021-04-19,2021,AI Segmentation,"Varian Medical Systems, Inc.",Siemens Healthineers AG,XETRA:SHL,1,0,Radiology,Radiology,MUJ,2,892.5050,2020-11-25,145,N,5.462,0.0,0.0,none,No animal studies or clinical tests have been included in this pre-market submission.,0,0,,,,1995.0,0,0,0,0.0,0.0,0.0,0,0,1
K203517,510(k),2021-04-16,2021,Saige-Q,"DeepHealth, Inc.",RadNet Inc.,SEC:RDNT,1,1,Radiology,Radiology,QFM,2,892.2080,2020-11-30,137,N,5.47,1.0,1.0,prospective,Saige-Q achieved an overall area under the receiver operating characteristic curve (AUC) of 0.966,0,0,,,,1998.0,0,0,0,0.0,0.0,0.0,0,0,1
K202992,510(k),2021-04-14,2021,"BriefCase, RIB Fractures Triage (RibFx)","Aidoc Medical, Ltd.",,,0,0,Radiology,Radiology,QFM,2,892.2080,2020-09-30,196,N,5.476,1.0,1.0,retrospective,AUC was 0.976...Sensitivity was 96.7%...and specificity was 90.4%,0,0,,,,2000.0,0,0,0,0.0,0.0,0.0,0,0,1
DEN200055,De Novo,2021-04-09,2021,GI Genius,"Cosmo Artificial Intelligence - AI, LTD",Cosmo Pharmaceuticals N.V.,SIX:COPN,1,0,Gastroenterology-Urology,Other,QNP,2,876.1520,2020-09-08,213,N,5.489,1.0,1.0,prospective,GI Genius procedures had an ADR* of 55.1% and the standard colonoscopy procedures had an ADR* of 42.0%,0,0,,,,2005.0,0,0,0,0.0,0.0,0.0,0,0,1
K202928,510(k),2021-04-02,2021,DV. Target,Deepvoxel INC,,,0,0,Radiology,Radiology,QKB,2,892.2050,2020-09-29,185,N,5.509,1.0,1.0,retrospective,clinical in-house dataset collected retrospectively from the City of Hope...DICE scores...good agreement,0,0,,,,2012.0,0,0,0,0.0,0.0,0.0,0,0,1
K202441,510(k),2021-04-02,2021,Eclipse II with Smart Noise Cancellation,"Carestream Health, Inc.",,,0,0,Radiology,Radiology,MQB,2,892.1680,2020-08-26,219,N,5.509,1.0,0.0,none,evaluated using a 5-point visual difference preference scale...tied to diagnostic confidence,0,0,,,,2012.0,0,0,0,0.0,0.0,0.0,0,0,1
DEN200038,De Novo,2021-04-01,2021,Gili Pro BioSensor (also known as Gili BioSensor System),ContinUse Biometrics Ltd.,,,0,0,Cardiovascular,Cardiovascular,QOK,2,870.2786,2020-06-12,293,N,5.511,1.0,1.0,prospective,Heart rate for non-arrhythmia patients met the pre-specified acceptance criteria of ±3bpm,0,0,,,,2013.0,0,0,0,0.0,0.0,0.0,0,0,1
K210071,510(k),2021-03-31,2021,SIS System (Version 5.1.0),"Surgical Information Sciences, Inc.",,,0,0,Radiology,Radiology,LLZ,2,892.2050,2021-01-11,79,N,5.514,1.0,1.0,retrospective,"When the software trusted the lead detection, it was correct in 91% of cases...accurate within ± 30°",0,0,,,,2014.0,0,0,0,0.0,0.0,0.0,0,0,1
K203258,510(k),2021-03-31,2021,syngo.CT Lung CAD,Siemens Healthcare GmbH,Siemens Healthineers AG,XETRA:SHL,1,0,Radiology,Radiology,OEB,2,892.2050,2020-11-05,146,N,5.514,0.0,1.0,prospective,,0,0,,,,2014.0,0,0,0,0.0,0.0,0.0,0,0,1
K203443,510(k),2021-03-31,2021,"MAGNETOM Vida, MAGNETOM Sola, MAGNETOM Lumina, MAGNETOM Altea","Siemens Medical Solutions USA, Inc.",Siemens Healthineers AG,XETRA:SHL,1,0,Radiology,Radiology,LNH,2,892.1000,2020-11-23,128,N,5.514,0.0,0.0,none,sample clinical images were provided,1,2,2021-08-16,1.0,138.0,138.0,0,2,1,0.0,2.0,0.0,0,0,1
DEN200019,De Novo,2021-03-26,2021,Oxehealth Vital Signs,Oxehealth Limited,,,0,0,Cardiovascular,Cardiovascular,QME,2,870.2785,2020-03-27,364,N,5.528,1.0,0.0,none,pulse rate RMSD was found to be 1.81 bpm,0,0,,,,2019.0,0,0,0,0.0,0.0,0.0,0,0,1
K203225,510(k),2021-03-24,2021,Aquilion ONE (TSX-306A/3) V10.4 with Spectral Imaging System,Canon Medical Systems Corporation,Canon Inc.,SEC:CAJPY,1,1,Radiology,Radiology,JAK,2,892.1750,2020-11-02,142,N,5.533,0.0,1.0,retrospective,"Representative...Spectral Images, reviewed by an American Board Certified Radiologist...confirmed...were of diagnostic quality.",0,0,,,,2021.0,0,0,0,0.0,0.0,0.0,0,0,1
K210209,510(k),2021-03-23,2021,Viz ICH,"Viz.ai, Inc.",,,0,0,Radiology,Radiology,QAS,2,892.2080,2021-01-26,56,N,5.536,1.0,1.0,retrospective,Sensitivity and specificity were 95% (91% - 98%) and 96% (92% - 98%)...met the pre-specified performance goals,0,0,,,,2022.0,0,0,0,0.0,0.0,0.0,0,0,1
K203235,510(k),2021-03-19,2021,VBrain,Vysioneer Inc.,,,0,0,Radiology,Radiology,QKB,2,892.2050,2020-11-03,136,N,5.547,1.0,1.0,retrospective,lesion-wise sensitivity of VBrain was observed to be 90.3% (95% CI: 86.1-93.7%),0,0,,,,2026.0,0,0,0,0.0,0.0,0.0,0,0,1
K202284,510(k),2021-03-12,2021,Oncospace,"Oncospace, Inc.",,,0,0,Radiology,Radiology,MUJ,2,892.5050,2020-08-12,212,N,5.566,1.0,1.0,retrospective,average number of iterations was reduced by almost two thirds using Oncospace,0,0,,,,2033.0,0,0,0,0.0,0.0,0.0,0,0,1
K203822,510(k),2021-03-12,2021,ProFound AI Software V3.0,iCAD Inc.,RadNet Inc.,SEC:RDNT,1,1,Radiology,Radiology,QDQ,2,892.2090,2020-12-29,73,N,5.566,1.0,1.0,prospective,demonstrated a significant increase in specificity from V2.0 to V3.0,0,0,,,,2033.0,0,0,0,0.0,0.0,0.0,0,0,1
K203256,510(k),2021-03-09,2021,Imbio RV/LV Software,"Imbio, LLC",,,0,0,Radiology,Radiology,QIH,2,892.2050,2020-11-04,125,N,5.574,1.0,1.0,prospective,Reader Study-I demonstrated the improvement of the agreement among general radiologist with the assistance of the RVLV output report,0,0,,,,2036.0,0,0,0,0.0,0.0,0.0,0,0,1
K202300,510(k),2021-03-05,2021,"Optellum Virtual Nodule Clinic, Optellum software, Optellum platform",Optellum Ltd,,,0,0,Radiology,Radiology,POK,2,892.2060,2020-08-13,204,N,5.585,1.0,1.0,prospective,average performance of the readers improved by 6.85 AUC points,0,0,,,,2040.0,0,0,0,0.0,0.0,0.0,0,0,1
K203323,510(k),2021-03-04,2021,"Vantage Galan 3T, MRT-3020, V6.0 with AiCE Reconstruction Processing Unit for MR",Canon Medical Systems Corporation,Canon Inc.,SEC:CAJPY,1,1,Radiology,Radiology,LNH,2,892.1000,2020-11-12,112,N,5.588,1.0,1.0,prospective,a human observer study was conducted with 15 board certified radiologists/cardiologists and...60 subjects and 348 scans that demonstrated a statistical preference,0,0,,,,2041.0,0,0,0,0.0,0.0,0.0,0,0,1
K203617,510(k),2021-03-02,2021,MaxFOV 2,"GE Medical Systems, LLC.",GE HealthCare Technologies Inc.,SEC:GEHC,1,1,Radiology,Radiology,JAK,2,892.1750,2020-12-11,81,N,5.593,1.0,1.0,prospective,"A clinical reader study with 49 CT exams...scored by 5 external, clinical readers...using a 5 point Likert scale",0,0,,,,2043.0,0,0,0,0.0,0.0,0.0,0,0,1
DEN200022,De Novo,2021-03-01,2021,Analytic for Hemodynamic Instability (AHI),Fifth Eye Inc.,,,0,0,Cardiovascular,Cardiovascular,QNV,2,870.2220,2020-04-03,332,N,5.596,1.0,1.0,prospective,Sensitivity 95.6% ... Specificity 84.9% ... met the predetermined acceptance criteria,0,0,,,,2044.0,0,0,0,0.0,0.0,0.0,0,0,1
K203182,510(k),2021-02-26,2021,SubtleMR,"Subtle Medical, Inc.",,,0,0,Radiology,Radiology,LLZ,2,892.2050,2020-10-27,122,N,5.604,1.0,1.0,retrospective,SNR...is on average improved by greater than or equal to 5%...This test passed.,0,0,,,,2047.0,0,0,0,0.0,0.0,0.0,0,0,1
K202990,510(k),2021-02-25,2021,NinesMeasure,"Nines, Inc.",,,0,0,Radiology,Radiology,LLZ,2,892.2050,2020-09-30,148,N,5.607,1.0,1.0,retrospective,"retrospective, multi-center image comparison study...performance goals for the primary endpoints were met",0,0,,,,2048.0,0,0,0,0.0,0.0,0.0,0,0,1
K203578,510(k),2021-02-25,2021,"OTIS 2.1 Optical Coherence Tomography System, THiA Optical Coherence Tomography System","Perimeter Medical Imaging AI, Inc.",,,0,0,Radiology,Radiology,NQQ,2,892.1560,2020-12-07,80,N,5.607,0.0,0.0,none,,0,0,,,,2048.0,0,0,0,0.0,0.0,0.0,0,0,1
K202212,510(k),2021-02-19,2021,TruPlan,Circle Cardiovascular Imaging Inc.,,,0,0,Radiology,Radiology,LLZ,2,892.2050,2020-08-06,197,N,5.624,0.0,0.0,none,No clinical studies were necessary to support substantial equivalence,0,0,,,,2054.0,0,0,0,0.0,0.0,0.0,0,0,1
K203103,510(k),2021-02-09,2021,"Synapse 3D, Synapse 3D Base Tools v6.1",Fujifilm Corporation,Fujifilm Holdings Corp.,TSE:4901,1,0,Radiology,Radiology,LLZ,2,892.2050,2020-10-14,118,N,5.651,1.0,0.0,none,benchmark performance testing was conducted using actual clinical images... achieved the expected accuracy performance... all tests passed,0,0,,,,2064.0,0,0,0,0.0,0.0,0.0,0,0,1
K210053,510(k),2021-02-05,2021,LVivo Software Application,DiA Imaging Analysis Ltd,Koninklijke Philips N.V.,SEC:PHG,1,1,Radiology,Radiology,QIH,2,892.2050,2021-01-08,28,N,5.662,,1.0,retrospective,performance tests have been completed and successfully support the device performance.,0,0,,,,2068.0,0,0,0,0.0,0.0,0.0,0,0,0
K203582,510(k),2021-02-04,2021,QUIBIM Precision Prostate (qp-Prostate),QUIBIM S.L.,,,0,0,Radiology,Radiology,LLZ,2,892.2050,2020-12-07,59,N,5.665,1.0,1.0,retrospective,155 different patients...Comparison to the Predicate Device...157...prostate sequences,0,0,,,,2069.0,0,0,0,0.0,0.0,0.0,0,0,1
K201411,510(k),2021-01-29,2021,Visage Breast Density,Visage Imaging GmbH,,,0,0,Radiology,Radiology,QIH,2,892.2050,2020-05-28,246,N,5.681,1.0,1.0,retrospective,tested against two independent data sets of 500 and 700 studies...accuracies per category,0,0,,,,2075.0,0,0,0,0.0,0.0,0.0,0,0,1
K202767,510(k),2021-01-15,2021,"Vantage Orian 1.5T, MRT-1550, V6.0",Canon Medical Systems Corporation,Canon Inc.,SEC:CAJPY,1,1,Radiology,Radiology,LNH,2,892.1000,2020-09-21,116,N,5.719,,0.0,none,human observer study was conducted with 8 board certified radiologists and 44 studies,0,0,,,,2089.0,0,0,0,0.0,0.0,0.0,0,0,0
K193271,510(k),2021-01-15,2021,uAI EasyTriage-Rib,"Shanghai United Imaging Intelligence Co., Ltd.",United Imaging Intelligence,,0,0,Radiology,Radiology,QFM,2,892.2080,2019-11-26,416,N,5.719,1.0,1.0,prospective,The sensitivity was 92.7%...and specificity was 84.7%...The AUC was 0.939,0,0,,,,2089.0,0,0,0,0.0,0.0,0.0,0,0,1
K202700,510(k),2021-01-14,2021,ART-Plan,TheraPanacea,,,0,0,Radiology,Radiology,QKB,2,892.2050,2020-09-16,120,N,5.722,1.0,1.0,retrospective,autosegmentation algorithm...provides clinically acceptable contours...when applied to US patients...Passed,0,0,,,,2090.0,0,0,0,0.0,0.0,0.0,0,0,1
K203280,510(k),2021-01-12,2021,Hepatica v1 (Hepatica v1.0.0),Perspectum Ltd.,,,0,0,Radiology,Radiology,LNH,2,892.1000,2020-11-06,67,N,5.728,1.0,0.0,none,previously acquired in-vivo volunteer data was used...Upper and Lower Limits of Agreement,0,0,,,,2092.0,0,0,0,0.0,0.0,0.0,0,0,1
K201836,510(k),2021-01-12,2021,Aquilion Lightning (TSX-036A/7) V10.2 with AiCE-i,Canon Medical Systems Corporation,Canon Inc.,SEC:CAJPY,1,1,Radiology,Radiology,JAK,2,892.1750,2020-07-02,194,N,5.728,0.0,1.0,retrospective,representative clinical images were not necessary to demonstrate substantial equivalence,0,0,,,,2092.0,0,0,0,0.0,0.0,0.0,0,0,1
P200003,PMA,2021-01-11,2021,Imagio Breast Imaging System,"Seno Medical Instruments, Inc.",,,0,0,Radiology,Radiology,QNK,3,,2020-01-31,346,,5.73,,1.0,prospective,Primary endpoint: Evaluate reader specificity with IUS alone at 98% sensitivity versus Imagio (IUS+OA),0,0,,,,2093.0,0,1,1,0.0,0.0,1.0,0,0,0
K200717,510(k),2021-01-09,2021,CLEWICU System (ClewICUServer and ClewICUnitor),CLEW Medical Ltd.,,,0,0,Cardiovascular,Cardiovascular,QNL,2,870.2210,2020-03-18,297,N,5.736,1.0,1.0,retrospective,retrospective clinical validation with a dataset from the WakeMed Health System...Sensitivity 60.6%...Specificity 95.7%,0,0,,,,2095.0,0,0,0,0.0,0.0,0.0,0,0,1
K203329,510(k),2021-01-08,2021,HeartFlow Analysis,"HeartFlow, Inc.","Heartflow, Inc.",SEC:HTFL,1,1,Cardiovascular,Cardiovascular,PJA,2,870.1415,2020-11-12,57,N,5.739,0.0,1.0,prospective,Results of all current and previously referenced testing conclude the device is acceptable for use.,0,0,,,,2096.0,0,3,1,0.0,2.0,1.0,0,0,1
K202414,510(k),2021-01-07,2021,BrainInsight,"Hyperfine Research, Inc",,,0,0,Radiology,Radiology,LLZ,2,892.2050,2020-08-24,136,N,5.741,0.0,1.0,retrospective,No clinical data was required to demonstrate substantial equivalence,0,0,,,,2097.0,0,0,0,0.0,0.0,0.0,0,0,1
K203508,510(k),2020-12-29,2020,BriefCase,"Aidoc Medical, Ltd.",,,0,0,Radiology,Radiology,QAS,2,892.2080,2020-11-30,29,N,5.766,0.0,0.0,none,Performance data was not needed to support this modification to BriefCase.,0,0,,,,2106.0,0,0,0,0.0,0.0,0.0,0,0,1
K202229,510(k),2020-12-22,2020,AI Metrics,"AI Metrics, LLC",,,0,0,Radiology,Radiology,LLZ,2,892.2050,2020-08-07,137,N,5.785,0.0,0.0,none,software passed all tests considered critical in terms of patient safety and demonstrated an overall acceptable performance,0,0,,,,2113.0,0,0,0,0.0,0.0,0.0,0,0,1
K201555,510(k),2020-12-18,2020,EchoGo Pro,Ultromics Ltd,,,0,0,Radiology,Radiology,POK,2,892.2060,2020-06-10,191,N,5.796,1.0,1.0,prospective,"native system performance of 0.927 AUROC, with specificity of 0.927...and a sensitivity of 0.844",0,0,,,,2117.0,0,0,0,0.0,0.0,0.0,0,0,1
K203042,510(k),2020-12-10,2020,Aquilion Exceed LB (TSX-202A/3) V10.6 with AiCE-I,Canon Medical Systems Corporation,Canon Inc.,SEC:CAJPY,1,1,Radiology,Radiology,JAK,2,892.1750,2020-10-06,65,N,5.818,0.0,1.0,retrospective,Representative clinical images were not necessary to demonstrate substantial equivalence of the subject device.,0,0,,,,2125.0,0,0,0,0.0,0.0,0.0,0,0,1
K201745,510(k),2020-12-10,2020,Deep Learning Image Reconstruction for Gemstone Spectral Imaging,"GE Medical Systems, LLC",GE HealthCare Technologies Inc.,SEC:GEHC,1,1,Radiology,Radiology,JAK,2,892.1750,2020-06-26,167,N,5.818,1.0,1.0,prospective,readers confirmed that all object(s) were adequately visualized for diagnostic use using DLIR-GSI,0,0,,,,2125.0,0,0,0,0.0,0.0,0.0,0,0,1
K201039,510(k),2020-12-07,2020,HepaFat-AI,Resonance Health Analysis Services Pty Ltd,Resonance Health Ltd.,ASX:RHT,1,0,Radiology,Radiology,LNH,2,892.1000,2020-04-20,231,N,5.826,1.0,1.0,retrospective,studies of 145 adult and paediatric NAFLD/NASH patients...Sensitivity (%) 97.6...Specificity (%) 88.2,0,0,,,,2128.0,0,0,0,0.0,0.0,0.0,0,0,1
K202487,510(k),2020-12-04,2020,HealthJOINT,Zebra Medical Vision Ltd.,Nano-X Imaging Ltd.,SEC:NNOX,1,1,Radiology,Radiology,LLZ,2,892.2050,2020-08-31,95,N,5.834,1.0,1.0,retrospective,HealthJOINT device performance for the Femur was an RMSE of 1.14...met the pre-defined success criteria,0,0,,,,2131.0,0,0,0,0.0,0.0,0.0,0,0,1
K203169,510(k),2020-11-20,2020,Revolution Ascend,GE Healthcare Japan Corporation,GE HealthCare Technologies Inc.,SEC:GEHC,1,1,Radiology,Radiology,JAK,2,892.1750,2020-10-23,28,N,5.873,0.0,0.0,none,The Revolution Ascend can be fully tested on the engineering bench thus no additional clinical testing was required.,1,1,2021-06-30,2.0,222.0,222.0,0,0,0,0.0,0.0,0.0,0,0,1
K193287,510(k),2020-11-20,2020,CorInsights MRI,"ADM Diagnostics, Inc.",,,0,0,Radiology,Radiology,LLZ,2,892.2050,2019-11-27,359,N,5.873,1.0,1.0,retrospective,CorInsights MRI measured hippocampal volume with an IntraClass Correlation coefficient of 0.95 and a DICE coefficient of 83% left...as compared to ground truth volumes,0,0,,,,2145.0,0,0,0,0.0,0.0,0.0,0,0,1
K200873,510(k),2020-11-20,2020,HALO,NICo-Lab B.V.,,,0,0,Radiology,Radiology,QAS,2,892.2080,2020-04-01,233,N,5.873,1.0,1.0,retrospective,sensitivity and specificity for LVO detection of respectively 91.1%...and 87.0%,0,0,,,,2145.0,0,0,0,0.0,0.0,0.0,0,0,1
K201019,510(k),2020-11-18,2020,Genius AI Detection,"Hologic, Inc.",Hologic Inc.,,0,0,Radiology,Radiology,QDQ,2,892.2090,2020-04-17,215,N,5.878,1.0,1.0,prospective,average observed AUC was 0.825...with CAD and 0.794...without CAD,0,0,,,,2147.0,0,0,0,0.0,0.0,0.0,0,0,1
K201195,510(k),2020-11-18,2020,"syngo.via MI Workflows, syngo MBF","Siemens Medical Solutions USA, Inc.",Siemens Healthineers AG,XETRA:SHL,1,0,Radiology,Radiology,QIH,2,892.2050,2020-05-04,198,N,5.878,0.0,0.0,none,Verification and Validation activities have been successfully performed on the software package,0,0,,,,2147.0,0,0,0,0.0,0.0,0.0,0,0,1
K193306,510(k),2020-11-17,2020,PROView,GE Medical Systems SCS,GE HealthCare Technologies Inc.,SEC:GEHC,1,1,Radiology,Radiology,LLZ,2,892.2050,2019-11-29,354,N,5.881,1.0,0.0,none,validated PROView algorithm's capability of automatic segmentation...by using a database of MRI prostate exams...algorithm meets the acceptance criteria and improves performance on volume accuracy,0,0,,,,2148.0,0,0,0,0.0,0.0,0.0,0,0,1
K193289,510(k),2020-11-12,2020,"FastStroke, CT Perfusion 4D",GE Medical Systems SCS,GE HealthCare Technologies Inc.,SEC:GEHC,1,1,Radiology,Radiology,JAK,2,892.1750,2019-11-27,351,N,5.895,0.0,1.0,retrospective,bench tests that compare the output of the new algorithm with ground truth annotated by qualified experts show that the algorithm performed as expected,0,0,,,,2153.0,0,0,0,0.0,0.0,0.0,0,0,1
K201985,510(k),2020-11-12,2020,KardiaAI,"AliveCor, Inc.",,,0,0,Cardiovascular,Cardiovascular,DQK,2,870.1425,2020-07-17,118,N,5.895,1.0,0.0,none,algorithm performance testing was assessed using an AliveCor proprietary ECG database...found to meet their performance specifications,0,0,,,,2153.0,0,0,0,0.0,0.0,0.0,0,0,1
K193562,510(k),2020-11-06,2020,AI-Rad Companion Organs RT,"Siemens Medical Solutions USA, Inc.",Siemens Healthineers AG,XETRA:SHL,1,0,Radiology,Radiology,QKB,2,892.2050,2019-12-23,319,N,5.911,1.0,1.0,retrospective,validated in a retrospective performance study on CT data previously acquired for RT treatment planning (N= 113...) achieved a median DICE score > 80%,0,0,,,,2159.0,0,0,0,0.0,0.0,0.0,0,0,1
K200750,510(k),2020-11-06,2020,Neuro.Al Algorithm,"TeraRecon, Inc.",,,0,0,Radiology,Radiology,LLZ,2,892.2050,2020-03-23,228,N,5.911,0.0,0.0,none,verified and validated through software testing and performance evaluation,0,0,,,,2159.0,0,0,0,0.0,0.0,0.0,0,0,1
K202013,510(k),2020-10-30,2020,WRDensity by Whiterabbit.ai,Whiterabbit.ai Inc.,,,0,0,Radiology,Radiology,QIH,2,892.2050,2020-07-21,101,N,5.93,1.0,1.0,retrospective,test dataset comprised 871 exams from unique patients...achieved a quadratically-weighted Cohen's kappa of 0.90,0,0,,,,2166.0,0,0,0,0.0,0.0,0.0,0,0,1
K200323,510(k),2020-10-30,2020,AutoContour,"Radformation, Inc.",,,0,0,Radiology,Radiology,QKB,2,892.2050,2020-02-10,263,N,5.93,0.0,0.0,none,no clinical trials were performed for AutoContour. Nonclinical tests were performed...which demonstrates that AutoContour performs as intended,0,0,,,,2166.0,0,0,0,0.0,0.0,0.0,0,0,1
K202089,510(k),2020-10-28,2020,"LensHooke X1 PRO Semen Quality Analyzer, LensHooke X1 PRO SE Semen Quality Analyzer","Bonraybio Co., Ltd.",,,0,0,Hematology,Other,POV,2,864.5220,2020-07-28,92,N,5.936,,0.0,none,study results demonstrate the layperson user accuracy and ease of use,0,0,,,,2168.0,0,0,0,0.0,0.0,0.0,0,0,0
K201710,510(k),2020-10-16,2020,A View LCS,"Coreline Soft Co., Ltd.",Listed Korean AI company,KOSDAQ,1,0,Radiology,Radiology,LLZ,2,892.2050,2020-06-23,115,N,5.969,0.0,0.0,none,there was no clinical testing required to support the medical device,0,0,,,,2180.0,0,0,0,0.0,0.0,0.0,0,0,1
K200595,510(k),2020-10-16,2020,"CellaVision DC-1, CellaVision DC-1 PPA",CellaVision AB,CellaVision AB,STO:CEVI,1,0,Hematology,Other,JOY,2,864.5260,2020-03-06,224,N,5.969,1.0,1.0,retrospective,"In all three studies the Cohen's Kappa coefficient met the acceptance criterion of ≥0,6...agreement requirement is fulfilled",0,0,,,,2180.0,0,1,1,0.0,0.0,1.0,0,0,1
K201615,510(k),2020-10-15,2020,SIGNA 7.0T,"GE Medical Systems, LLC",GE HealthCare Technologies Inc.,SEC:GEHC,1,1,Radiology,Radiology,LNH,2,892.1000,2020-06-15,122,N,5.971,0.0,1.0,prospective,"evaluating proposed device's image diagnostic quality and usability, personal preferences, and general commentary",1,1,2024-06-14,2.0,1338.0,1338.0,0,0,0,0.0,0.0,0.0,0,0,1
K202501,510(k),2020-10-11,2020,Quantib Prostate,Quantib BV,RadNet Inc.,SEC:RDNT,1,1,Radiology,Radiology,LLZ,2,892.2050,2020-08-31,41,N,5.982,1.0,1.0,retrospective,a trained medical professional using Quantib Prostate performs better or equal in prostate segmentation than without use,0,0,,,,2185.0,0,0,0,0.0,0.0,0.0,0,0,1
K193631,510(k),2020-10-09,2020,"Stethee Pro 1, Stethee Pro Software System",M3DICINE Pty Ltd.,,,0,0,Cardiovascular,Cardiovascular,DQD,2,870.1875,2019-12-27,287,N,5.988,1.0,0.0,none,successful clinical validation of the performance accuracy of the device's machine learning analysis algorithms was performed against the listed reference devices,0,0,,,,2187.0,0,0,0,0.0,0.0,0.0,0,0,1
K202280,510(k),2020-10-02,2020,Cleerly Labs v2.0,"Cleerly, Inc.",,,0,0,Radiology,Radiology,LLZ,2,892.2050,2020-08-11,52,N,6.007,0.0,1.0,retrospective,No clinical testing was conducted to demonstrate safety or effectiveness,0,0,,,,2194.0,0,2,1,0.0,2.0,0.0,0,0,1
K202170,510(k),2020-10-02,2020,LiverMultiScan,Perspectum LTD,,,0,0,Radiology,Radiology,LNH,2,892.1000,2020-08-03,60,N,6.007,1.0,0.0,none,in-vivo acquired volunteer data was used...variation...is well within the prescribed acceptance criteria,0,0,,,,2194.0,0,0,0,0.0,0.0,0.0,0,0,1
K201301,510(k),2020-10-02,2020,X100 with Full Field Peripheral Blood Smear (PBS) Application,Scopio Labs LTD.,,,0,0,Hematology,Other,JOY,2,864.5260,2020-05-15,140,N,6.007,,,not_available,,0,0,,,,2194.0,0,0,0,0.0,0.0,0.0,0,0,0
K192051,510(k),2020-09-30,2020,THINQ,CorticoMetrics LLC,,,0,0,Radiology,Radiology,LLZ,2,892.2050,2019-07-31,427,N,6.012,1.0,1.0,retrospective,Whole Brain Dice 0.94 (0.01),0,0,,,,2196.0,0,0,0,0.0,0.0,0.0,0,0,1
K202546,510(k),2020-09-29,2020,LVivo Seamless,DiA Imaging Analysis Ltd,Koninklijke Philips N.V.,SEC:PHG,1,1,Radiology,Radiology,QIH,2,892.2050,2020-09-02,27,N,6.015,,0.0,none,Peformance Evaluation...was based upon well-established methods...demonstrated conformity to intended use,0,0,,,,2197.0,0,0,0,0.0,0.0,0.0,0,0,0
K201103,510(k),2020-09-25,2020,Xeleris V Processing and Review Systems,GE Healthcare,GE HealthCare Technologies Inc.,SEC:GEHC,1,1,Radiology,Radiology,LLZ,2,892.2050,2020-04-24,154,N,6.026,1.0,1.0,retrospective,reviewed the segmentation results and scored them using a 5-point Likert scale,0,0,,,,2201.0,0,0,0,0.0,0.0,0.0,0,0,1
K200569,510(k),2020-09-24,2020,RayStation,RaySearch Laboratories AB (publ),RaySearch Laboratories AB,STO:RAY-B,1,0,Radiology,Radiology,MUJ,2,892.5050,2020-03-04,204,N,6.029,0.0,0.0,none,The successful verification and validation of RayStation 9.1/RayStation 9.2 therefore support the substantial equivalence,1,13,2020-10-08,2.0,14.0,14.0,0,8,1,0.0,0.0,8.0,0,0,1
K201992,510(k),2020-09-18,2020,Caption Guidance,Caption Health,GE HealthCare Technologies Inc.,SEC:GEHC,1,1,Radiology,Radiology,QJU,2,892.2100,2020-07-17,63,N,6.045,0.0,0.0,none,,0,0,,,,2208.0,0,0,0,0.0,0.0,0.0,0,0,1
K200852,510(k),2020-09-18,2020,"EchoPAC Software Only, EchoPAC Plug-In",GE Medical Systems Ultrasound and Primary Care Diagnostics,GE HealthCare Technologies Inc.,SEC:GEHC,1,1,Radiology,Radiology,LLZ,2,892.2050,2020-03-31,171,N,6.045,,0.0,none,,0,0,,,,2208.0,0,0,0,0.0,0.0,0.0,0,0,0
K201369,510(k),2020-09-16,2020,AVA (Augmented Vascular Analysis),See-Mode Technologies Pte. Ltd.,,,0,0,Radiology,Radiology,LLZ,2,892.2050,2020-05-22,117,N,6.051,1.0,1.0,retrospective,IMT correlation coefficient of 0.89 with the average of two experts,0,0,,,,2210.0,0,0,0,0.0,0.0,0.0,0,0,1
K201298,510(k),2020-09-16,2020,VX1,Volta Medical,,,0,0,Cardiovascular,Cardiovascular,DQK,2,870.1425,2020-05-15,124,N,6.051,1.0,1.0,prospective,"involved 8 centers, 18 operators, and 300 patients...demonstrated comparable performance",0,0,,,,2210.0,0,0,0,0.0,0.0,0.0,0,0,1
K192665,510(k),2020-09-15,2020,"Accelerate Pheno System, Accelerate PhenoTest BC Kit","Accelerate Diagnostics, Inc.",,,0,0,Microbiology,Other,PRH,2,866.1650,2019-09-25,356,N,6.053,0.0,1.0,prospective,"No clinical testing was performed to support a substantial equivalence determination for the aztreonam, cefepime, ceftazidime, meropenem and piperacillin-tazobactam assay modifications.",1,1,2022-10-17,2.0,762.0,762.0,0,1,1,0.0,1.0,0.0,0,0,1
K200708,510(k),2020-09-09,2020,Vivid iq,GE Medical Systems Ultrasound and,GE HealthCare Technologies Inc.,SEC:GEHC,1,1,Radiology,Radiology,IYN,2,892.1550,2020-03-18,175,N,6.07,,0.0,none,,0,0,,,,2217.0,0,0,0,0.0,0.0,0.0,0,0,0
K200851,510(k),2020-09-09,2020,"Vivid T8, Vivid T9",GE Medical Systems Ultrasound and Primary Care Diagnostics,GE HealthCare Technologies Inc.,SEC:GEHC,1,1,Radiology,Radiology,IYN,2,892.1550,2020-03-31,162,N,6.07,0.0,0.0,none,did not require clinical studies to support substantial equivalence,0,0,,,,2217.0,0,0,0,0.0,0.0,0.0,0,0,1
K201841,510(k),2020-09-06,2020,EyeBOX,"Oculogica, Inc.",,,0,0,Neurology,Neurology,QEA,2,882.1455,2020-07-02,66,N,6.078,0.0,0.0,none,Testing was performed in N=84 human participants to demonstrate that the new camera and analysis could reliably detect blinks and gaze position,0,0,,,,2220.0,0,0,0,0.0,0.0,0.0,0,0,1
K202238,510(k),2020-09-04,2020,SIGNA Artist,GE Healthcare (Tianjin) Company Limited,GE HealthCare Technologies Inc.,SEC:GEHC,1,1,Radiology,Radiology,LNH,2,892.1000,2020-08-07,28,N,6.084,1.0,0.0,none,radiologists preferred the AIR Recon DL images for clinical use,1,5,2021-06-04,2.0,273.0,273.0,0,5,1,0.0,4.0,1.0,0,0,1
K200833,510(k),2020-09-02,2020,RX-1 Rhythm Express Remote Cardiac Monitoring System,VivaQuant Inc.,,,0,0,Cardiovascular,Cardiovascular,MLO,2,870.2800,2020-03-30,156,N,6.089,0.0,0.0,none,Bench test results verify that RX-1 Monitor system can continuously record ECG signal,0,0,,,,2224.0,0,2,1,0.0,0.0,2.0,0,0,1
K201020,510(k),2020-08-26,2020,BriefCase,"Aidoc Medical, Ltd.",,,0,0,Radiology,Radiology,QAS,2,892.2080,2020-04-17,131,N,6.108,1.0,1.0,retrospective,sensitivity was 90.5%...and specificity was 88.7%,0,0,,,,2231.0,0,0,0,0.0,0.0,0.0,0,0,1
K200714,510(k),2020-08-26,2020,AVIEW,"Coreline Soft Co., Ltd",Listed Korean AI company,KOSDAQ,1,0,Radiology,Radiology,LLZ,2,892.2050,2020-03-18,161,N,6.108,,0.0,none,,0,0,,,,2231.0,0,0,0,0.0,0.0,0.0,0,0,0
K201632,510(k),2020-08-14,2020,TOMTEC-ARENA,TOMTEC Imaging Systems GmbH,,,0,0,Radiology,Radiology,LLZ,2,892.2050,2020-06-16,59,N,6.141,0.0,0.0,none,No clinical testing conducted in support of substantial equivalence,0,0,,,,2243.0,0,0,0,0.0,0.0,0.0,0,0,1
K201444,510(k),2020-08-13,2020,Syngo.via RT Image Suite,"Siemens Medical Solutions USA, Inc.",Siemens Healthineers AG,XETRA:SHL,1,0,Radiology,Radiology,MUJ,2,892.5050,2020-06-01,73,N,6.144,1.0,1.0,retrospective,evaluated on a test set of 112 subjects...using the overlap measure DICE coefficient,0,0,,,,2244.0,0,2,1,0.0,0.0,2.0,0,0,1
K201232,510(k),2020-08-13,2020,Limbus Contour,Limbus AI Inc.,,,0,0,Radiology,Radiology,LLZ,2,892.2050,2020-05-07,98,N,6.144,0.0,0.0,none,Clinical testing was not required to demonstrate the safety and effectiveness,0,0,,,,2244.0,0,0,0,0.0,0.0,0.0,0,0,1
K200990,510(k),2020-08-07,2020,VIDAvision,VIDA Diagnostics Inc.,,,0,0,Radiology,Radiology,JAK,2,892.1750,2020-04-15,114,N,6.16,0.0,0.0,none,No human clinical testing was required to support a substantial equivalence finding,0,0,,,,2250.0,0,0,0,0.0,0.0,0.0,0,0,1
K201310,510(k),2020-08-07,2020,Accipiolx,MaxQ Al Ltd.,,,0,0,Radiology,Radiology,QAS,2,892.2080,2020-05-15,84,N,6.16,1.0,1.0,retrospective,demonstrated device Sensitivity and Specificity of 97%...and 93%,0,0,,,,2250.0,0,0,0,0.0,0.0,0.0,0,0,1
K193210,510(k),2020-08-04,2020,HYPER DLR,"Shanghai United Imaging Healthcare Co., Ltd.",Shanghai United Imaging Healthcare,SSE:688271,1,0,Radiology,Radiology,KPS,2,892.1200,2019-11-21,257,N,6.168,1.0,1.0,retrospective,Each image was read by board-certified nuclear medicine physicians who provided an assessment of both image noise and overall image quality,0,0,,,,2253.0,0,0,0,0.0,0.0,0.0,0,0,1
K200667,510(k),2020-08-03,2020,EyeArt,"Eyenuk, Inc",,,0,0,Ophthalmic,Other,PIB,2,886.1100,2020-03-13,143,N,6.171,1.0,1.0,prospective,"EyeArt was validated in a prospective, multi-center pivotal clinical trial...The primary outcomes were the sensitivity and specificity of EyeArt for detecting mtmDR and vtDR",0,0,,,,2254.0,0,0,0,0.0,0.0,0.0,0,0,1
K193417,510(k),2020-07-30,2020,FractureDetect (FX),"Imagen Technologies, Inc.",,,0,0,Radiology,Radiology,QBS,2,892.2090,2019-12-09,234,N,6.182,1.0,1.0,prospective,Reader AUC was significantly improved from 0.912 to 0.952...across the 175 cases within FX's Indications for Use,0,0,,,,2258.0,0,0,0,0.0,0.0,0.0,0,0,1
K193283,510(k),2020-07-30,2020,AI-Rad Companion Prostate MR,Siemens Medical Solutions USA Inc.,Siemens Healthineers AG,XETRA:SHL,1,0,Radiology,Radiology,QIH,2,892.2050,2019-11-27,246,N,6.182,0.0,1.0,retrospective,No clinical tests were conducted to test the performance and functionality of the modifications introduced within AI-Rad Companion Prostate MR.,0,0,,,,2258.0,0,0,0,0.0,0.0,0.0,0,0,1
K200743,510(k),2020-07-23,2020,Vivid E80/ Vivid E90/ Vivid E95,GE Medical Systems Ultrasound and,GE HealthCare Technologies Inc.,SEC:GEHC,1,1,Radiology,Radiology,IYN,2,892.1550,2020-03-23,122,N,6.201,0.0,0.0,none,did not require clinical studies to support substantial equivalence,0,0,,,,2265.0,0,0,0,0.0,0.0,0.0,0,0,1
K200621,510(k),2020-07-22,2020,Caption Interpretation Automated Ejection Fraction Software,Caption Health,GE HealthCare Technologies Inc.,SEC:GEHC,1,1,Radiology,Radiology,QIH,2,892.2050,2020-03-09,135,N,6.204,1.0,1.0,retrospective,the primary endpoint evaluating the relationship (RMSD) between AutoEF derived values based on the best available view combination and the reference method met the predetermined acceptance criteria,1,1,2021-05-19,2.0,301.0,301.0,0,0,0,0.0,0.0,0.0,0,0,1
K200497,510(k),2020-07-16,2020,"Vivid S60N, Vivid S70N",GE Medical Systems Ultrasound and Primary Care Diagnostics,GE HealthCare Technologies Inc.,SEC:GEHC,1,1,Radiology,Radiology,IYN,2,892.1550,2020-02-28,139,N,6.22,,0.0,none,,1,1,2023-05-30,2.0,1048.0,1048.0,0,1,1,0.0,0.0,1.0,0,0,0
K200905,510(k),2020-07-16,2020,HealthMammo,Zebra Medical Vision Ltd.,Nano-X Imaging Ltd.,SEC:NNOX,1,1,Radiology,Radiology,QFM,2,892.2080,2020-04-06,101,N,6.22,1.0,1.0,retrospective,retrospective cohort of 835 anonymized 2D FFDM screening mammograms...AUC of 0.9661,0,0,,,,2272.0,0,0,0,0.0,0.0,0.0,0,0,1
K193097,510(k),2020-07-14,2020,"Vantage Orian 1.5T, MRT-1550, V6.0 with AiCE Reconstruction Processing Unit for MR",Canon Medical Systems Corporation,Canon Inc.,SEC:CAJPY,1,1,Radiology,Radiology,LNH,2,892.1000,2019-11-07,250,N,6.226,1.0,1.0,prospective,a human observer study was conducted with 6 board certified radiologists and 160 image data sets that demonstrated a statistical preference of AiCE,0,0,,,,2274.0,0,0,0,0.0,0.0,0.0,0,0,1
K193294,510(k),2020-07-10,2020,AI-Rad Companion Engine,"Siemens Medical Solutions USA, Inc.",Siemens Healthineers AG,XETRA:SHL,1,0,Radiology,Radiology,LLZ,2,892.2050,2019-11-27,226,N,6.237,0.0,1.0,retrospective,No clinical tests were conducted to test the performance and functionality of the modifications introduced within AI-Rad Companion Engine VA20.,0,0,,,,2278.0,0,0,0,0.0,0.0,0.0,0,0,1
K192969,510(k),2020-07-10,2020,Ezra Plexo Software,Ezra AI Inc.,,,0,0,Radiology,Radiology,QIH,2,892.2050,2019-10-23,261,N,6.237,1.0,0.0,none,nonclinical software validation tests were performed on 150 patient exams utilizing consensus ground truth created by five U.S. board certified expert radiologists,0,0,,,,2278.0,0,0,0,0.0,0.0,0.0,0,0,1
K200941,510(k),2020-07-09,2020,Rapid LVO,iSchemaView Inc.,,,0,0,Radiology,Radiology,QAS,2,892.2080,2020-04-08,92,N,6.24,1.0,1.0,retrospective,validated through the use of phantoms (Rapid core indications) and clinical data (Rapid LVO)...Se: 0.970...Sp 0.956,0,0,,,,2279.0,0,0,0,0.0,0.0,0.0,0,0,1
K193073,510(k),2020-07-06,2020,Deep Recon,"Shanghai United Imaging Healthcare Co., Ltd.",Shanghai United Imaging Healthcare,SSE:688271,1,0,Radiology,Radiology,JAK,2,892.1750,2019-11-04,245,N,6.248,1.0,1.0,prospective,Each image was read by 2 board-certified radiologists who provided an assessment of both image noise and structure fidelity according to a 4-point scale,0,0,,,,2282.0,0,0,0,0.0,0.0,0.0,0,0,1
K193252,510(k),2020-07-02,2020,Contour ProtegeAI,MIM Software Inc.,GE HealthCare Technologies Inc.,SEC:GEHC,1,1,Radiology,Radiology,QKB,2,892.2050,2019-11-25,220,N,6.259,1.0,1.0,retrospective,evidence was established that the Contour ProtégéAI device was non-inferior to the predicate by at least a non-inferiority limit of 0.1 Dice,0,0,,,,2286.0,0,0,0,0.0,0.0,0.0,0,0,1
K192880,510(k),2020-07-02,2020,InferRead Lung CT.AI,"Beijing Infervision Technology Co.,Ltd.",,,0,0,Radiology,Radiology,OEB,2,892.2050,2019-10-09,267,N,6.259,1.0,1.0,prospective,"InferRead Lung CT.AI was found to significantly increase the AUC (Aided - Unaided: 0.073, 95%CI: 0.020, 0.125)",0,0,,,,2286.0,0,0,0,0.0,0.0,0.0,0,0,1
K200760,510(k),2020-06-26,2020,Rapid ASPECTS,iSchemaView Inc.,,,0,0,Radiology,Radiology,POK,2,892.2060,2020-03-24,94,N,6.275,1.0,1.0,prospective,"readers agreed, on average, with almost ½ a region 0.425...more per scan than without Rapid ASPECTS",0,0,,,,2292.0,0,0,0,0.0,0.0,0.0,0,0,1
K200855,510(k),2020-06-24,2020,CINA,AVICENNA.AI,,,0,0,Radiology,Radiology,QAS,2,892.2080,2020-03-31,85,N,6.281,1.0,1.0,retrospective,sensitivity and specificity...91.4%...97.5%...in 814 and 476 clinical anonymized cases,0,0,,,,2294.0,0,0,0,0.0,0.0,0.0,0,0,1
K200232,510(k),2020-06-23,2020,LVivo Software Application,DiA Imaging Analysis Ltd,Koninklijke Philips N.V.,SEC:PHG,1,1,Radiology,Radiology,QIH,2,892.2050,2020-01-30,145,N,6.283,1.0,1.0,retrospective,"the primary end point was successfully met with a very good correlation of FAC between LVivoRV and manual measurements (r=0.79, p<0.0001)",0,0,,,,2295.0,0,0,0,0.0,0.0,0.0,0,0,1
K193298,510(k),2020-06-19,2020,BriefCase,"Aidoc Medical, Ltd.",,,0,0,Radiology,Radiology,QAS,2,892.2080,2019-11-27,205,N,6.294,1.0,1.0,retrospective,"Sensitivity and specificity exceeded the 80% performance goal. Specifically, sensitivity was 91.0%...and specificity was 88.9%",0,0,,,,2299.0,0,0,0,0.0,0.0,0.0,0,0,1
K200921,510(k),2020-06-17,2020,qER,Qure.ai Technologies,,,0,0,Radiology,Radiology,QAS,2,892.2080,2020-04-06,72,N,6.3,1.0,1.0,retrospective,Sensitivity and specificity exceeded the predefined success criteria...for all the 4 conditions,0,0,,,,2301.0,0,0,0,0.0,0.0,0.0,0,0,1
K193290,510(k),2020-06-17,2020,AI-Rad Companion Brain MR,"Siemens Medical Solutions USA, Inc.",Siemens Healthineers AG,XETRA:SHL,1,0,Radiology,Radiology,LLZ,2,892.2050,2019-11-27,203,N,6.3,0.0,1.0,retrospective,No clinical tests were conducted to test the performance and functionality of the modifications introduced within AI-Rad Companion Brain MR.,0,0,,,,2301.0,0,0,0,0.0,0.0,0.0,0,0,1
K200356,510(k),2020-06-11,2020,MEDO ARIA,Medo.ai,,,0,0,Radiology,Radiology,QIH,2,892.2050,2020-02-13,119,N,6.316,,0.0,none,,0,0,,,,2307.0,0,0,0,0.0,0.0,0.0,0,0,0
K200980,510(k),2020-06-11,2020,Auto 3D Bladder Volume Tool,"Butterfly Network, Inc.","Butterfly Network, Inc.",SEC:BFLY,1,1,Radiology,Radiology,IYO,2,892.1560,2020-04-14,58,N,6.316,1.0,0.0,none,"non-interventional validation study was conducted, where bladder volume was calculated...primary endpoint was met",0,0,,,,2307.0,0,0,0,0.0,0.0,0.0,0,0,1
K200974,510(k),2020-06-03,2020,QLAB Advanced Quantification Software,Philips Healthcare,Koninklijke Philips N.V.,SEC:PHG,1,1,Radiology,Radiology,QIH,2,892.2050,2020-04-13,51,N,6.338,0.0,0.0,none,did not require clinical data in order to make a determination for substantial equivalence,0,0,,,,2315.0,0,0,0,0.0,0.0,0.0,0,0,1
K192601,510(k),2020-06-01,2020,uWS-MR,"Shanghai United Imaging Healthcare Co., Ltd",Shanghai United Imaging Healthcare,SSE:688271,1,0,Radiology,Radiology,QIH,2,892.2050,2019-09-20,255,N,6.344,0.0,0.0,none,No clinical study was required.,0,0,,,,2317.0,0,0,0,0.0,0.0,0.0,0,0,1
K201034,510(k),2020-05-14,2020,Syngo.CT CaScoring,"Siemens Medical Solutions USA, Inc.",Siemens Healthineers AG,XETRA:SHL,1,0,Radiology,Radiology,JAK,2,892.1750,2020-04-20,24,N,6.393,1.0,1.0,prospective,reviewed the segmentation results and scored them... all prespecified acceptability thresholds were met,0,0,,,,2335.0,0,0,0,0.0,0.0,0.0,0,0,1
K192901,510(k),2020-05-12,2020,HealthVCF,Zebra Medical Vision Ltd.,Nano-X Imaging Ltd.,SEC:NNOX,1,1,Radiology,Radiology,QFM,2,892.2080,2019-10-15,210,N,6.398,1.0,1.0,retrospective,area under the curve (AUC) of 0.9504... sensitivity of 90.20%... specificity was 86.89%,0,0,,,,2337.0,0,0,0,0.0,0.0,0.0,0,0,1
K193176,510(k),2020-05-05,2020,uMR 780,"Shanghai United Imaging Healthcare Co., Ltd",Shanghai United Imaging Healthcare,SSE:688271,1,0,Radiology,Radiology,LNH,2,892.1000,2019-11-18,169,N,6.418,0.0,0.0,none,No clinical testing was conducted on the proposed devices.,0,0,,,,2344.0,0,0,0,0.0,0.0,0.0,0,0,1
K193220,510(k),2020-05-05,2020,AVIEW LCS,"Coreline Soft Co., Ltd",Listed Korean AI company,KOSDAQ,1,0,Radiology,Radiology,LLZ,2,892.2050,2019-11-21,166,N,6.418,1.0,1.0,retrospective,80 patient's Chest CT data who were enrolled in NLST...The dice similarity coefficient is performed to check how similar they are,0,0,,,,2344.0,0,0,0,0.0,0.0,0.0,0,0,1
K201012,510(k),2020-05-01,2020,"EPIQ Diagnostic Ultrasound System Series, Affiniti Diagnostic Ultrasound System Series, CX50 Diagnostic Ultrasound System, Sparq Diagnostic Ultrasound System, Lumify Diagnostic Ultrasound System","Philips Ultrasound, Inc.",Koninklijke Philips N.V.,SEC:PHG,1,1,Radiology,Radiology,IYN,2,892.1550,2020-04-17,14,N,6.428,0.0,0.0,none,,1,2,2021-08-19,2.0,475.0,475.0,0,2,1,0.0,1.0,1.0,0,0,1
K193351,510(k),2020-04-21,2020,NinesAI,"Nines, Inc.",,,0,0,Radiology,Radiology,QAS,2,892.2080,2019-12-03,140,N,6.456,1.0,1.0,prospective,"Each algorithm was tested in a retrospective performance trial, with the primary endpoints of each trial being the respective sensitivity and specificity",0,0,,,,2358.0,0,0,0,0.0,0.0,0.0,0,0,1
K200755,510(k),2020-04-16,2020,Caption Guidance,Caption Health,GE HealthCare Technologies Inc.,SEC:GEHC,1,1,Radiology,Radiology,QJU,2,892.2100,2020-03-23,24,N,6.47,0.0,0.0,none,non-clinical performance testing results provide evidence in support of the functionality,0,0,,,,2363.0,0,0,0,0.0,0.0,0.0,0,0,1
K192167,510(k),2020-04-13,2020,CuraRad-ICH,CuraCloud Corp.,,,0,0,Radiology,Radiology,QAS,2,892.2080,2019-08-09,248,N,6.478,1.0,1.0,prospective,ICH detection sensitivity was 90.6%... and specificity was 93.1%,0,0,,,,2366.0,0,0,0,0.0,0.0,0.0,0,0,1
K193282,510(k),2020-04-10,2020,SIGNA Premier,"GE Healthcare (GE Medical Systems, LLC)",GE HealthCare Technologies Inc.,SEC:GEHC,1,1,Radiology,Radiology,LNH,2,892.1000,2019-11-27,135,N,6.486,1.0,0.0,none,Radiologists were asked to perform blinded reads of both AIR Recon DL images and images without AI Recon DL...radiologists preferred the AIR Recon DL images,1,7,2021-06-04,2.0,420.0,420.0,0,3,1,0.0,3.0,0.0,0,0,1
K193300,510(k),2020-04-08,2020,AIMI-Triage CXR PTX,"RADLogics, Inc.",,,0,0,Radiology,Radiology,QFM,2,892.2080,2019-11-27,133,N,6.491,1.0,1.0,retrospective,the device was able to demonstrate an area under the curve (AUC) of 96.7%...The sensitivity and specificity of the device was 92%...and 90%,0,0,,,,2371.0,0,0,0,0.0,0.0,0.0,0,0,1
K193087,510(k),2020-03-31,2020,Rapid ICH,iSchemaView Incorporated,,,0,0,Radiology,Radiology,QAS,2,892.2080,2019-11-06,146,N,6.513,1.0,1.0,retrospective,"Sensitivity and specificity exceeded the 80% performance goal. Specifically, sensitivity was observed to be Se: 0.899",0,0,,,,2379.0,0,2,1,0.0,1.0,1.0,0,0,1
K193518,510(k),2020-03-26,2020,KOSMOS,"EchoNous, Inc.",,,0,0,Radiology,Radiology,IYN,2,892.1550,2019-12-19,98,N,6.527,0.0,0.0,none,An assessment of clinical performance data for KOSMOS was not required to support a determination of substantial equivalence.,0,0,,,,2384.0,0,0,0,0.0,0.0,0.0,0,0,1
K192732,510(k),2020-03-26,2020,BodyGuardian Remote Monitoring System,"Preventice Technologies, Inc.",,,0,0,Cardiovascular,Cardiovascular,DSI,2,870.1025,2019-09-27,181,N,6.527,0.0,0.0,none,there was no clinical testing required to support the medical device,0,0,,,,2384.0,0,0,0,0.0,0.0,0.0,0,0,1
K192437,510(k),2020-03-25,2020,Arterys MICA,Arterys Inc.,Tempus AI Inc.,SEC:TEM,1,1,Radiology,Radiology,QIH,2,892.2050,2019-09-06,201,N,6.53,0.0,0.0,none,Hundreds of software verification and validation tests were repeatedly conducted throughout the software development effort,0,0,,,,2385.0,0,0,0,0.0,0.0,0.0,0,0,1
K192854,510(k),2020-03-25,2020,MammoScreen,Therapixel,,,0,0,Radiology,Radiology,QDQ,2,892.2090,2019-10-04,173,N,6.53,1.0,1.0,prospective,average AUC going from 0.77 to 0.8 (difference = 0.028; P = 0.035),0,0,,,,2385.0,0,0,0,0.0,0.0,0.0,0,0,1
K193281,510(k),2020-03-20,2020,Hepatic VCAR,GE Medical Systems SCS,GE HealthCare Technologies Inc.,SEC:GEHC,1,1,Radiology,Radiology,JAK,2,892.1750,2019-11-27,114,N,6.543,1.0,0.0,none,A representative set of clinical sample images was assessed by 3 board certified radiologists using 5-point Likert scale,0,0,,,,2390.0,0,0,0,0.0,0.0,0.0,0,0,1
K200036,510(k),2020-03-20,2020,AI-ECG Tracker,"Shenzhen Carewell Electronics Co., Ltd.",,,0,0,Cardiovascular,Cardiovascular,DPS,2,870.2340,2020-01-08,72,N,6.543,0.0,0.0,none,Bench test were conducted to verify that the subject device met all design specifications,0,0,,,,2390.0,0,0,0,0.0,0.0,0.0,0,0,1
K193658,510(k),2020-03-18,2020,Viz ICH,"Viz.ai, Inc.",,,0,0,Radiology,Radiology,QAS,2,892.2080,2019-12-30,79,N,6.549,1.0,1.0,retrospective,Sensitivity and specificity were 93% (87%-97%) and 90% (84%-94%)...the area under the receiver operating characteristic curve (AUC) was 0.96,0,0,,,,2392.0,0,0,0,0.0,0.0,0.0,0,0,1
K193267,510(k),2020-03-16,2020,Al-Rad Companion (Musculoskeletal),"Siemens Medical Solutions USA, Inc.",Siemens Healthineers AG,XETRA:SHL,1,0,Radiology,Radiology,JAK,2,892.1750,2019-11-26,111,N,6.554,1.0,1.0,retrospective,validated in a retrospective performance study on chest CT data (N=140...) Ground truth annotations were established using manual...measurements performed by four radiologists,0,0,,,,2394.0,0,0,0,0.0,0.0,0.0,0,0,1
K192388,510(k),2020-03-12,2020,SonoVision Ultrasound Imaging System,"Tissue Differentiation Intelligence, LLC",,,0,0,Radiology,Radiology,IYN,2,892.1550,2019-09-03,191,N,6.565,0.0,0.0,none,In vivo testing was conducted to demonstrate performance of the device in human applications.,0,0,,,,2398.0,0,0,0,0.0,0.0,0.0,0,0,1
K193216,510(k),2020-03-09,2020,syngo.CT Lung CAD,"Siemens Medical Solutions, Inc",Siemens Healthineers AG,XETRA:SHL,1,0,Radiology,Radiology,OEB,2,892.2050,2019-11-21,109,N,6.574,1.0,1.0,retrospective,the standalone sensitivity of syngo.CT Lung CAD VC30 is superior to that of syngo.CT Lung CAD VC20 (predicate) and the false positive rate improved,0,0,,,,2401.0,0,0,0,0.0,0.0,0.0,0,0,1
K192574,510(k),2020-03-09,2020,"Vantage Galan 3T, MRT-3020, V6.0 with AiCE Reconstruction Processing Unit for MR",Canon Medical Systems Corporation,Canon Inc.,SEC:CAJPY,1,1,Radiology,Radiology,LNH,2,892.1000,2019-09-19,172,N,6.574,1.0,1.0,prospective,a Human Observer study was conducted with 6 physicians and 160 images that demonstrated a statistical preference of AiCE,0,0,,,,2401.0,0,0,0,0.0,0.0,0.0,0,0,1
K193229,510(k),2020-03-05,2020,Transpara,ScreenPoint Medical B.V.,,,0,0,Radiology,Radiology,QDQ,2,892.2090,2019-11-22,104,N,6.585,1.0,1.0,prospective,"the average AUC increasing from 0.833 to 0.863 (P = 0.0025), while reading time was significantly reduced and superior sensitivity was obtained",0,0,,,,2405.0,0,0,0,0.0,0.0,0.0,0,0,1
K191550,510(k),2020-03-04,2020,Broncholab,Fluidda Inc.,,,0,0,Radiology,Radiology,JAK,2,892.1750,2019-06-12,266,N,6.587,1.0,1.0,retrospective,ICC estimate (95% CI) for comparison of the fissure integrity measurements... was found to be 0.75,0,0,,,,2406.0,0,0,0,0.0,0.0,0.0,0,0,1
K192962,510(k),2020-02-28,2020,icobrain-ctp,Icometrix NV,,,0,0,Radiology,Radiology,LLZ,2,892.2050,2019-10-22,129,N,6.601,1.0,1.0,retrospective,The device was tested on a dataset of clinical CTP scans. The subjects upon whom the software was tested include stroke patients.,0,0,,,,2411.0,0,0,0,0.0,0.0,0.0,0,0,1
K191556,510(k),2020-02-28,2020,Red Dot,Behold.AI Technologies Limited,,,0,0,Radiology,Radiology,QFM,2,892.2080,2019-06-12,261,N,6.601,1.0,1.0,prospective,AUROC: 0.975... Sensitivity: 94.65%... Specificity: 87.95%,0,0,,,,2411.0,0,0,0,0.0,0.0,0.0,0,0,1
K191928,510(k),2020-02-28,2020,AccuContour,Xiamen Manteia Technology LTD.,,,0,0,Radiology,Radiology,QKB,2,892.2050,2019-07-19,224,N,6.601,1.0,1.0,retrospective,the DSC of proposed device was non-inferiority compared with that of the predicate device,0,0,,,,2411.0,0,0,0,0.0,0.0,0.0,0,0,1
K192832,510(k),2020-02-21,2020,Aquilion Prime SP (TSX-303B8) V10.2 with AiCE-i,Canon Medical Systems Corporation,Canon Inc.,SEC:CAJPY,1,1,Radiology,Radiology,JAK,2,892.1750,2019-10-02,142,N,6.62,0.0,1.0,prospective,reviewed by an American Board Certified Radiologist... it was confirmed that the AiCE reconstructed images were of diagnostic quality,1,1,2020-11-09,2.0,262.0,262.0,0,0,0,0.0,0.0,0.0,0,0,1
K192973,510(k),2020-02-19,2020,densitas densityai,"Densitas, Inc.",,,0,0,Radiology,Radiology,LLZ,2,892.2050,2019-10-24,118,N,6.626,1.0,1.0,retrospective,Densitas results were compared to a consensus assessment of four expert radiologists' independent readings of overall breast composition on a large dataset,0,0,,,,2420.0,0,0,0,0.0,0.0,0.0,0,0,1
K193248,510(k),2020-02-14,2020,"Biograph Vision, Biograph mCT Family of PET/CTs","Siemens Medical Solutions USA, Inc",Siemens Healthineers AG,XETRA:SHL,1,0,Radiology,Radiology,KPS,2,892.1200,2019-11-25,81,N,6.639,0.0,1.0,retrospective,PET Testing in accordance with NEMA NU2-2018 was conducted on two different configurations of the Biograph Vision systems,1,1,2023-01-16,2.0,1067.0,1067.0,0,0,0,0.0,0.0,0.0,0,0,1
K192828,510(k),2020-02-13,2020,Aquilion ONE (TSX-306A/3) V10.0 with Spectral Imaging System,Canon Medical Systems Corporation,Canon Inc.,SEC:CAJPY,1,1,Radiology,Radiology,JAK,2,892.1750,2019-10-02,134,N,6.642,0.0,1.0,retrospective,reviewed by an American Board Certified Radiologist... confirmed that the images were of diagnostic quality,0,0,,,,2426.0,0,0,0,0.0,0.0,0.0,0,0,1
K193178,510(k),2020-02-12,2020,Biograph Horizon,"Siemens Medical Solution USA, Inc.",Siemens Healthineers AG,XETRA:SHL,1,0,Radiology,Radiology,KPS,2,892.1200,2019-11-18,86,N,6.645,0.0,1.0,retrospective,PET Testing in accordance with NEMA NU2-2018 was conducted on two different configurations of the Biograph Horizon systems,1,1,2023-01-16,2.0,1069.0,1069.0,0,0,0,0.0,0.0,0.0,0,0,1
K192377,510(k),2020-02-10,2020,"Ethos Treatment Management, Ethos Treatment Planning, Ethos Radiotherapy System, Halcyon","Varian Medical Systems, Inc.",Siemens Healthineers AG,XETRA:SHL,1,0,Radiology,Radiology,IYE,2,892.5050,2019-08-30,164,N,6.65,0.0,0.0,none,No animal studies or clinical tests have been included in this pre-market submission.,0,0,,,,2429.0,0,0,0,0.0,0.0,0.0,0,0,1
DEN190040,De Novo,2020-02-07,2020,Caption Guidance,"Bay Labs, Inc.",,,0,0,Radiology,Radiology,QJU,2,892.2100,2019-08-27,164,N,6.658,1.0,1.0,prospective,eight (8) RNs acquired echocardiographic exams of sufficient image quality ... 98.8%,0,0,,,,2432.0,0,0,0,0.0,0.0,0.0,0,0,1
K193109,510(k),2020-01-24,2020,MRCAT brain,Philips Medical Systems MR Finland,Koninklijke Philips N.V.,SEC:PHG,1,1,Radiology,Radiology,MUJ,2,892.5050,2019-11-08,77,N,6.697,0.0,1.0,retrospective,demonstrated with non-clinical performance (verification and validation) tests...The results of these tests demonstrate that MRCAT brain met the acceptance criteria,0,0,,,,2446.0,0,0,0,0.0,0.0,0.0,0,0,1
K192415,510(k),2020-01-17,2020,Study Watch with Irregular Pulse Monitor,Verily Life Sciences LLC,Alphabet Inc.,SEC:GOOGL,1,1,Cardiovascular,Cardiovascular,DXH,2,870.2920,2019-09-04,135,N,6.716,1.0,1.0,retrospective,per-interval sensitivity 0.85 (0.79-0.90) and specificity 0.96 (0.93-0.99),0,0,,,,2453.0,0,0,0,0.0,0.0,0.0,0,0,1
K192956,510(k),2020-01-16,2020,Auto Positioning,"GE Hangwei Medical Systems, Co., Ltd.",,,0,0,Radiology,Radiology,JAK,2,892.1750,2019-10-21,87,N,6.719,,0.0,none,,0,0,,,,2454.0,0,0,0,0.0,0.0,0.0,0,0,0
K191125,510(k),2020-01-15,2020,ADAS 3D,Galgo Medical S.L,,,0,0,Radiology,Radiology,LLZ,2,892.2050,2019-04-29,261,N,6.721,0.0,0.0,none,It was tested and validated with synthetic and phantom data.,0,0,,,,2455.0,0,0,0,0.0,0.0,0.0,0,0,1
K192004,510(k),2020-01-15,2020,Eko Analysis Software,Eko Devices Inc,,,0,0,Cardiovascular,Cardiovascular,MWI,2,870.2300,2019-07-26,173,N,6.721,1.0,1.0,retrospective,Sensitivity and specificity measured in the classifiable ECGs were 100% and 96.2%,0,0,,,,2455.0,0,0,0,0.0,0.0,0.0,0,0,1
K183089,510(k),2020-01-02,2020,Air Next,NuvoAir AB,,,0,0,Anesthesiology,Other,BZG,2,868.1840,2018-11-06,422,N,6.757,0.0,0.0,none,Clinical testing was not performed with this device.,0,0,,,,2468.0,0,0,0,0.0,0.0,0.0,0,0,1
K192383,510(k),2019-12-20,2019,BriefCase,"Aidoc Medical, Ltd.",,,0,0,Radiology,Radiology,QAS,2,892.2080,2019-08-30,112,N,6.793,1.0,1.0,retrospective,"Sensitivity was 88.8% (95% CI: 81.9%, 93.8%) and specificity was 87.2%",0,0,,,,2481.0,0,0,0,0.0,0.0,0.0,0,0,1
K191647,510(k),2019-12-20,2019,QLAB Advanced Quantification Software,Philips Healthcare,Koninklijke Philips N.V.,SEC:PHG,1,1,Radiology,Radiology,QIH,2,892.2050,2019-06-20,183,N,6.793,1.0,1.0,retrospective,3D Auto RV software generates RV end diastolic volume error rates below 15% for every data set tested,0,0,,,,2481.0,0,0,0,0.0,0.0,0.0,0,0,1
K192763,510(k),2019-12-17,2019,syngo.CT CaScoring,"Siemens Medical Solutions USA, Inc.",Siemens Healthineers AG,XETRA:SHL,1,0,Radiology,Radiology,JAK,2,892.1750,2019-09-30,78,N,6.801,0.0,0.0,none,a bench test has been conducted to show it performs as intended... An adequate overall accuracy of the prediction of the calcium risk category was found,0,0,,,,2484.0,0,0,0,0.0,0.0,0.0,0,0,1
K192531,510(k),2019-12-13,2019,QyScore Software,Qynapse,,,0,0,Radiology,Radiology,LLZ,2,892.2050,2019-09-16,88,N,6.812,1.0,1.0,retrospective,The Dice coefficients exceed 85% on whole brain regions... mean absolute volume difference is 3.34mL,0,0,,,,2488.0,0,0,0,0.0,0.0,0.0,0,0,1
K193170,510(k),2019-12-13,2019,Deep Learning Image Reconstruction,GE Healthcare Japan Corporation,GE HealthCare Technologies Inc.,SEC:GEHC,1,1,Radiology,Radiology,JAK,2,892.1750,2019-11-15,28,N,6.812,1.0,1.0,prospective,Each image was read by 3 different radiologists who provided an assessment of image quality related to diagnostic use according to a 5-point Likert Scale,0,0,,,,2488.0,0,0,0,0.0,0.0,0.0,0,0,1
K192130,510(k),2019-12-13,2019,Icobrain,Icometrix NV,,,0,0,Radiology,Radiology,LLZ,2,892.2050,2019-08-07,128,N,6.812,0.0,1.0,retrospective,,0,0,,,,2488.0,0,0,0,0.0,0.0,0.0,0,0,1
K192571,510(k),2019-12-11,2019,NemoScan,Software Nemotec S.L.,,,0,0,Radiology,Radiology,LLZ,2,892.2050,2019-09-18,84,N,6.817,,0.0,none,,0,0,,,,2490.0,0,0,0,0.0,0.0,0.0,0,0,0
K192287,510(k),2019-12-10,2019,Transpara,Screenpoint Medical B.V.,,,0,0,Radiology,Radiology,QDQ,2,892.2090,2019-08-22,110,N,6.82,0.0,1.0,prospective,A pivotal reader study was conducted with the predicate device Transpara 1.3.0.,0,0,,,,2491.0,0,0,0,0.0,0.0,0.0,0,0,1
K192442,510(k),2019-12-09,2019,FFRangio,CathWorks Ltd,,,0,0,Cardiovascular,Cardiovascular,QEK,2,870.1415,2019-09-06,94,N,6.823,0.0,1.0,retrospective,No clinical testing was necessary to support the device modifications described in this Special 510(k).,0,0,,,,2492.0,0,0,0,0.0,0.0,0.0,0,0,1
K192279,510(k),2019-12-07,2019,PhantomMSK Trauma,OrthoGrid Systems Inc.,,,0,0,Radiology,Radiology,LLZ,2,892.2050,2019-08-22,107,N,6.828,0.0,0.0,none,Verification and validation testing were done at the code and system level according to written test protocols,0,0,,,,2494.0,0,0,0,0.0,0.0,0.0,0,0,1
K192945,510(k),2019-11-27,2019,7D Surgical System Cranial Biopsy and Ventricular Catheter Placement Application,7D Surgical Inc.,,,0,0,Neurology,Neurology,HAW,2,882.4560,2019-10-18,40,N,6.856,0.0,1.0,retrospective,A clinical trial was not required to demonstrate safety and effectiveness of the 7D Surgical System Cranial Biopsy and Ventricular Catheter Placement Application.,0,0,,,,2504.0,0,0,0,0.0,0.0,0.0,0,0,1
K192320,510(k),2019-11-26,2019,HealthCXR,"Zebra Medical Vision, Ltd.",Nano-X Imaging Ltd.,SEC:NNOX,1,1,Radiology,Radiology,QFM,2,892.2080,2019-08-26,92,N,6.858,1.0,1.0,retrospective,area under the curve (AUC) of 0.9885... sensitivity of 96.74%... specificity of 93.17%,0,0,,,,2505.0,0,0,0,0.0,0.0,0.0,0,0,1
K190529,510(k),2019-11-25,2019,SOZO,ImpediMed Limited,ImpediMed Ltd.,ASX:IPD,1,0,Cardiovascular,Cardiovascular,QJB,2,870.2770,2019-03-04,266,N,6.861,0.0,0.0,none,using a test fixture to create multiple fixed impedance loads representing different ‘humans’,0,0,,,,2506.0,0,0,0,0.0,0.0,0.0,0,0,1
K191278,510(k),2019-11-19,2019,RSI-MRI+,MultiModal Imaging Services Corporation (dba HealthLytix),,,0,0,Radiology,Radiology,LLZ,2,892.2050,2019-05-13,190,N,6.877,1.0,1.0,retrospective,Measurement validation was performed on clinically acquired images and shows that RSI-MRI+ is safe and effective,0,0,,,,2512.0,0,0,0,0.0,0.0,0.0,0,0,1
K191171,510(k),2019-11-13,2019,EchoGo Core,Ultromics Ltd,,,0,0,Radiology,Radiology,QIH,2,892.2050,2019-05-01,196,N,6.894,1.0,1.0,prospective,"primary endpoint was met (results: 5.02%, 2.89%, 8.0 ml and 11.1 ml RMSE)",0,0,,,,2518.0,0,0,0,0.0,0.0,0.0,0,0,1
K191026,510(k),2019-11-07,2019,MEDIP PRO,"MEDICALIP Co., Ltd",,,0,0,Radiology,Radiology,LLZ,2,892.2050,2019-04-18,203,N,6.91,0.0,0.0,none,No clinical studies were considered necessary and performed.,0,0,,,,2524.0,0,0,0,0.0,0.0,0.0,0,0,1
K190868,510(k),2019-11-05,2019,Cleerly Labs,Cleerly Inc,,,0,0,Radiology,Radiology,LLZ,2,892.2050,2019-04-03,216,N,6.916,1.0,1.0,retrospective,Pearson Correlation Coefficients and Bland-Altman Agreements between Cleerly Labs and expert reader results is reported,0,0,,,,2526.0,0,0,0,0.0,0.0,0.0,0,0,1
K192109,510(k),2019-11-05,2019,KOALA,IB Lab GmbH,,,0,0,Radiology,Radiology,LLZ,2,892.2050,2019-08-05,92,N,6.916,1.0,1.0,retrospective,"Kellgren-Lawrence status Sensitivity 0.87 (0.84, 0.9) Specificity 0.83 (0.8, 0.86)",0,0,,,,2526.0,0,0,0,0.0,0.0,0.0,0,0,1
K190013,510(k),2019-11-04,2019,WellDoc BlueStar,"WellDoc, Inc.",,,0,0,General Hospital,Other,MRZ,2,880.5725,2019-01-03,305,N,6.919,0.0,0.0,none,Clinical Tests Not Applicable.,0,0,,,,2527.0,0,0,0,0.0,0.0,0.0,0,0,1
K190334,510(k),2019-11-01,2019,MIMOSA Imager,MIMOSA Diagnostics Inc,,,0,0,Cardiovascular,Cardiovascular,MUD,2,870.2700,2019-02-14,260,N,6.927,1.0,0.0,none,the 95% confidence interval of the line of best fit narrowly constrains the slope of the line between 0.998 and 1.02,0,0,,,,2530.0,0,0,0,0.0,0.0,0.0,0,0,1
K190898,510(k),2019-11-01,2019,Sight OLO,Sight Diagnostics Ltd.,,,0,0,Hematology,Other,GKZ,2,864.5220,2019-04-05,210,N,6.927,1.0,1.0,retrospective,using a total of 679 residual clinical K EDTA whole blood samples that were collected from,1,4,2021-03-17,2.0,502.0,502.0,0,0,0,0.0,0.0,0.0,0,0,1
K183274,510(k),2019-10-18,2019,"RTHawk, HeartVista Cardiac Package","HeartVista, Inc.",,,0,0,Radiology,Radiology,LNH,2,892.1000,2018-11-23,329,N,6.965,0.0,0.0,none,Design controls quality assurance measures during the development of RTHawk include,0,0,,,,2544.0,0,0,0,0.0,0.0,0.0,0,0,1
K192455,510(k),2019-10-17,2019,Merge PACS,Merge Healthcare Incorporated,,,0,0,Radiology,Radiology,LLZ,2,892.2050,2019-09-09,38,N,6.968,0.0,0.0,none,did not require clinical studies to support substantial equivalence,1,3,2020-08-06,2.0,294.0,294.0,0,11,1,0.0,1.0,10.0,0,0,1
K191493,510(k),2019-10-16,2019,Ventripoint Medical System Plus (VMS+) 3.0,"Ventripoint Diagnostics, Ltd.",Ventripoint Diagnostics Ltd.,TSXV:VPT,1,0,Radiology,Radiology,LLZ,2,892.2050,2019-06-05,133,N,6.971,0.0,0.0,none,No clinical tests were conducted to support substantial equivalence for the subject device.,0,0,,,,2546.0,0,0,0,0.0,0.0,0.0,0,0,1
K191994,510(k),2019-10-04,2019,ProFound AI Software V2.1,iCAD Inc.,RadNet Inc.,SEC:RDNT,1,1,Radiology,Radiology,QDQ,2,892.2090,2019-07-26,70,N,7.003,1.0,1.0,retrospective,"Case-Level Sensitivity, Lesion-Level Sensitivity, FP Rate in Non-Cancer Cases, and Specificity met design specifications",0,0,,,,2558.0,0,0,0,0.0,0.0,0.0,0,0,1
K191713,510(k),2019-10-04,2019,CS-series-FP Radiographic / Fluoroscopic Systems with Optional CA-100S / FluoroShield (ROI Assembly),"Omega Medical Imaging, LLC",,,0,0,Radiology,Radiology,JAA,2,892.1650,2019-06-26,100,N,7.003,1.0,1.0,prospective,unnecessary radiation can be reduced up to 61.8% in patients and 59.4% to the staff,0,0,,,,2558.0,0,0,0,0.0,0.0,0.0,0,0,1
K192065,510(k),2019-09-18,2019,Syngo.Via RT Image Suite,"Siemens Medical Solutions USA, Inc.",Siemens Healthineers AG,XETRA:SHL,1,0,Radiology,Radiology,MUJ,2,892.5050,2019-08-01,48,N,7.047,1.0,1.0,retrospective,The mean DICE coefficient ranged between 0.85 (for Prostate and Rectum) and 0.97 (for Heart),1,2,2020-06-24,2.0,280.0,280.0,0,1,1,0.0,0.0,1.0,0,0,1
K191688,510(k),2019-09-16,2019,SubtleMR,"Subtle Medical, Inc.",,,0,0,Radiology,Radiology,LLZ,2,892.2050,2019-06-24,84,N,7.053,1.0,1.0,retrospective,signal-to-noise ratio (SNR)... improved by greater than or equal to 5%... This test passed,0,0,,,,2576.0,0,0,0,0.0,0.0,0.0,0,0,1
K192304,510(k),2019-09-13,2019,SIS Software Version 3.6.0,"Surgical Information Sciences, Inc.",,,0,0,Radiology,Radiology,LLZ,2,892.2050,2019-08-23,21,N,7.061,1.0,0.0,none,"The error was within the acceptance criteria, and was comparable to that for SIS Software version 3.3.0",0,0,,,,2579.0,0,0,0,0.0,0.0,0.0,0,0,1
K190815,510(k),2019-09-11,2019,BrainScope TBI,"BrainScope Company, Inc.",,,0,0,Neurology,Neurology,PIW,2,882.1450,2019-03-29,166,N,7.066,1.0,1.0,retrospective,"sensitivity of 0.8599 with 95% confidence limits of (0.8050, 0.9041) and specificity of 0.7078 with 95% confidence limits of (0.6588, 0.7535)",0,0,,,,2581.0,0,0,0,0.0,0.0,0.0,0,0,1
K183370,510(k),2019-09-11,2019,PeraMobile and PeraWatch,"PeraHealth, Inc.",,,0,0,Cardiovascular,Cardiovascular,MWI,2,870.2300,2018-12-04,281,N,7.066,0.0,0.0,none,the algorithm testing provided in the predicate submission (K172979) is relevant to this submission,0,0,,,,2581.0,0,0,0,0.0,0.0,0.0,0,0,1
K183268,510(k),2019-09-10,2019,AI-Rad Companion (Cardiovascular),"Siemens Medical Solutions USA, Inc.",Siemens Healthineers AG,XETRA:SHL,1,0,Radiology,Radiology,JAK,2,892.1750,2018-11-23,291,N,7.069,1.0,1.0,retrospective,logarithmic correlation coefficient of total coronary calcium volume between subject and predicate device was 0.96 (N=381),0,0,,,,2582.0,0,3,1,0.0,0.0,3.0,0,0,1
K191179,510(k),2019-09-04,2019,Myo Plus,Otto Bock Healthcare Products GmbH,,,0,0,Neurology,Neurology,GXY,2,882.1320,2019-05-02,125,N,7.086,0.0,0.0,none,Myo Plus passed all the safety and performance testing in accordance with internal requirements,0,0,,,,2588.0,0,0,0,0.0,0.0,0.0,0,0,1
K183489,510(k),2019-08-29,2019,D2P,"3D Systems, Inc.",3D SYSTEMS CORP,SEC:DDD,1,1,Radiology,Radiology,LLZ,2,892.2050,2018-12-17,255,N,7.102,0.0,0.0,none,"A measurement accuracy and calculation 3D study, usability study, and decimation study were performed",0,0,,,,2594.0,0,0,0,0.0,0.0,0.0,0,0,1
K192107,510(k),2019-08-29,2019,Clarius Ultrasound Scanner,Clarius Mobile Health Corp.,,,0,0,Radiology,Radiology,IYN,2,892.1550,2019-08-05,24,Y,7.102,0.0,0.0,none,The Clarius Ultrasound Scanner did not require clinical testing to establish substantial equivalence.,0,0,,,,2594.0,0,0,0,0.0,0.0,0.0,0,0,1
K190593,510(k),2019-08-23,2019,"Zio XT ECG Monitoring System, Zio AT ECG Monitoring System","iRhythm Technologies, Inc.",iRhythm Holdings Inc.,SEC:IRTC,1,1,Cardiovascular,Cardiovascular,DQK,2,870.1425,2019-03-07,169,N,7.118,0.0,0.0,none,No clinical testing was performed in support of this premarket notification.,0,0,,,,2600.0,0,0,0,0.0,0.0,0.0,0,0,1
K190925,510(k),2019-08-15,2019,HeartFlow FFRct Analysis,"HeartFlow, Inc.","Heartflow, Inc.",SEC:HTFL,1,1,Cardiovascular,Cardiovascular,PJA,2,870.1415,2019-04-09,128,N,7.14,0.0,0.0,none,No additional pre-clinical or clinical data is being provided with this submission.,0,0,,,,2608.0,0,0,0,0.0,0.0,0.0,0,0,1
K183282,510(k),2019-08-15,2019,Biovitals Analytics Engine,Biofourmis Singapore Pte. Ltd,,,0,0,Cardiovascular,Cardiovascular,PLB,2,870.2300,2018-11-26,262,N,7.14,1.0,1.0,retrospective,lower bound of the 95% confidence interval of the positive percent agreement (PPA) greater than 0.7,0,0,,,,2608.0,0,0,0,0.0,0.0,0.0,0,0,1
K183182,510(k),2019-08-12,2019,Critical Care Suite,"GE Medical Systems, LLC.",GE HealthCare Technologies Inc.,SEC:GEHC,1,1,Radiology,Radiology,QFM,2,892.2080,2018-11-19,266,N,7.149,1.0,1.0,retrospective,The algorithm ROC AUC meets the performance requirement of FDA product code QFM (AUC>95%): AUC=96%,0,0,,,,2611.0,0,0,0,0.0,0.0,0.0,0,0,1
K191262,510(k),2019-08-05,2019,aBSI,EXINI Diagnostics AB,Lantheus Holdings Inc.,SEC:LNTH,1,1,Radiology,Radiology,LLZ,2,892.2050,2019-05-10,87,N,7.168,1.0,1.0,prospective,Automated BSI was significantly associated with OS (HR:1.20; 95%CI:1.14-1.26; P<0.001),0,0,,,,2618.0,0,0,0,0.0,0.0,0.0,0,0,1
K191183,510(k),2019-07-31,2019,EyeBOX,"Oculogica, Inc.",,,0,0,Neurology,Neurology,QEA,2,882.1455,2019-05-02,90,N,7.181,0.0,0.0,none,,0,0,,,,2623.0,0,0,0,0.0,0.0,0.0,0,0,1
K182384,510(k),2019-07-26,2019,ACR  LAB Urine Analysis Test System,Healthy.io Ltd,,,0,0,Clinical Chemistry,Other,JFY,2,862.1225,2018-08-31,329,N,7.195,1.0,0.0,none,The overall agreement (% exact match) between the ACR | LAB Urine Analysis Test System and the predicate device was 89% for albumin,0,0,,,,2628.0,0,0,0,0.0,0.0,0.0,0,0,1
K183271,510(k),2019-07-26,2019,AI-Rad Companion (Pulmonary),"Siemens Medical Solutions USA, Inc.",Siemens Healthineers AG,XETRA:SHL,1,0,Radiology,Radiology,JAK,2,892.1750,2018-11-23,245,N,7.195,1.0,1.0,retrospective,The average DICE coefficients for the individual lung lobes ranged between 0.95 and 0.98,0,0,,,,2628.0,0,0,0,0.0,0.0,0.0,0,0,1
K182798,510(k),2019-07-19,2019,KIDScore D3,Vitrolife A/S,,,0,0,Obstetrics and Gynecology,Other,PBH,2,884.6195,2018-10-02,290,N,7.214,1.0,1.0,prospective,"The study showed that both the KIDScore D3 and the Eeva system were predictive of blastocyst outcome, with odds ratios greater than one for both systems",0,0,,,,2635.0,0,0,0,0.0,0.0,0.0,0,0,1
K191370,510(k),2019-07-18,2019,DreaMed Advisor Pro,DreaMed Diabetes Ltd,,,0,0,Clinical Chemistry,Other,QCC,2,862.1358,2019-05-22,57,N,7.217,1.0,1.0,retrospective,recommendations of the DreaMed Advisor Pro were significantly as good as the recommendations of expert,0,0,,,,2636.0,0,0,0,0.0,0.0,0.0,0,0,1
K191585,510(k),2019-07-12,2019,iNtuition-Structural Heart Module,TeraRecon Inc.,,,0,0,Radiology,Radiology,LLZ,2,892.2050,2019-06-14,28,N,7.233,0.0,0.0,none,iNtuition-Structural Heart Module did not require clinical studies to demonstrate its safety and effectiveness.,0,0,,,,2642.0,0,0,0,0.0,0.0,0.0,0,0,1
K183322,510(k),2019-07-10,2019,physIQ Heart Rhythm and Respiratory Module,"physIQ, Inc",,,0,0,Cardiovascular,Cardiovascular,DPS,2,870.2340,2018-11-30,222,N,7.239,1.0,0.0,none,The respiration rate algorithm met its corresponding acceptance criteria and performed comparably to the predicate device,0,0,,,,2644.0,0,0,0,0.0,0.0,0.0,0,0,1
K182875,510(k),2019-07-10,2019,DeepCT,Deep01 Limited,,,0,0,Radiology,Radiology,QAS,2,892.2080,2018-10-12,271,N,7.239,1.0,1.0,retrospective,sensitivity was observed to be 93.8% (95% CI: 88.3%-96.8%) and specificity was observed to be 92.3% (95% CI: 86.4%-95.7%),0,0,,,,2644.0,0,0,0,0.0,0.0,0.0,0,0,1
K191384,510(k),2019-07-08,2019,RayCare 2.3,RaySearch Laboratories AB (publ),RaySearch Laboratories AB,STO:RAY-B,1,0,Radiology,Radiology,MUJ,2,892.5050,2019-05-23,46,N,7.244,0.0,0.0,none,successful verification and validation of RayCare 2.3 therefore support the substantial equivalence,0,0,,,,2646.0,0,0,0,0.0,0.0,0.0,0,0,1
K182901,510(k),2019-07-05,2019,Aquilion Precision (TSX-304A/1 and /2) V8.8 with AiCE,Canon Medical Systems Corporation,Canon Inc.,SEC:CAJPY,1,1,Radiology,Radiology,JAK,2,892.1750,2018-10-16,262,N,7.253,0.0,0.0,none,confirmed that the AiCE reconstructed images were of diagnostic quality,0,0,,,,2649.0,0,0,0,0.0,0.0,0.0,0,0,1
K190442,510(k),2019-07-03,2019,Koios DS for Breast,"Koios Medical, Inc.",,,0,0,Radiology,Radiology,POK,2,892.2060,2019-02-25,128,N,7.258,1.0,1.0,prospective,a randomized set of 900 patient cases presented with USE + DS and USE Alone in two reading periods,0,0,,,,2651.0,0,0,0,0.0,0.0,0.0,0,0,1
K190017,510(k),2019-06-27,2019,LiverMultiScan (LMSv3),Perspectum Diagnostics Ltd,,,0,0,Radiology,Radiology,LNH,2,892.1000,2019-01-03,175,N,7.274,1.0,0.0,none,performance testing using in-vivo volunteer data was conducted to assess the precision of LMSv3,0,0,,,,2657.0,0,0,0,0.0,0.0,0.0,0,0,1
K191194,510(k),2019-06-25,2019,CLARUS,"Carl Zeiss Meditec, Inc",,,0,0,Ophthalmic,Other,QER,2,886.1120,2019-05-03,53,N,7.28,1.0,1.0,prospective,17/20 (85%)... 19/20 (95%)... clinically useful Fluorescein Angiography images,0,0,,,,2659.0,0,0,0,0.0,0.0,0.0,0,0,1
K190387,510(k),2019-06-19,2019,RayStation,RaySearch Laboratories AB (publ),RaySearch Laboratories AB,STO:RAY-B,1,0,Radiology,Radiology,MUJ,2,892.5050,2019-02-19,120,N,7.296,0.0,0.0,none,successful verification and validation of RayStation 8.1 therefore support the substantial equivalence,1,11,2019-11-18,2.0,152.0,152.0,0,11,1,0.0,3.0,8.0,0,0,1
K183460,510(k),2019-06-13,2019,ClariCT.AI,ClariPI Inc.,,,0,0,Radiology,Radiology,LLZ,2,892.2050,2018-12-13,182,N,7.313,1.0,0.0,none,A variety of clinical processed data: Paired datasets of low and high doses for the same patients,0,0,,,,2671.0,0,0,0,0.0,0.0,0.0,0,0,1
K190424,510(k),2019-06-13,2019,HealthICH,Zebra Medical Vision Ltd.,Nano-X Imaging Ltd.,SEC:NNOX,1,1,Radiology,Radiology,QAS,2,892.2080,2019-02-22,111,N,7.313,1.0,1.0,retrospective,HealthICH sensitivity and specificity of 94.47% (95% CI: 90.32-97.21%) and 92.54% (95% CI: 88.33-95.60%),0,0,,,,2671.0,0,0,0,0.0,0.0,0.0,0,0,1
K183046,510(k),2019-06-12,2019,Aquilion ONE (TSX-305A/6) V8.9 with AiCE,Canon Medical Systems Corporation,Canon Inc.,SEC:CAJPY,1,1,Radiology,Radiology,JAK,2,892.1750,2018-11-02,222,N,7.316,0.0,1.0,prospective,confirmed that the AiCE reconstructed images were of diagnostic quality,0,0,,,,2672.0,0,0,0,0.0,0.0,0.0,0,0,1
K190896,510(k),2019-05-31,2019,BriefCase,"Aidoc Medical, Ltd.",,,0,0,Radiology,Radiology,QAS,2,892.2080,2019-04-05,56,N,7.348,1.0,1.0,retrospective,"sensitivity was 91.7% (95% CI: 82.7%, 96.9%) and specificity was 88.6% (95% CI: 81.2%, 93.8%)",0,0,,,,2684.0,0,0,0,0.0,0.0,0.0,0,0,1
K191083,510(k),2019-05-24,2019,COMPLETE CONTROL System Gen2,"Coapt, LLC",,,0,0,Neurology,Neurology,GXY,2,882.1320,2019-04-24,30,N,7.368,0.0,0.0,none,No human clinical testing was required to support the medical device,0,0,,,,2691.0,0,0,0,0.0,0.0,0.0,0,0,1
K183646,510(k),2019-05-21,2019,"Acumen Hypotension Prediction Index  EV1000 Clinical Platform, Acumen Hypotension Prediction Index  HemoSphere Advanced Monitoring Platform, Acumen Hypotension Prediction Index  HemoSphere Advanced Monitoring Platform - Pressure","Edwards Lifeciences, LLC",,,0,0,Cardiovascular,Cardiovascular,QAQ,2,870.2210,2018-12-26,146,N,7.376,,0.0,none,,0,0,,,,2694.0,0,12,1,0.0,0.0,12.0,0,0,0
K183648,510(k),2019-05-15,2019,APAS Independence with Urine Analysis Module,Clever Culture Systems AG,,,0,0,Microbiology,Other,PPU,2,866.2190,2018-12-26,140,N,7.392,1.0,0.0,none,A confirmatory Method Comparison Study between the APAS Independence and APAS Compact was performed using 350 leftover clinical urine samples,0,0,,,,2700.0,0,0,0,0.0,0.0,0.0,0,0,1
K190764,510(k),2019-05-13,2019,SurgicalAR,"MEDIVIS, Inc.",,,0,0,Radiology,Radiology,LLZ,2,892.2050,2019-03-25,49,N,7.398,0.0,0.0,none,Human factors and usability engineering testing was performed to assess user interactions,0,0,,,,2702.0,0,0,0,0.0,0.0,0.0,0,0,1
K190362,510(k),2019-05-06,2019,HealthPNX,Zebra Medical Vision  Ltd.,Nano-X Imaging Ltd.,SEC:NNOX,1,1,Radiology,Radiology,QFM,2,892.2080,2019-02-15,80,N,7.417,1.0,1.0,retrospective,"the HealthPNX was able to demonstrate an area under the curve (AUC) of 98.3% (95% CI: [97.40%, 99.02%])",0,0,,,,2709.0,0,0,0,0.0,0.0,0.0,0,0,1
K182513,510(k),2019-04-22,2019,FluChip-8G Influenza A+B Assay,"InDevR, Inc.",,,0,0,Microbiology,Other,OZE,2,866.3980,2018-09-12,222,N,7.455,,0.0,none,,0,0,,,,2723.0,0,0,0,0.0,0.0,0.0,0,0,0
K183593,510(k),2019-04-18,2019,Lung Vision System,Body Vision Medical Ltd.,,,0,0,Radiology,Radiology,LLZ,2,892.2050,2018-12-21,118,N,7.466,,,not_available,,0,0,,,,2727.0,0,4,1,0.0,0.0,4.0,0,0,0
K181988,510(k),2019-04-17,2019,eMurmur ID,CSD Labs GmbH,,,0,0,Cardiovascular,Cardiovascular,DQD,2,870.1875,2018-07-25,266,N,7.469,1.0,0.0,none,Sensitivity (95% CI) 85.0% (72.9%-92.5%),0,0,,,,2728.0,0,0,0,0.0,0.0,0.0,0,0,1
K190072,510(k),2019-04-15,2019,BriefCase,"Aidoc Medical, Ltd.",,,0,0,Radiology,Radiology,QAS,2,892.2080,2019-01-15,90,N,7.474,1.0,1.0,retrospective,Sensitivity was 93.0% (95% CI: 90.2%-95.1%). Specificity was 93.7% (95% CI: 92.7%-94.6%).,0,0,,,,2730.0,0,0,0,0.0,0.0,0.0,0,0,1
K183202,510(k),2019-04-12,2019,Deep Learning Image Reconstruction,"GE Medical Systems, LLC.",GE HealthCare Technologies Inc.,SEC:GEHC,1,1,Radiology,Radiology,JAK,2,892.1750,2018-11-19,144,N,7.483,1.0,1.0,prospective,provided an assessment of image quality related to diagnostic use according to a 5-point Likert Scale,0,0,,,,2733.0,0,0,0,0.0,0.0,0.0,0,0,1
K183204,510(k),2019-04-08,2019,Bone VCAR (BVCAR),GE Medical Systems SCS,GE HealthCare Technologies Inc.,SEC:GEHC,1,1,Radiology,Radiology,JAK,2,892.1750,2018-11-19,140,N,7.493,,0.0,none,,0,0,,,,2737.0,0,0,0,0.0,0.0,0.0,0,0,0
K181352,510(k),2019-03-29,2019,Loop System,"Spry Health, Inc.",,,0,0,Cardiovascular,Cardiovascular,DQA,2,870.2700,2018-05-22,311,N,7.521,1.0,0.0,none,accuracy of respiration rate monitoring in 12 healthy adult subjects...shown to be equivalent to a gold standard,0,0,,,,2747.0,0,0,0,0.0,0.0,0.0,0,0,1
K183019,510(k),2019-03-19,2019,SIS Software version 3.3.0,"Surgical Information Sciences, Inc.",,,0,0,Radiology,Radiology,LLZ,2,892.2050,2018-10-31,139,N,7.548,1.0,1.0,retrospective,A set of 68 STNs (from 34 subjects) were scanned with both clinical MRI (1.5T and 3T) and High Field (7T) MRI,0,0,,,,2757.0,0,0,0,0.0,0.0,0.0,0,0,1
K181823,510(k),2019-03-11,2019,KardiaAI,"AliveCor, Inc.",,,0,0,Cardiovascular,Cardiovascular,DQK,2,870.1425,2018-07-09,245,N,7.57,1.0,0.0,none,Algorithm performance testing was assessed using ECG databases from the ANSI/AAMI EC57:2012 standard as well as AliveCor proprietary databases,0,0,,,,2765.0,0,0,0,0.0,0.0,0.0,0,0,1
K183285,510(k),2019-03-08,2019,cmTriage,"CureMetrix, Inc",,,0,0,Radiology,Radiology,QFM,2,892.2080,2018-11-26,102,N,7.578,1.0,1.0,retrospective,Overall cmTriage was able to demonstrate an area under the curve (AUC) of 0.951,0,0,,,,2768.0,0,0,0,0.0,0.0,0.0,0,0,1
K182344,510(k),2019-03-07,2019,RhythmAnalytics,Biofourmis Singapore Pte. Ltd.,,,0,0,Cardiovascular,Cardiovascular,DQK,2,870.1425,2018-08-28,191,N,7.581,1.0,0.0,none,"Performance testing included the evaluation of sensitivity, specificity, and positive and negative predictive values",0,0,,,,2769.0,0,1,1,1.0,0.0,0.0,0,0,1
K183704,510(k),2019-02-16,2019,RX-1 Rhythm Express Remote Cardiac Monitoring System,VivaQuant Inc.,,,0,0,Cardiovascular,Cardiovascular,DXH,2,870.2920,2018-12-31,47,Y,7.633,0.0,0.0,none,Bench test results verify that RX-1 Monitor system can continuously record ECG signal,0,0,,,,2788.0,0,0,0,0.0,0.0,0.0,0,0,1
K181916,510(k),2019-02-04,2019,d-Nav System,"Hygieia, Inc",,,0,0,Anesthesiology,Other,NDC,2,868.1890,2018-07-17,202,N,7.666,0.0,0.0,none,Human factors testing was performed on the d-Nav System,0,0,,,,2800.0,0,0,0,0.0,0.0,0.0,0,0,1
K183272,510(k),2019-02-01,2019,AI Rad Companion (Engine),"Siemens Medical Solutions USA, Inc.",Siemens Healthineers AG,XETRA:SHL,1,0,Radiology,Radiology,LLZ,2,892.2050,2018-11-23,70,N,7.674,0.0,0.0,none,"Bench testing in the form of Unit, Subsystem and System Integration testing were performed",0,0,,,,2803.0,0,0,0,0.0,0.0,0.0,0,0,1
K183231,510(k),2019-01-18,2019,SIGNA Premier,"GE Medical Systems, LLC",GE HealthCare Technologies Inc.,SEC:GEHC,1,1,Radiology,Radiology,LNH,2,892.1000,2018-11-20,59,N,7.713,0.0,0.0,none,the MR System maintains the same imaging performance results as its predicate device,1,7,2021-06-04,2.0,868.0,868.0,0,0,0,0.0,0.0,0.0,0,0,1
K182456,510(k),2019-01-17,2019,Study Watch,Verily Life Sciences LLC,Alphabet Inc.,SEC:GOOGL,1,1,Cardiovascular,Cardiovascular,DXH,2,870.2920,2018-09-07,132,N,7.715,,0.0,none,,0,0,,,,2818.0,0,0,0,0.0,0.0,0.0,0,0,0
K183133,510(k),2019-01-09,2019,MRCP+ v1.0,Perspectum Diagnostics Ltd,,,0,0,Radiology,Radiology,LLZ,2,892.2050,2018-11-13,57,N,7.737,1.0,1.0,retrospective,The precision of MRCP+v1 was assessed using in-vivo data acquired from volunteers,0,0,,,,2826.0,0,2,1,0.0,0.0,2.0,0,0,1
K180867,510(k),2018-12-28,2018,AmCAD-UO,AmCad BioMed Corporation,,,0,0,Radiology,Radiology,LLZ,2,892.2050,2018-04-02,270,N,7.77,,0.0,none,,0,0,,,,2838.0,0,0,0,0.0,0.0,0.0,0,0,0
DEN170091,De Novo,2018-12-28,2018,EyeBOX,"Oculogica, Inc.",,,0,0,Neurology,Neurology,QEA,2,882.1455,2017-12-22,371,N,7.77,1.0,1.0,prospective,"resulting in a measured sensitivity of 80.4% (66.1%, 91.9%)",0,0,,,,2838.0,0,0,0,0.0,0.0,0.0,0,0,1
K182564,510(k),2018-12-27,2018,Quantib ND,Quantib BV,RadNet Inc.,SEC:RDNT,1,1,Radiology,Radiology,LLZ,2,892.2050,2018-09-18,100,N,7.773,1.0,1.0,retrospective,compared to manual segmentations of the same scan and their derived volumes,0,0,,,,2839.0,0,0,0,0.0,0.0,0.0,0,0,1
K182130,510(k),2018-12-27,2018,iSchemaView RAPID,"iSchemaView, Inc.",,,0,0,Radiology,Radiology,LLZ,2,892.2050,2018-08-06,143,N,7.773,0.0,1.0,retrospective,The RAPID System performance has been validated through the use of phantoms.,0,0,,,,2839.0,0,0,0,0.0,0.0,0.0,0,0,1
K183012,510(k),2018-12-21,2018,vascuCAP,Elucid Bioimaging Inc.,,,0,0,Radiology,Radiology,LLZ,2,892.2050,2018-10-31,51,N,7.789,1.0,1.0,retrospective,compared to expert annotation by board certified pathologists of histopathologic specimens,0,0,,,,2845.0,0,0,0,0.0,0.0,0.0,0,0,1
K181861,510(k),2018-12-20,2018,Embrace,Empatica Srl,,,0,0,Neurology,Neurology,POS,2,882.1580,2018-07-12,161,N,7.792,1.0,1.0,prospective,the Positive percent agreement (PPA) was found to be 0.9815 (53 out of 54 GTCSs detected),1,1,2023-07-13,2.0,1666.0,1666.0,0,0,0,0.0,0.0,0.0,0,0,1
K182149,510(k),2018-12-19,2018,FFRangio System,CathWorks Ltd,,,0,0,Cardiovascular,Cardiovascular,QEK,2,870.1415,2018-08-08,133,N,7.795,1.0,1.0,prospective,"demonstrated sensitivity, specificity, and diagnostic accuracy for FFR to be 88%, 95% and 93%, respectively",0,0,,,,2847.0,0,0,0,0.0,0.0,0.0,0,0,1
K182790,510(k),2018-12-14,2018,Cardio-TriTest v6.5,Cardio-Phoenix Inc.,,,0,0,Cardiovascular,Cardiovascular,DPS,2,870.2340,2018-10-01,74,N,7.808,0.0,0.0,none,"Final testing for the device included various performance tests, including software validation",0,0,,,,2852.0,0,0,0,0.0,0.0,0.0,0,0,1
K182419,510(k),2018-12-14,2018,Centricity Universal Viewer,GE Healthcare,GE HealthCare Technologies Inc.,SEC:GEHC,1,1,Radiology,Radiology,LLZ,2,892.2050,2018-09-05,100,N,7.808,0.0,0.0,none,System verification testing of system level requirements was performed using the recommended hardware platform,1,8,2019-05-16,2.0,153.0,153.0,0,0,0,0.0,0.0,0.0,0,0,1
K182035,510(k),2018-12-06,2018,FFRct,"HeartFlow, Inc","Heartflow, Inc.",SEC:HTFL,1,1,Cardiovascular,Cardiovascular,PJA,2,870.1415,2018-07-30,129,N,7.83,0.0,0.0,none,No additional pre‐clinical or clinical data is being provided with this submission.,0,0,,,,2860.0,0,0,0,0.0,0.0,0.0,0,0,1
K182373,510(k),2018-12-06,2018,PowerLook Tomo Detection V2 Software,iCAD Inc.,RadNet Inc.,SEC:RDNT,1,1,Radiology,Radiology,QDQ,2,892.2090,2018-08-31,97,N,7.83,1.0,1.0,prospective,"Radiologists had superior per-subject average area under the receiver operating characteristic curve (AUC) with CAD, 0.852, versus without CAD, 0.795",0,0,,,,2860.0,0,0,0,0.0,0.0,0.0,0,0,1
K173749,510(k),2018-12-06,2018,AMRA Profiler,AMRA Medical AB,,,0,0,Radiology,Radiology,LNH,2,892.1000,2017-12-08,363,N,7.83,,0.0,none,,0,0,,,,2860.0,0,0,0,0.0,0.0,0.0,0,0,0
K182218,510(k),2018-11-30,2018,FerriSmart Analysis System,Resonance Health Analysis Services Pty Ltd,Resonance Health Ltd.,ASX:RHT,1,0,Radiology,Radiology,PCS,2,892.1001,2018-08-15,107,N,7.847,1.0,1.0,retrospective,Most of the sensitivities and specificities are above 90%,0,0,,,,2866.0,0,0,0,0.0,0.0,0.0,0,0,1
K182336,510(k),2018-11-30,2018,SubtlePET,"Subtle Medical, Inc.",,,0,0,Radiology,Radiology,KPS,2,892.1200,2018-08-28,94,N,7.847,1.0,0.0,none,The study showed a significant average increase in quantitative metrics for all cases demonstrating that the software reduced noise in PET scans,0,0,,,,2866.0,0,0,0,0.0,0.0,0.0,0,0,1
K182181,510(k),2018-11-29,2018,Persyst 14 EEG Review and Analysis Software,Persyst Development Corporation,,,0,0,Neurology,Neurology,OMB,2,882.1400,2018-08-13,108,N,7.849,,0.0,none,,0,0,,,,2867.0,0,0,0,0.0,0.0,0.0,0,0,0
K181704,510(k),2018-11-21,2018,Transpara,ScreenPoint Medical BV,,,0,0,Radiology,Radiology,QDQ,2,892.2090,2018-06-27,147,N,7.871,1.0,1.0,prospective,the average AUC increasing from 0.866 to 0.886,0,0,,,,2875.0,0,0,0,0.0,0.0,0.0,0,0,1
K181247,510(k),2018-11-20,2018,Vitrea CT Brain Perfusion,"Vital Images, Inc.",,,0,0,Radiology,Radiology,LLZ,2,892.2050,2018-05-10,194,N,7.874,0.0,0.0,none,physicians evaluated if the Brain Perfusion with Bayesian algorithm...was substantially equivalent,0,0,,,,2876.0,0,0,0,0.0,0.0,0.0,0,0,1
K180432,510(k),2018-11-19,2018,AI-ECG Platform,"Shenzhen Carewell Electronics., Ltd",,,0,0,Cardiovascular,Cardiovascular,DQK,2,870.1425,2018-02-20,272,N,7.877,0.0,0.0,none,Bench test were conducted to verify that the subject device met all design specifications,0,0,,,,2877.0,0,0,0,0.0,0.0,0.0,0,0,1
K180343,510(k),2018-11-16,2018,"LensHooke X1 Pro Semen Quality Analyzer, LensHooke X1 Semen Quality Analyzer","Bonraybio Co., Ltd.",,,0,0,Hematology,Other,POV,2,864.5220,2018-02-07,282,N,7.885,1.0,1.0,retrospective,study results demonstrate that the layperson user accuracy and ease of use,0,0,,,,2880.0,0,0,0,0.0,0.0,0.0,0,0,1
K181939,510(k),2018-11-06,2018,icobrain,icometrix NV,,,0,0,Radiology,Radiology,LLZ,2,892.2050,2018-07-19,110,N,7.912,1.0,1.0,retrospective,the Pearson correlation coefficient between the compared measurements was 0.95,0,0,,,,2890.0,0,0,0,0.0,0.0,0.0,0,0,1
K181288,510(k),2018-11-05,2018,Athelas One,Athelas Inc.,,,0,0,Hematology,Other,GKZ,2,864.5220,2018-05-16,173,N,7.915,1.0,1.0,retrospective,method comparison studies were performed...on a total of 312 patient samples,0,0,,,,2891.0,0,0,0,0.0,0.0,0.0,0,0,1
K182616,510(k),2018-11-02,2018,"NvisionVLE Imaging System, NvisionVLE Optical Probe, NvisionVLE Inflation System","NinePoint Medical, Inc.",,,0,0,Radiology,Radiology,NQQ,2,892.1560,2018-09-21,42,N,7.923,1.0,1.0,prospective,Data used for testing was obtained from a sequestered subset (~40%) of the 1000-patient 18-site NvisionVLE Clinical Registry study,0,0,,,,2894.0,0,2,1,0.0,2.0,0.0,0,0,1
K182177,510(k),2018-10-26,2018,Accipiolx,MaxQ-Al Ltd.,,,0,0,Radiology,Radiology,QAS,2,892.2080,2018-08-10,77,N,7.943,1.0,1.0,retrospective,system sensitivity and specificity of 92% (95% CI: 87.29-95.68%) and 86% (95% CI: 80.18-90.81%),0,0,,,,2901.0,0,0,0,0.0,0.0,0.0,0,0,1
K181685,510(k),2018-10-25,2018,"Vivid E80, Vivid E90, Vivid E95","GE Medical Systems Ultrasound and Primary Care Diagnostics,",GE HealthCare Technologies Inc.,SEC:GEHC,1,1,Radiology,Radiology,IYN,2,892.1550,2018-06-26,121,N,7.945,0.0,0.0,none,did not require clinical studies to support substantial equivalence,0,0,,,,2902.0,0,3,1,1.0,0.0,2.0,0,0,1
K182034,510(k),2018-10-17,2018,Arterys MICA,Arterys Inc.,Tempus AI Inc.,SEC:TEM,1,1,Radiology,Radiology,LLZ,2,892.2050,2018-07-30,79,N,7.967,0.0,0.0,none,through software verification and validation testing,0,0,,,,2910.0,0,0,0,0.0,0.0,0.0,0,0,1
K181892,510(k),2018-10-09,2018,Ziostation2,"Ziosoft, Inc.",,,0,0,Radiology,Radiology,LLZ,2,892.2050,2018-07-13,88,N,7.989,0.0,0.0,none,successfully completed integration testing/verification testing prior to validation,0,0,,,,2918.0,0,0,0,0.0,0.0,0.0,0,0,1
K182112,510(k),2018-10-05,2018,Sense System with IBT Electrodes,"Infinite Biomedical Technologies, LLC",,,0,0,Neurology,Neurology,GXY,2,882.1320,2018-08-06,60,N,8.0,0.0,0.0,none,Software V&V and Design V&V Passed Internal Testing Regimen,0,0,,,,2922.0,0,0,0,0.0,0.0,0.0,0,0,1
K181771,510(k),2018-09-28,2018,RightEye Vision System,"RightEye, LLC",,,0,0,Neurology,Neurology,GWN,2,882.1460,2018-07-03,87,N,8.019,0.0,0.0,none,"Validation testing, including test-retest reliability and accuracy, has confirmed the performance",0,0,,,,2929.0,0,0,0,0.0,0.0,0.0,0,0,1
K173872,510(k),2018-09-28,2018,FibriCheck,Qompium nv,,,0,0,Cardiovascular,Cardiovascular,DXH,2,870.2920,2017-12-20,282,N,8.019,1.0,1.0,retrospective,sensitivity/specificity/positive predictive value/negative predictive value and accuracy for FibriCheck of 95.60%/96.55%,0,0,,,,2929.0,0,0,0,0.0,0.0,0.0,0,0,1
K182310,510(k),2018-09-21,2018,Volpara Imaging Software,Volpara Health Technologies Limited,,,0,0,Radiology,Radiology,LLZ,2,892.2050,2018-08-24,28,N,8.038,0.0,0.0,none,Software testing included both unit level and integrated system level testing.,0,0,,,,2936.0,0,0,0,0.0,0.0,0.0,0,0,1
K181502,510(k),2018-08-29,2018,"Zio AT ECG Monitoring System, ZEUS System","iRhythm Technologies, Inc.",iRhythm Holdings Inc.,SEC:IRTC,1,1,Cardiovascular,Cardiovascular,DQK,2,870.1425,2018-06-07,83,N,8.101,0.0,0.0,none,nonclinical verification and performance test results established that the device meets its design requirements,0,0,,,,2959.0,0,1,1,0.0,0.0,1.0,0,0,1
DEN170090,De Novo,2018-08-23,2018,MATRx plus,Zephyr Sleep Technologies,,,0,0,Dental,Other,QCJ,2,872.5571,2017-12-21,245,N,8.118,1.0,1.0,prospective,Sensitivity 94.2 0.86 1.00 Specificity 75.0 0.40 1.00,0,0,,,,2965.0,0,0,0,0.0,0.0,0.0,0,0,1
K180647,510(k),2018-08-01,2018,BriefCase,"Aidoc Medical, Ltd.",,,0,0,Radiology,Radiology,QAS,2,892.2080,2018-03-12,142,N,8.178,1.0,1.0,retrospective,sensitivity was observed to be 93.6%... and specificity was observed to be 92.3%,0,0,,,,2987.0,0,0,0,0.0,0.0,0.0,0,0,1
K173444,510(k),2018-07-23,2018,Quantitative Total Extensible Imaging (QTxI),"AIQ Solutions, Inc.",,,0,0,Radiology,Radiology,LLZ,2,892.2050,2017-11-06,259,N,8.203,0.0,0.0,none,simulated clinical performance tests have been performed,0,0,,,,2996.0,0,0,0,0.0,0.0,0.0,0,0,1
K173327,510(k),2018-07-18,2018,DIP/U.S. Urine Analysis Test System,Healthy.io Ltd,,,0,0,Clinical Chemistry,Other,JIL,2,862.1340,2017-10-20,271,N,8.216,1.0,1.0,prospective,enrolled 429 subjects and collected 500 total samples,0,0,,,,3001.0,0,0,0,0.0,0.0,0.0,0,0,1
K181574,510(k),2018-07-10,2018,Uscan,"EchoNous, Inc.",,,0,0,Radiology,Radiology,IYO,2,892.1560,2018-06-15,25,Y,8.238,0.0,0.0,none,The Uscan has been bench tested for imaging performance and measurement accuracy,0,0,,,,3009.0,0,1,1,0.0,0.0,1.0,0,0,1
K181572,510(k),2018-07-10,2018,Workflow Box,Mirada Medical Ltd.,,,0,0,Radiology,Radiology,QKB,2,892.2050,2018-06-14,26,Y,8.238,0.0,0.0,none,"performance, functional and algorithmic testing",0,0,,,,3009.0,0,0,0,0.0,0.0,0.0,0,0,1
K180038,510(k),2018-06-29,2018,NuVasive Pulse System,"NuVasive, Incorporated",,,0,0,Neurology,Neurology,OLO,2,882.4560,2018-01-05,175,N,8.268,0.0,0.0,none,Cadaver validation for 2D and 3D navigation for pedicle screw,0,0,,,,3020.0,0,7,1,0.0,1.0,6.0,0,0,1
K173574,510(k),2018-06-26,2018,DenSeeMammo,Statlife,,,0,0,Radiology,Radiology,LLZ,2,892.2050,2017-11-20,218,N,8.277,1.0,0.0,none,software results were compared to visual assessment from MQSA-qualified radiologists,0,0,,,,3023.0,0,0,0,0.0,0.0,0.0,0,0,1
K173780,510(k),2018-06-14,2018,EchoMD Automated Ejection Fraction Software,"Bay Labs, Inc.",,,0,0,Radiology,Radiology,LLZ,2,892.2050,2017-12-12,184,N,8.309,1.0,1.0,prospective,"primary endpoint was met (results: 8.290% RMSD, p-value 0.00052)",0,0,,,,3035.0,0,0,0,0.0,0.0,0.0,0,0,1
K172983,510(k),2018-06-13,2018,HealthCCS,Zebra Medical Vision Ltd.,Nano-X Imaging Ltd.,SEC:NNOX,1,1,Radiology,Radiology,JAK,2,892.1750,2017-09-27,259,N,8.312,1.0,1.0,retrospective,"Adequate overall agreement of 0.89 (95% CI: [0.85, 0.92])",0,0,,,,3036.0,0,0,0,0.0,0.0,0.0,0,0,1
DEN170043,De Novo,2018-06-12,2018,DreaMed Advisor Pro,"DreaMed Diabetes, Ltd.",,,0,0,Clinical Chemistry,Other,QCC,2,862.1358,2017-08-17,299,N,8.315,1.0,1.0,retrospective,percentage of CGM time within the sensor glucose range of 70-180 mg/dL was increased during the intervention,0,0,,,,3037.0,0,0,0,0.0,0.0,0.0,0,0,1
K173821,510(k),2018-06-05,2018,LungQ Software,Thirona Corporation,,,0,0,Radiology,Radiology,JAK,2,892.1750,2017-12-18,169,N,8.334,1.0,1.0,retrospective,"average Az of LungQ 1.1.0 was 0.95, compared to a statistically significantly lower average Az value of 0.76",0,0,,,,3044.0,0,0,0,0.0,0.0,0.0,0,0,1
K180163,510(k),2018-05-25,2018,TransEnterix Senhance Surgical System,"TransEnterix, Inc.",,,0,0,Gastroenterology-Urology,Other,NAY,2,876.1500,2018-01-19,126,N,8.364,1.0,1.0,retrospective,data has been collected on 76 inguinal hernia repair procedures and 40 cholecystectomy procedures,0,0,,,,3055.0,0,0,0,0.0,0.0,0.0,0,0,1
DEN180005,De Novo,2018-05-24,2018,OsteoDetect,"Imagen Technologies, Inc.",,,0,0,Radiology,Radiology,QBS,2,892.2090,2018-02-05,108,N,8.367,1.0,1.0,prospective,"AUC of the ROC is 0.965 (95% confidence interval: 0.953, 0.976)",0,0,,,,3056.0,0,0,0,0.0,0.0,0.0,0,0,1
K180799,510(k),2018-05-14,2018,Clarius Ultrasound Scanner,Clarius Mobile Health Corp.,,,0,0,Radiology,Radiology,IYN,2,892.1550,2018-03-27,48,Y,8.394,0.0,0.0,none,did not require clinical testing to establish substantial equivalence,0,0,,,,3066.0,0,0,0,0.0,0.0,0.0,0,0,1
K173810,510(k),2018-05-14,2018,Ventripoint Medical System Plus (VMS+),"Ventripoint Diagnostics, Ltd.",Ventripoint Diagnostics Ltd.,TSXV:VPT,1,0,Radiology,Radiology,IYN,2,892.1550,2017-12-15,150,N,8.394,0.0,0.0,none,did not require clinical studies to support the determination of substantial equivalence,0,0,,,,3066.0,0,0,0,0.0,0.0,0.0,0,0,1
K180599,510(k),2018-05-02,2018,Venue,"GE Medical Systems Ultrasound and Primary Care Diagnostics,",GE HealthCare Technologies Inc.,SEC:GEHC,1,1,Radiology,Radiology,IYN,2,892.1550,2018-03-07,56,N,8.427,0.0,0.0,none,did not require clinical studies to support substantial equivalence,0,0,,,,3078.0,0,3,1,0.0,0.0,3.0,0,0,1
K172959,510(k),2018-05-01,2018,PeraServer and PeraTrend,"PeraHealth, Inc.",,,0,0,Cardiovascular,Cardiovascular,MWI,2,870.2300,2017-09-26,217,N,8.43,1.0,1.0,retrospective,demonstrate that the performance of the PeraServer and PeraTrend System is equivalent to that of the predicate device,0,0,,,,3079.0,0,0,0,0.0,0.0,0.0,0,0,1
K180161,510(k),2018-04-20,2018,Viz CTP,"Viz.ai, Inc.",,,0,0,Radiology,Radiology,LLZ,2,892.2050,2018-01-19,91,N,8.46,0.0,0.0,none,performance testing on a commercially available simulated dataset (digital phantom),0,0,,,,3090.0,0,0,0,0.0,0.0,0.0,0,0,1
K180126,510(k),2018-04-16,2018,SOZO,ImpediMed Limited,ImpediMed Ltd.,ASX:IPD,1,0,Cardiovascular,Cardiovascular,OBH,2,870.2770,2018-01-16,90,N,8.471,0.0,0.0,none,studies have identified the applicability of ImpediMed's BIS technology...by demonstrating strong correlation,1,1,2023-08-17,2.0,1949.0,1949.0,0,0,0,0.0,0.0,0.0,0,0,1
DEN180001,De Novo,2018-04-11,2018,IDx-DR,"IDx, LLC",,,0,0,Ophthalmic,Other,PIB,2,886.1100,2018-01-12,89,N,8.485,1.0,1.0,prospective,"observed sensitivity for mtmDR 87.4%, with observed specificity of 89.5%",0,0,,,,3099.0,0,0,0,0.0,0.0,0.0,0,0,1
K180589,510(k),2018-04-05,2018,DR 800 with MUSICA Dynamic,Agfa HealthCare N.V.,,,0,0,Radiology,Radiology,JAA,2,892.1650,2018-03-06,30,N,8.501,0.0,0.0,none,No clinical trials were performed in the development of the device.,1,3,2019-06-27,2.0,448.0,448.0,0,0,0,0.0,0.0,0.0,0,0,1
DEN160044,De Novo,2018-03-16,2018,Acumen Hypotension Prediction Index (HPI) Feature Software,Edwards Lifesciences LLC,Edwards Lifesciences Corp,SEC:EW,1,1,Cardiovascular,Cardiovascular,QAQ,2,870.2210,2016-09-26,536,N,8.556,1.0,1.0,prospective,"The sensitivity, specificity, and area under the receiver operating characteristic for the first database were 83.7%, 99.8%, and 0.95 respectively",0,0,,,,3125.0,0,0,0,0.0,0.0,0.0,0,0,1
K173839,510(k),2018-03-15,2018,Tissue of Origin Test Kit-FFPE,"Cancer Genetics, Inc.",,,0,0,Clinical Toxcicology,Other,OIW,2,862.3100,2017-12-18,87,N,8.559,,1.0,retrospective,,0,0,,,,3126.0,0,0,0,0.0,0.0,0.0,0,0,0
K173939,510(k),2018-03-09,2018,Quantib Brain,Quantib BV,RadNet Inc.,SEC:RDNT,1,1,Radiology,Radiology,LLZ,2,892.2050,2017-12-26,73,N,8.575,1.0,1.0,retrospective,Dice index 0.78 ± 0.05... 0.84 ± 0.02... 0.86 ± 0.02,0,0,,,,3132.0,0,0,0,0.0,0.0,0.0,0,0,1
K173605,510(k),2018-03-08,2018,iQMR,Medic Vision - Imaging Solutions Ltd,,,0,0,Radiology,Radiology,LLZ,2,892.2050,2017-11-21,107,N,8.578,0.0,0.0,none,Clinical tests were not conducted.,0,0,,,,3133.0,0,0,0,0.0,0.0,0.0,0,0,1
K170540,510(k),2018-02-23,2018,DM-Density,"Densitas, Inc.",,,0,0,Radiology,Radiology,LLZ,2,892.2050,2017-02-23,365,N,8.613,1.0,1.0,retrospective,Validation testing relied on expert radiologist visual assessments of mammography density,0,0,,,,3146.0,0,0,0,0.0,0.0,0.0,0,0,1
DEN170073,De Novo,2018-02-13,2018,ContaCT,"Viz.Al, Inc.",,,0,0,Radiology,Radiology,QAS,2,892.2080,2017-09-29,137,N,8.641,1.0,1.0,prospective,Sensitivity and specificity were 87.8% (95% CI: 81.2% -92.5% and 89.6% 95% CI: 83.7% - 93.9%,0,0,,,,3156.0,0,0,0,0.0,0.0,0.0,0,0,1
K180091,510(k),2018-02-08,2018,UNiD Spine Analyzer,Medicrea International,Medtronic plc,SEC:MDT,1,1,Radiology,Radiology,LLZ,2,892.2050,2018-01-12,27,N,8.654,0.0,0.0,none,Software verification and validation testing was conducted,0,0,,,,3161.0,0,0,0,0.0,0.0,0.0,0,0,1
K173542,510(k),2018-01-25,2018,Arterys Oncology DL,Arterys Inc.,Tempus AI Inc.,SEC:TEM,1,1,Radiology,Radiology,LLZ,2,892.2050,2017-11-16,70,N,8.693,0.0,0.0,none,Non-clinical verification and validation test results established that the device meets its design requirements,0,0,,,,3175.0,0,0,0,0.0,0.0,0.0,0,0,1
K173588,510(k),2018-01-12,2018,Illumeo System,"Philips Medical Systems Technologies, Ltd.",Koninklijke Philips N.V.,SEC:PHG,1,1,Radiology,Radiology,LLZ,2,892.2050,2017-11-20,53,N,8.728,0.0,0.0,none,Illumeo system did not requires clinical studies to support equivalence.,0,0,,,,3188.0,0,0,0,0.0,0.0,0.0,0,0,1
K171122,510(k),2018-01-11,2018,CEREC Ortho Software,Dentsply Sirona,DENTSPLY SIRONA Inc.,SEC:XRAY,1,1,Dental,Other,PNN,2,872.5470,2017-04-17,269,N,8.731,0.0,0.0,none,No human clinical data was included to support substantial equivalence,0,0,,,,3189.0,0,0,0,0.0,0.0,0.0,0,0,1
K171328,510(k),2018-01-08,2018,cNeuro cMRI,Combinostics Oy,,,0,0,Radiology,Radiology,LLZ,2,892.2050,2017-05-05,248,N,8.739,1.0,1.0,retrospective,"the similarity index (or Dice index) were 0.88 for the hippocampus, 0.91 for the thalamus",0,0,,,,3192.0,0,0,0,0.0,0.0,0.0,0,0,1
K171056,510(k),2018-01-04,2018,WAVE Clinical Platform,"Excel Medical Electronics, LLC",,,0,0,Cardiovascular,Cardiovascular,MWI,2,870.2300,2017-04-10,269,N,8.75,0.0,1.0,retrospective,Clinical evidence was not necessary to show substantial equivalence,0,0,,,,3196.0,0,2,1,0.0,0.0,2.0,0,0,1
K173420,510(k),2017-12-27,2017,Radiomics App v1.0,Microsoft Corp.,MICROSOFT CORP,SEC:MSFT,1,1,Radiology,Radiology,LLZ,2,892.2050,2017-11-01,56,N,8.772,0.0,0.0,none,Clinical studies are not necessary to establish the substantial equivalence of this device.,0,0,,,,3204.0,0,0,0,0.0,0.0,0.0,0,0,1
K172507,510(k),2017-12-22,2017,SOZO,ImpediMed Limited,ImpediMed Ltd.,ASX:IPD,1,0,Cardiovascular,Cardiovascular,DSB,2,870.2770,2017-08-18,126,N,8.786,0.0,0.0,none,a SOZO system was compared against a IMED-Z system to verify correlation in outputs,0,0,,,,3209.0,0,0,0,0.0,0.0,0.0,0,0,1
K163694,510(k),2017-11-07,2017,"Rooti Rx ECG Event Recorder, Rooti Link APP Software",Rooti Labs Ltd.,,,0,0,Cardiovascular,Cardiovascular,DRG,2,870.2910,2016-12-28,314,N,8.909,0.0,0.0,none,,0,0,,,,3254.0,0,0,0,0.0,0.0,0.0,0,0,1
K172803,510(k),2017-10-27,2017,Infinitt PACS 7.0,"Infinitt Healthcare Co.,Ltd.",,,0,0,Radiology,Radiology,LLZ,2,892.2050,2017-09-18,39,N,8.939,0.0,0.0,none,,0,0,,,,3265.0,0,0,0,0.0,0.0,0.0,0,0,1
K163623,510(k),2017-10-20,2017,Quantra,"HOLOGIC, INC.",Hologic Inc.,,0,0,Radiology,Radiology,LLZ,2,892.2050,2016-12-22,302,N,8.958,1.0,1.0,retrospective,"tested against an independent data set of 230 studies, for which the 5 radiologists' consensus assessment",0,0,,,,3272.0,0,0,0,0.0,0.0,0.0,0,0,1
K171936,510(k),2017-09-27,2017,Peerbridge Cor(TM) System,Peerbridge Health INc.,,,0,0,Cardiovascular,Cardiovascular,DSH,2,870.2800,2017-06-28,91,Y,9.021,0.0,0.0,none,Clinical testing is not provided in support of this premarket notification,0,0,,,,3295.0,0,0,0,0.0,0.0,0.0,0,0,1
K172356,510(k),2017-09-15,2017,BladderScan Prime PLUS System,Verathon Incorporated,,,0,0,Radiology,Radiology,IYO,2,892.1560,2017-08-03,43,Y,9.054,0.0,0.0,none,did not require clinical studies to support the determination of substantial equivalence,1,1,2020-09-29,2.0,1110.0,1110.0,0,1,1,0.0,1.0,0.0,0,0,1
K172385,510(k),2017-09-14,2017,Clarius Ultrasound System,Clarius Mobile Health Corp.,,,0,0,Radiology,Radiology,IYN,2,892.1550,2017-08-08,37,Y,9.057,0.0,0.0,none,did not require clinical testing to establish substantial equivalence,0,0,,,,3308.0,0,0,0,0.0,0.0,0.0,0,0,1
K170981,510(k),2017-09-07,2017,NeuroQuant,"CorTechs Labs, Inc",,,0,0,Radiology,Radiology,LLZ,2,892.2050,2017-04-03,157,N,9.076,1.0,1.0,prospective,Dice's coefficients are in the range of 80-90%...for lesion segmentations...Dice's coefficient exceeds 80%,0,0,,,,3315.0,0,0,0,0.0,0.0,0.0,0,0,1
K163339,510(k),2017-08-17,2017,SPECTRALMD DEEPVIEW WOUND IMAGING SYSTEM 2.0,"SPECTRALMD, INC.",,,0,0,Cardiovascular,Cardiovascular,DPT,2,870.2120,2016-11-28,262,N,9.133,0.0,0.0,none,No clinical performance data were needed to support substantial equivalence,0,0,,,,3336.0,0,0,0,0.0,0.0,0.0,0,0,1
K172122,510(k),2017-08-11,2017,SOZO,ImpediMed Limited,ImpediMed Ltd.,ASX:IPD,1,0,Cardiovascular,Cardiovascular,OBH,2,870.2770,2017-07-13,29,N,9.15,0.0,0.0,none,using a test fixture to create multiple fixed impedance loads representing different 'humans',0,0,,,,3342.0,0,0,0,0.0,0.0,0.0,0,0,1
K171315,510(k),2017-08-01,2017,Advanced RBC Application,Cella Vision AB,,,0,0,Hematology,Other,JOY,2,864.5260,2017-05-04,89,N,9.177,1.0,1.0,retrospective,"the overall agreement as well as positive percent agreement (PPA) and negative percent agreement (NPA), fulfilled the acceptance criteria",0,0,,,,3352.0,0,0,0,0.0,0.0,0.0,0,0,1
DEN170022,De Novo,2017-07-19,2017,QuantX,"Quantitative Insights, Inc",,,0,0,Radiology,Radiology,POK,2,892.2060,2017-04-07,103,N,9.213,1.0,1.0,prospective,Overall AUC performance based on the reader study testing database using the automated segmentation without manual input was 0.75,0,0,,,,3365.0,0,0,0,0.0,0.0,0.0,0,0,1
P150046,PMA,2017-06-28,2017,NEVISENSE,SCIBASE AB,,,0,0,General and Plastic Surgery,Other,ONV,2,878.1820,2015-12-07,569,,9.27,1.0,1.0,prospective,Nevisense observed sensitivity was 95.9% ... observed specificity was 31.1%,0,0,,,,3386.0,0,0,0,0.0,0.0,0.0,0,0,1
K170568,510(k),2017-06-26,2017,CardioLogs ECG Analysis Platform,Cardiologs Technologies,,,0,0,Cardiovascular,Cardiovascular,DPS,2,870.2340,2017-02-27,119,N,9.276,1.0,0.0,none,All clinical input requirements were validated against a gold standard,0,0,,,,3388.0,0,0,0,0.0,0.0,0.0,0,0,1
K170747,510(k),2017-06-09,2017,syngo Application Software,"Siemens Medical Solutions, USA, Inc.",Siemens Healthineers AG,XETRA:SHL,1,0,Radiology,Radiology,LLZ,2,892.2050,2017-03-10,91,N,9.322,0.0,0.0,none,28 phantom test data sets,0,0,,,,3405.0,0,0,0,0.0,0.0,0.0,0,0,1
K170250,510(k),2017-06-07,2017,SmartTarget,"SmartTarget, Ltd.",,,0,0,Radiology,Radiology,LLZ,2,892.2050,2017-01-27,131,Y,9.328,0.0,0.0,none,Test phantoms incorporating synthetic prostates were used to verify the accuracy,1,1,2025-12-23,2.0,3121.0,3121.0,0,0,0,0.0,0.0,0.0,0,0,1
K170172,510(k),2017-05-24,2017,UNiD Spine Analyzer,MEDICREA INTERNATIONAL,Medtronic plc,SEC:MDT,1,1,Radiology,Radiology,LLZ,2,892.2050,2017-01-19,125,N,9.366,0.0,0.0,none,random lines and angles have been drawn and measured by two different tools,0,0,,,,3421.0,0,0,0,0.0,0.0,0.0,0,0,1
K163622,510(k),2017-05-11,2017,Lung Vision,BODY VISION MEDICAL LTD.,,,0,0,Radiology,Radiology,LLZ,2,892.2050,2016-12-22,140,N,9.402,0.0,0.0,none,No clinical testing was performed,0,0,,,,3434.0,0,0,0,0.0,0.0,0.0,0,0,1
K163665,510(k),2017-05-05,2017,MATRx plus,Zephyr Sleep Technologies,,,0,0,Anesthesiology,Other,MNR,2,868.2375,2016-12-27,129,N,9.418,1.0,0.0,none,Autoscoring algorithm for ODI was compared with the Snore SAT monitor output...on data from 179 patients,0,0,,,,3440.0,0,0,0,0.0,0.0,0.0,0,0,1
K170069,510(k),2017-04-26,2017,AmCAD-UV,AmCad BioMed Corporation,,,0,0,Radiology,Radiology,LLZ,2,892.2050,2017-01-09,107,N,9.443,0.0,0.0,none,demonstrated that AmCAD-UV can be used to visualize and quantify the primary pulsatile,0,0,,,,3449.0,0,0,0,0.0,0.0,0.0,0,0,1
DEN160026,De Novo,2017-04-06,2017,23andMe Personal Genome Service (PGS) Genetic Health Risk Test for Hereditary Thrombophilia,"23andMe, Inc.",,,0,0,Immunology,Other,PTA,2,866.5950,2016-06-28,282,N,9.498,,1.0,prospective,Comparison with Sanger Bidirectional Sequencing:,0,0,,,,3469.0,0,0,0,0.0,0.0,0.0,0,0,0
P160009,PMA,2017-03-24,2017,PowerLook® Tomo Detection Software,iCAD Inc,RadNet Inc.,SEC:RDNT,1,1,Radiology,Radiology,MYN,2,892.2070,2016-04-05,353,,9.533,1.0,1.0,prospective,Average AUC increased by 0.009 ... from 0.841 without CAD to 0.850 with CAD,0,0,,,,3482.0,0,0,0,0.0,0.0,0.0,0,0,1
K162855,510(k),2017-02-23,2017,Reveal LINQ,"Medtronic, Inc.",Medtronic plc,SEC:MDT,1,1,Cardiovascular,Cardiovascular,MXD,2,870.1025,2016-10-12,134,N,9.613,0.0,0.0,none,"Firmware regression testing, design verification, system verification",1,1,2021-06-01,2.0,1559.0,1559.0,0,0,0,0.0,0.0,0.0,0,0,1
K162830,510(k),2017-02-14,2017,SIS Software,"Surgical Information Sciences, Inc.",,,0,0,Radiology,Radiology,LLZ,2,892.2050,2016-10-07,130,N,9.637,1.0,1.0,retrospective,90% of the center of mass distances and surface distances were below 1.9mm and 0.8mm,0,0,,,,3520.0,0,0,0,0.0,0.0,0.0,0,0,1
K163013,510(k),2017-01-06,2017,Quantib Brain 1.2,Quantib BV,RadNet Inc.,SEC:RDNT,1,1,Radiology,Radiology,LLZ,2,892.2050,2016-10-28,70,N,9.744,1.0,0.0,none,automatic labeling of WMHs was for 99.6% of the WMH volume identical to manual labeling,0,0,,,,3559.0,0,0,0,0.0,0.0,0.0,0,0,1
K163253,510(k),2017-01-05,2017,Arterys Cardio DL,ARTERYS INC.,Tempus AI Inc.,SEC:TEM,1,1,Radiology,Radiology,LLZ,2,892.2050,2016-11-18,48,N,9.747,0.0,0.0,none,,0,0,,,,3560.0,0,0,0,0.0,0.0,0.0,0,0,1
K161959,510(k),2016-12-28,2016,ClearView cCAD,ClearView Diagnostics Inc.,,,0,0,Radiology,Radiology,LLZ,2,892.2050,2016-07-18,163,N,9.769,1.0,1.0,retrospective,achieve overall accuracy that fell within the 95% confidence interval of the radiologist performance,1,1,2019-12-31,2.0,1098.0,1098.0,0,0,0,0.0,0.0,0.0,0,0,1
K161322,510(k),2016-12-07,2016,CT CoPilot,"ZEPMED, LLC.",,,0,0,Radiology,Radiology,LLZ,2,892.2050,2016-05-11,210,N,9.826,0.0,0.0,none,Performance measurement Reproducibility and Accuracy testing Yes,0,0,,,,3589.0,0,0,0,0.0,0.0,0.0,0,0,1
K161834,510(k),2016-11-30,2016,One Drop Blood Glucose Monitoring System,"AgaMatrix, Inc.",,,0,0,Clinical Chemistry,Other,NBW,2,862.1345,2016-07-05,148,N,9.845,0.0,0.0,none,,0,0,,,,3596.0,0,2,1,0.0,2.0,0.0,0,0,1
K163138,510(k),2016-11-30,2016,Clarius Ultrasound System,Clarius Mobile Health Corp.,,,0,0,Radiology,Radiology,IYN,2,892.1550,2016-11-09,21,Y,9.845,0.0,0.0,none,,0,0,,,,3596.0,0,0,0,0.0,0.0,0.0,0,0,1
P150043,PMA,2016-11-09,2016,QVCAD System,"QView Medical, Inc.",,,0,0,Radiology,Radiology,MYN,2,892.2070,2015-11-23,352,,9.903,1.0,1.0,prospective,AUC ABUS+QVCAD 0.7353 ... non-inferior to ... AUC ABUS alone,0,0,,,,3617.0,0,0,0,0.0,0.0,0.0,0,0,1
K160401,510(k),2016-10-19,2016,Tyto Stethoscope,Tyto Care Ltd.,,,0,0,Cardiovascular,Cardiovascular,DQD,2,870.1875,2016-02-12,250,N,9.96,0.0,0.0,none,Test results indicated that the Tyto Stethoscope functions as expected and is as safe and effective,0,0,,,,3638.0,0,0,0,0.0,0.0,0.0,0,0,1
K161068,510(k),2016-09-22,2016,Ahead 300,BRAINSCOPE COMPANY INC,,,0,0,Neurology,Neurology,PIW,2,882.1450,2016-04-15,160,N,10.034,1.0,1.0,retrospective,"co-primary endpoints...successfully exceeded the performance goals, and demonstrated significantly improved performance",0,0,,,,3665.0,0,0,0,0.0,0.0,0.0,0,0,1
K161625,510(k),2016-09-19,2016,PixelShine,ALGOMEDICA,,,0,0,Radiology,Radiology,LLZ,2,892.2050,2016-06-13,98,N,10.042,0.0,0.0,none,PixelShine Verification Testing – Pass,0,0,,,,3668.0,0,0,0,0.0,0.0,0.0,0,0,1
K161201,510(k),2016-09-09,2016,ClearRead CT,"RIVERAIN TECHNOLOGIES, LLC",,,0,0,Radiology,Radiology,OEB,2,892.2050,2016-04-28,134,N,10.07,1.0,1.0,prospective,"ClearRead CT was found to significantly increase the AUC, indicating use of the device is superior",0,0,,,,3678.0,0,0,0,0.0,0.0,0.0,0,0,1
K161772,510(k),2016-08-24,2016,FFRct,"HEARTFLOW, INC.","Heartflow, Inc.",SEC:HTFL,1,1,Cardiovascular,Cardiovascular,PJA,2,870.1415,2016-06-28,57,N,10.114,0.0,1.0,prospective,no additional clinical data is being provided,0,0,,,,3694.0,0,90,1,0.0,3.0,87.0,0,0,1
K161148,510(k),2016-08-09,2016,icobrain,Icometrix,,,0,0,Radiology,Radiology,LLZ,2,892.2050,2016-04-22,109,N,10.155,1.0,1.0,retrospective,the Pearson correlation coefficient between the compared measurements was 0.90,0,0,,,,3709.0,0,0,0,0.0,0.0,0.0,0,0,1
K160338,510(k),2016-08-05,2016,Triton System,GAUSS SURGICAL INC.,,,0,0,General Hospital,Other,PBZ,2,880.2750,2016-02-08,179,N,10.166,0.0,1.0,retrospective,There is no change to the performance data of the product with the device modifications,0,0,,,,3713.0,0,0,0,0.0,0.0,0.0,0,0,1
K161382,510(k),2016-07-28,2016,LVivo Software Application,"DIACARDIO, LTD.",,,0,0,Radiology,Radiology,LLZ,2,892.2050,2016-05-18,71,N,10.188,1.0,1.0,prospective,"correlation coefficient calculated for biplane EF (r=0.88, p<0001)",0,0,,,,3721.0,0,0,0,0.0,0.0,0.0,0,0,1
K160016,510(k),2016-07-15,2016,Steth IO,"STRATOSCIENTIFIC, INC.",,,0,0,Cardiovascular,Cardiovascular,DQD,2,870.1875,2016-01-05,192,N,10.223,0.0,0.0,none,Usability validation has shown that clinicians experience no difficulty in understanding how to use,0,0,,,,3734.0,0,0,0,0.0,0.0,0.0,0,0,1
K160088,510(k),2016-07-07,2016,Cydar EV,Cydar Ltd.,,,0,0,Radiology,Radiology,OWB,2,892.1650,2016-01-15,174,N,10.245,1.0,0.0,none,The clinical endpoint and user feedback data supported the hypothesis of clinical effectiveness,0,0,,,,3742.0,0,0,0,0.0,0.0,0.0,0,0,1
K153351,510(k),2016-06-17,2016,Quantib Brain 1,QUANTIB BV,RadNet Inc.,SEC:RDNT,1,1,Radiology,Radiology,LLZ,2,892.2050,2015-11-20,210,N,10.3,1.0,1.0,retrospective,Results of comparison between manual and automatic brain tissue segmentation (Dice index),0,0,,,,3762.0,0,0,0,0.0,0.0,0.0,0,0,1
K152733,510(k),2016-01-13,2016,FFRct,"HEARTFLOW, INC.","Heartflow, Inc.",SEC:HTFL,1,1,Cardiovascular,Cardiovascular,PJA,2,870.1415,2015-09-22,113,N,10.727,1.0,1.0,prospective,the per-vessel sensitivity of FFRCT in the ITD population was 83.5%... specificity...was 85.8%,0,0,,,,3918.0,0,0,0,0.0,0.0,0.0,0,0,1
K153427,510(k),2016-01-07,2016,Volpara Imaging Software,Matakina Technology LTD,,,0,0,Radiology,Radiology,LLZ,2,892.2050,2015-11-25,43,N,10.743,1.0,0.0,none,Relationship to visual assessment was assessed by running Volpara over x-ray images... BI-RADS... category,0,0,,,,3924.0,0,0,0,0.0,0.0,0.0,0,0,1
K150817,510(k),2015-12-21,2015,Dario Blood Glucose Monitoring System,LabStyle Innovations Ltd.,,,0,0,Clinical Chemistry,Other,NBW,2,862.1345,2015-03-27,269,N,10.79,1.0,0.0,none,100 samples with glucose concentrations ranging from 24 to 479 mg/dL were obtained and then tested,1,1,2019-08-29,2.0,1347.0,1347.0,0,533,1,2.0,42.0,489.0,0,0,1
K150102,510(k),2015-11-05,2015,SnoreSounds,"APPIAN MEDICAL, INC.",,,0,0,Anesthesiology,Other,MNR,2,868.2375,2015-01-20,289,N,10.916,,0.0,none,,0,0,,,,3987.0,0,0,0,0.0,0.0,0.0,0,0,0
K142512,510(k),2015-06-11,2015,Personalized Physiology Analytics Engine software,"VGBio, Inc (DBA PhysIQ)",,,0,0,Cardiovascular,Cardiovascular,PLB,2,870.2300,2014-09-08,276,N,11.318,1.0,1.0,retrospective,healthy volunteer studies were conducted under an IRB-approved non-significant risk protocol,0,0,,,,4134.0,0,0,0,0.0,0.0,0.0,0,0,1
K143643,510(k),2015-05-15,2015,Brainscope Ahead 200,"BRAINSCOPE COMPANY, INC.",,,0,0,Neurology,Neurology,PIW,2,882.1450,2014-12-22,144,N,11.392,0.0,0.0,none,Software (including User Interface) Verification Pass,0,0,,,,4161.0,0,0,0,0.0,0.0,0.0,0,0,1
K142918,510(k),2015-04-24,2015,EndoTool SubQ,MONARCH MEDICAL TECHNOLOGIES,,,0,0,Anesthesiology,Other,NDC,2,868.1890,2014-10-07,199,N,11.45,0.0,0.0,none,Requirements-based testing for all functionality.,0,0,,,,4182.0,0,0,0,0.0,0.0,0.0,0,0,1
K141922,510(k),2015-02-27,2015,IRIS INTELLIGENT RETINAL IMAGING SYSTEM,"INTELLIGENT RETINAL IMAGING SYSTEMS, LLC",,,0,0,Radiology,Radiology,NFJ,2,892.2050,2014-07-16,226,N,11.603,0.0,0.0,none,No performance data was required or provided.,0,0,,,,4238.0,0,0,0,0.0,0.0,0.0,0,0,1
DEN140025,De Novo,2014-11-17,2014,BrainScope Ahead 100,"BRAINSCOPE COMPANY, INC",,,0,0,Neurology,Neurology,PIW,2,882.1450,2014-08-20,89,N,11.882,1.0,1.0,prospective,"Specificity (%) 48.6% (212/436) (43.8%, 53.4%) Sensitivity (%) 78.5% (91/116) (69.9%, 85.5%)",0,0,,,,4340.0,0,0,0,0.0,0.0,0.0,0,0,1
K142037,510(k),2014-10-10,2014,QUANTRA,"HOLOGIC, INC.",Hologic Inc.,,0,0,Radiology,Radiology,LLZ,2,892.2050,2014-07-28,74,N,11.986,1.0,1.0,prospective,Images in a database including BI-RADS category scores assigned by 15 readers were used to compare,0,0,,,,4378.0,0,0,0,0.0,0.0,0.0,0,0,1
K141069,510(k),2014-09-17,2014,Lung Density Analysis,IMBIO LLC,,,0,0,Radiology,Radiology,JAK,2,892.1750,2014-04-24,146,N,12.049,,0.0,none,,0,0,,,,4401.0,0,0,0,0.0,0.0,0.0,0,0,0
K141480,510(k),2014-08-22,2014,CVI42,CIRCLE CARDIOVASCULAR IMAGING INC,,,0,0,Radiology,Radiology,LLZ,2,892.2050,2014-06-04,79,N,12.12,,0.0,none,,0,0,,,,4427.0,0,0,0,0.0,0.0,0.0,0,0,0
K133649,510(k),2014-04-22,2014,HEPATIC VCAR,GE MEDICAL SYSTEMS SCS,GE HealthCare Technologies Inc.,SEC:GEHC,1,1,Radiology,Radiology,JAK,2,892.1750,2013-11-27,146,N,12.454,0.0,0.0,none,"Performance testing (Bench testing, verification)",0,0,,,,4549.0,0,0,0,0.0,0.0,0.0,0,0,1
K133259,510(k),2014-01-24,2014,YSIO MAX,"SIEMENS MEDICAL SOLUTIONS USA, INC.",Siemens Healthineers AG,XETRA:SHL,1,0,Radiology,Radiology,KPR,2,892.1680,2013-10-23,93,N,12.695,0.0,0.0,none,Clinical testing was not applicable as Ysio Max has no new or changed Indications for Use,1,7,2014-09-02,2.0,221.0,221.0,0,2,1,0.0,0.0,2.0,0,0,1
K130831,510(k),2013-11-21,2013,MALDI BIOTYPER CA (MBT-CA) SYSTEM,"BRUKER DALTONICS, INC",,,0,0,Microbiology,Other,PEX,2,866.3361,2013-03-26,240,N,12.871,0.0,1.0,retrospective,,0,0,,,,4701.0,0,0,0,0.0,0.0,0.0,0,0,1
K131044,510(k),2013-09-04,2013,SENSICARDIAC MOBI DIAGNOSTIC HEART MURMUR APPLICATION,DIACOUSTIC MEDICAL DEVICES (PTY) LTD.,,,0,0,Cardiovascular,Cardiovascular,DQD,2,870.1875,2013-04-15,142,N,13.084,1.0,0.0,none,Specificity of 94% and sensitivity of 84% (relative to golden standard - echo),0,0,,,,4779.0,0,0,0,0.0,0.0,0.0,0,0,1
DEN130013,De Novo,2013-08-21,2013,VITEK MS,"BIOMERIEUX, INC.",,,0,0,Microbiology,Other,PEX,2,866.3361,2013-01-02,231,N,13.123,1.0,1.0,prospective,"testing fresh strains from patient cultures, including Gram-positive bacteria, Gram-negative bacteria and yeasts, in five clinical microbiology laboratories",0,0,,,,4793.0,0,319,1,0.0,3.0,316.0,0,0,1
K120771,510(k),2013-03-22,2013,UNICEL DXH 800 COULTER CELLULAR ANALYSIS SYSTEM,"BECKMAN COULTER, INC.",,,0,0,Hematology,Other,GKZ,2,864.5220,2012-03-14,373,N,13.539,0.0,0.0,none,,1,7,2013-09-24,2.0,186.0,186.0,0,81,1,0.0,1.0,80.0,0,0,1
K123526,510(k),2012-12-27,2012,CLEARREAD +CONFIRM,RIVERAIN TECHNOLOGIES,,,0,0,Radiology,Radiology,LLZ,2,892.2050,2012-11-15,42,N,13.771,1.0,1.0,prospective,ClearRead +Confirm was found to significantly decrease read times ... is a useful adjunct for the interpretation of chest radiographs,0,0,,,,5030.0,0,0,0,0.0,0.0,0.0,0,0,1
P110014,PMA,2012-12-27,2012,DUNE MEDICAL DEVICES MARGINPROBE SYSTEM,"Dilon Medical Technologies, Ltd.",,,0,0,General and Plastic Surgery,Other,OEE,3,,2011-04-04,633,,13.771,1.0,1.0,prospective,CSR PSS 71.8% (117/163) 22.4% (33/147) p < 0.0001,0,0,,,,5030.0,0,0,0,0.0,0.0,0.0,0,0,1
K121617,510(k),2012-07-27,2012,SENSICARDIAC,DIACOUSTIC MEDICAL (PTY),,,0,0,Cardiovascular,Cardiovascular,DQD,2,870.1875,2012-06-01,56,N,14.19,1.0,0.0,none,Specificity of 95% and sensitivity of 84%,0,0,,,,5183.0,0,0,0,0.0,0.0,0.0,0,0,1
K120489,510(k),2012-05-17,2012,TISSUE OF ORIGIN TEST KIT FFPE,"PATHWORK DIAGNOSTICS, INC.",,,0,0,Clinical Toxcicology,Other,OIW,2,862.3100,2012-02-17,90,N,14.385,1.0,1.0,retrospective,"Forty-two of these were concordant and one was not, for a % concordance of 97.7% ... all preestablished criteria were met or exceeded",0,0,,,,5254.0,0,0,0,0.0,0.0,0.0,0,0,1
K120161,510(k),2012-04-13,2012,ALPHAPOINT IMAGING SOFTWARE,"RADLOGICS, INC.",,,0,0,Radiology,Radiology,LLZ,2,892.2050,2012-01-19,85,Y,14.478,0.0,0.0,none,,0,0,,,,5288.0,0,0,0,0.0,0.0,0.0,0,0,1
K111776,510(k),2011-12-28,2011,DELTAVIEW MODEL 2.1,"RIVERAIN MEDICAL GROUP,LLC",,,0,0,Radiology,Radiology,LLZ,2,892.2050,2011-06-23,188,N,14.771,1.0,1.0,prospective,area under the LROC curve (AUCLROC) increased from 0.477 to 0.536 (12.4%) (p= 2.9E-05),0,0,,,,5395.0,0,0,0,0.0,0.0,0.0,0,0,1
P090012,PMA,2011-11-01,2011,MELAFIND,"STRATA SKIN SCIENCES, INC.",,,0,0,General and Plastic Surgery,Other,OYD,2,878.1820,2009-06-03,881,,14.927,1.0,1.0,prospective,sensitivity of MelaFind to detect melanomas ... was 98.3% (172/175) and specificity was 10.8% (157/1457),1,1,2015-04-02,2.0,1248.0,1248.0,0,0,0,0.0,0.0,0.0,0,0,1
K102778,510(k),2011-09-16,2011,CELLAVISION DM1200 WITH THE BODY FLUID APPLICTION,CELLAVISION AB,CellaVision AB,STO:CEVI,1,0,Hematology,Other,JOY,2,864.5260,2010-09-24,357,N,15.053,1.0,0.0,none,Accuracy results for all samples included were as follows ... R2= 0.9932,0,0,,,,5498.0,0,0,0,0.0,0.0,0.0,0,0,1
K092967,510(k),2010-06-08,2010,PATHWORK TISSUE OF ORIGIN TEST KIT-FFPE (ORIGIN TEST KIT-FFPE,PATHWORK DIAGNOSTICS,,,0,0,Clinical Toxcicology,Other,OIW,2,862.3100,2009-09-25,256,N,16.326,1.0,1.0,retrospective,162 Origin Test Kit-FFPE Reports without errors were produced (91%); all three laboratory sites achieved the acceptance criteria,0,0,,,,5963.0,0,0,0,0.0,0.0,0.0,0,0,1
K092116,510(k),2010-05-12,2010,EASYCELL CELL LOCATOR,MEDICA CORP.,,,0,0,Hematology,Other,JOY,2,864.5260,2009-07-14,302,N,16.4,1.0,0.0,none,Sensitivity 84% ... Specificity 82% ... Overall (% agreement) 84%,0,0,,,,5990.0,0,0,0,0.0,0.0,0.0,0,0,1
K080595,510(k),2008-12-05,2008,CELLAVISION DM96 WITH THE BODY FLUID APPLICATION,CELLAVISION AB,CellaVision AB,STO:CEVI,1,0,Hematology,Other,JOY,2,864.5260,2008-03-03,277,N,17.832,0.0,0.0,none,"Tests were also conducted to validate performance including accuracy, precision and cell-location",0,0,,,,6513.0,0,0,0,0.0,0.0,0.0,0,0,1
K082483,510(k),2008-09-12,2008,QUANTRA,"HOLOGIC, INC.",Hologic Inc.,,0,0,Radiology,Radiology,LLZ,2,892.2050,2008-08-28,15,Y,18.062,0.0,0.0,none,,0,0,,,,6597.0,0,0,0,0.0,0.0,0.0,0,0,1
K080896,510(k),2008-07-30,2008,PATHWORK DIAGNOSTICS TISSUE OF ORIGIN TEST,"PATHWORK DIAGNOSTICS, INC.",,,0,0,Clinical Toxcicology,Other,OIW,2,862.3100,2008-03-31,121,N,18.182,1.0,1.0,retrospective,positive percent agreement across all 15 tissues was 89.4 (487/545) ... negative percent agreement ... was 99.6%,0,0,,,,6641.0,0,0,0,0.0,0.0,0.0,0,0,1
K081140,510(k),2008-07-17,2008,VISENSIA,OBS MEDICAL,,,0,0,Cardiovascular,Cardiovascular,MHX,2,870.1025,2008-04-22,86,N,18.218,0.0,0.0,none,Clinical data illustrates the effectiveness of Visensia and the usefulness of the alert function,0,0,,,,6654.0,0,0,0,0.0,0.0,0.0,0,0,1
K080762,510(k),2008-05-15,2008,"IB NEURO, VERSION 1.0","IMAGING BIOMETRICS, LLC",,,0,0,Radiology,Radiology,LNH,2,892.1000,2008-03-18,58,N,18.39,0.0,0.0,none,,0,0,,,,6717.0,0,0,0,0.0,0.0,0.0,0,0,1
P040028,PMA,2006-03-16,2006,LUMA CERVICAL IMAGING SYSTEM,SPECTRA SCIENCE,,,0,0,Obstetrics and Gynecology,Other,MWM,3,,2004-06-18,636,,20.556,1.0,1.0,prospective,LUMA score is significantly related to the likelihood of a positive biopsy,1,1,2007-05-15,,425.0,425.0,0,0,0,0.0,0.0,0.0,0,0,1
K043341,510(k),2005-10-27,2005,BIOPLEX 2200 ANA SCREEN WITH MEDICAL DECISION SUPPORT SOFTWARE FOR USE WITH BIOPLEX 2200 MULTI-ANALYTE DETECTION SYSTEM,"BIO-RAD LABORATORIES, INC.","BIO-RAD LABORATORIES, INC.",SEC:BIO,1,1,Clinical Toxcicology,Other,NVI,2,862.3100,2004-12-03,328,N,20.939,1.0,1.0,prospective,Sensitivity 67.6% ... Specificity 77.7% ... Overall Agreement 73.1%,1,2,2007-11-13,,747.0,747.0,0,0,0,0.0,0.0,0.0,0,0,1
K033840,510(k),2004-02-10,2004,CELLAVISION DM96 AUTOMATIC HEMATOLOGY ANALYZER,CELLAVISION AB,CellaVision AB,STO:CEVI,1,0,Hematology,Other,JOY,2,864.5260,2003-12-10,62,N,22.65,1.0,1.0,retrospective,"equivalent in accuracy, precision and clinical sensitivity and specificity and fulfilled the pre-defined requirements for overview image quality",1,1,2017-12-04,2.0,5046.0,5046.0,0,0,0,0.0,0.0,0.0,0,0,1
P010034,PMA,2002-01-31,2002,SECOND LOOK ™,"ICAD, INC.",RadNet Inc.,SEC:RDNT,1,1,Radiology,Radiology,MYN,2,892.2070,2001-06-11,234,,24.676,1.0,1.0,prospective,Second Look had a sensitivity of 85% for screen-detected cancer cases,0,0,,,,9013.0,0,1,1,1.0,0.0,0.0,0,0,1
P000041,PMA,2001-07-12,2001,RAPIDSCREEN RS-2000,RIVERAIN MEDICAL GROUP,,,0,0,Radiology,Radiology,MYN,2,892.2070,2000-10-10,275,,25.232,,,not_available,,0,0,,,,9216.0,0,1,1,0.0,0.0,1.0,0,0,0
K003301,510(k),2001-03-15,2001,DIFFMASTER OCTAVIA AUTOMATIC HEMATOLOGY ANALYZER,CELLAVISION AB,CellaVision AB,STO:CEVI,1,0,Hematology,Other,JOY,2,864.5260,2000-10-20,146,N,25.558,,,not_available,,0,0,,,,9335.0,0,0,0,0.0,0.0,0.0,0,0,0
P980025,PMA,1998-09-02,1998,LOGICON CARIES DETECTOR,CARESTREAM DENTAL LLC,,,0,0,Radiology,Radiology,MYN,2,892.2070,1998-06-18,76,,28.09,,,not_available,,1,1,2015-04-06,2.0,6060.0,6060.0,0,0,0,0.0,0.0,0.0,0,0,0
P970058,PMA,1998-06-26,1998,M1000 IMAGECHECKER,"Hologic, Inc.",Hologic Inc.,,0,0,Radiology,Radiology,MYN,2,892.2070,1997-12-16,192,,28.277,,,not_available,,0,0,,,,10328.0,0,0,0,0.0,0.0,0.0,0,0,0
K955841,510(k),1997-03-11,1997,SLEEP SYSTEM FOR CLINICS & RESEARCH,COMPUMEDICS PTD LTD.,,,0,0,Anesthesiology,Other,MNR,2,868.2375,1995-12-22,445,N,29.569,,,not_available,,0,0,,,,10800.0,0,0,0,0.0,0.0,0.0,0,0,0
P940029,PMA,1995-11-08,1995,PAPNET Testing System,"Neuromedical Systems, Inc.",,,0,0,Pathology,Other,MNM,3,,1994-09-21,413,,30.908,,,not_available,,0,0,,,,11289.0,0,0,0,0.0,0.0,0.0,0,0,0
P950009,PMA,1995-09-29,1995,AUTOPAP(R) 300 QC AUTOMATIC PAP SCREENER/QC SYSTEM,BD DIAGNOSTICS,,,0,0,Pathology,Other,NMN,1,882.4190,1995-02-24,217,,31.017,,,not_available,,1,1,2018-09-21,3.0,8393.0,8393.0,0,12,1,0.0,4.0,8.0,0,0,0
