submission_number,pathway,url,status,bytes,pages,chars,scanned,extract_error
DEN130013,De Novo,https://www.accessdata.fda.gov/cdrh_docs/reviews/K124067.pdf,db_page,834080,43.0,89856.0,False,
DEN140025,De Novo,https://www.accessdata.fda.gov/cdrh_docs/reviews/DEN140025.pdf,direct,134819,14.0,30213.0,False,
DEN160026,De Novo,https://www.accessdata.fda.gov/cdrh_docs/reviews/DEN160026.pdf,direct,5907880,77.0,100241.0,False,
DEN160044,De Novo,https://www.accessdata.fda.gov/cdrh_docs/reviews/DEN160044.pdf,direct,404841,14.0,21817.0,False,
DEN170022,De Novo,https://www.accessdata.fda.gov/cdrh_docs/reviews/DEN170022.pdf,direct,576468,24.0,55530.0,False,
DEN170043,De Novo,https://www.accessdata.fda.gov/cdrh_docs/reviews/DEN170043.pdf,direct,583658,10.0,22552.0,False,
DEN170073,De Novo,https://www.accessdata.fda.gov/cdrh_docs/reviews/DEN170073.pdf,direct,1548194,18.0,37511.0,False,
DEN170090,De Novo,https://www.accessdata.fda.gov/cdrh_docs/reviews/DEN170090.pdf,direct,483732,16.0,36633.0,False,
DEN170091,De Novo,https://www.accessdata.fda.gov/cdrh_docs/reviews/DEN170091.pdf,direct,888281,14.0,27544.0,False,
DEN180001,De Novo,https://www.accessdata.fda.gov/cdrh_docs/reviews/DEN180001.pdf,direct,142581,13.0,34060.0,False,
DEN180005,De Novo,https://www.accessdata.fda.gov/cdrh_docs/reviews/DEN180005.pdf,direct,1965077,25.0,48919.0,False,
DEN190040,De Novo,https://www.accessdata.fda.gov/cdrh_docs/reviews/DEN190040.pdf,direct,539584,12.0,26823.0,False,
DEN200011,De Novo,https://www.accessdata.fda.gov/cdrh_docs/reviews/DEN200011.pdf,direct,1817970,11.0,26577.0,False,
DEN200019,De Novo,https://www.accessdata.fda.gov/cdrh_docs/reviews/DEN200019.pdf,direct,206933,8.0,18327.0,False,
DEN200022,De Novo,https://www.accessdata.fda.gov/cdrh_docs/reviews/DEN200022.pdf,direct,1478221,22.0,50163.0,False,
DEN200038,De Novo,https://www.accessdata.fda.gov/cdrh_docs/reviews/DEN200038.pdf,direct,499264,8.0,17071.0,False,
DEN200052,De Novo,https://www.accessdata.fda.gov/cdrh_docs/reviews/DEN200052.pdf,direct,2136304,19.0,30819.0,False,
DEN200055,De Novo,https://www.accessdata.fda.gov/cdrh_docs/reviews/DEN200055.pdf,direct,1050664,26.0,58293.0,False,
DEN200069,De Novo,https://www.accessdata.fda.gov/cdrh_docs/reviews/DEN200069.pdf,direct,524693,10.0,23657.0,False,
DEN200080,De Novo,https://www.accessdata.fda.gov/cdrh_docs/reviews/DEN200080.pdf,direct,2846649,25.0,23518.0,False,
DEN210022,De Novo,https://www.accessdata.fda.gov/cdrh_docs/reviews/DEN210022.pdf,direct,522098,22.0,46424.0,False,
DEN210035,De Novo,https://www.accessdata.fda.gov/cdrh_docs/reviews/DEN210035.pdf,direct,5509033,36.0,82510.0,False,
DEN220024,De Novo,https://www.accessdata.fda.gov/cdrh_docs/reviews/DEN220024.pdf,direct,574504,15.0,23170.0,False,
DEN220040,De Novo,https://www.accessdata.fda.gov/cdrh_docs/reviews/DEN220040.pdf,direct,1624868,10.0,27480.0,False,
DEN220063,De Novo,https://www.accessdata.fda.gov/cdrh_docs/reviews/DEN220063.pdf,direct,1776123,11.0,24768.0,False,
DEN220066,De Novo,https://www.accessdata.fda.gov/cdrh_docs/reviews/DEN220066.pdf,direct,1974038,11.0,28031.0,False,
DEN230003,De Novo,https://www.accessdata.fda.gov/cdrh_docs/reviews/DEN230003.pdf,direct,1363819,12.0,25301.0,False,
DEN230008,De Novo,https://www.accessdata.fda.gov/cdrh_docs/reviews/DEN230008.pdf,direct,5330178,33.0,74248.0,False,
DEN230023,De Novo,https://www.accessdata.fda.gov/cdrh_docs/reviews/DEN230023.pdf,direct,1768764,12.0,25945.0,False,
DEN230027,De Novo,https://www.accessdata.fda.gov/cdrh_docs/reviews/DEN230027.pdf,direct,467943,16.0,36612.0,False,
DEN230035,De Novo,https://www.accessdata.fda.gov/cdrh_docs/reviews/DEN230035.pdf,direct,2632831,44.0,52725.0,False,
DEN230036,De Novo,https://www.accessdata.fda.gov/cdrh_docs/reviews/DEN230036.pdf,direct,5550738,47.0,86925.0,False,
DEN230041,De Novo,https://www.accessdata.fda.gov/cdrh_docs/reviews/DEN230041.pdf,direct,2168439,12.0,30976.0,False,
DEN230043,De Novo,https://www.accessdata.fda.gov/cdrh_docs/reviews/DEN230043.pdf,direct,3810844,25.0,57440.0,False,
DEN240047,De Novo,https://www.accessdata.fda.gov/cdrh_docs/reviews/DEN240047.pdf,direct,951902,22.0,52027.0,False,
DEN240068,De Novo,https://www.accessdata.fda.gov/cdrh_docs/reviews/DEN240068.pdf,direct,2902168,24.0,13156.0,False,
DEN250007,De Novo,https://www.accessdata.fda.gov/cdrh_docs/pdf25/DEN250007.pdf,direct,370648,6.0,15557.0,False,
DEN250014,De Novo,https://www.accessdata.fda.gov/cdrh_docs/reviews/DEN250014.pdf,direct,1541116,16.0,17148.0,False,
DEN250028,De Novo,https://www.accessdata.fda.gov/cdrh_docs/pdf25/DEN250028.pdf,direct,331113,5.0,14252.0,False,
DEN250057,De Novo,https://www.accessdata.fda.gov/cdrh_docs/pdf25/DEN250057.pdf,direct,329466,5.0,14874.0,False,
K003301,510(k),https://www.accessdata.fda.gov/cdrh_docs/pdf/K003301.pdf,direct,328859,7.0,0.0,True,
K033840,510(k),https://www.accessdata.fda.gov/cdrh_docs/pdf3/K033840.pdf,direct,213363,7.0,11478.0,False,
K043341,510(k),https://www.accessdata.fda.gov/cdrh_docs/pdf4/K043341.pdf,direct,1225291,24.0,44008.0,False,
K080595,510(k),https://www.accessdata.fda.gov/cdrh_docs/pdf8/K080595.pdf,direct,233364,7.0,9963.0,False,
K080762,510(k),https://www.accessdata.fda.gov/cdrh_docs/pdf8/K080762.pdf,direct,186884,6.0,9399.0,False,
K080896,510(k),https://www.accessdata.fda.gov/cdrh_docs/pdf8/K080896.pdf,direct,340031,8.0,19608.0,False,
K081140,510(k),https://www.accessdata.fda.gov/cdrh_docs/pdf8/K081140.pdf,direct,212019,6.0,11259.0,False,
K082483,510(k),https://www.accessdata.fda.gov/cdrh_docs/pdf8/K082483.pdf,direct,158153,5.0,8547.0,False,
K092116,510(k),https://www.accessdata.fda.gov/cdrh_docs/pdf9/K092116.pdf,direct,204542,7.0,11507.0,False,
K092967,510(k),https://www.accessdata.fda.gov/cdrh_docs/pdf9/K092967.pdf,direct,608451,17.0,37369.0,False,
K102778,510(k),https://www.accessdata.fda.gov/cdrh_docs/pdf10/K102778.pdf,direct,210201,8.0,11753.0,False,
K111776,510(k),https://www.accessdata.fda.gov/cdrh_docs/pdf11/K111776.pdf,direct,180356,6.0,10179.0,False,
K120161,510(k),https://www.accessdata.fda.gov/cdrh_docs/pdf12/K120161.pdf,direct,166967,5.0,8627.0,False,
K120489,510(k),https://www.accessdata.fda.gov/cdrh_docs/pdf12/K120489.pdf,direct,339724,11.0,19322.0,False,
K120771,510(k),https://www.accessdata.fda.gov/cdrh_docs/pdf12/K120771.pdf,direct,1309433,25.0,22914.0,False,
K121617,510(k),https://www.accessdata.fda.gov/cdrh_docs/pdf12/K121617.pdf,direct,213737,7.0,11627.0,False,
K123526,510(k),https://www.accessdata.fda.gov/cdrh_docs/pdf12/K123526.pdf,direct,157121,6.0,8997.0,False,
K130831,510(k),https://www.accessdata.fda.gov/cdrh_docs/pdf13/K130831.pdf,direct,430721,21.0,45225.0,False,
K131044,510(k),https://www.accessdata.fda.gov/cdrh_docs/pdf13/K131044.pdf,direct,220242,7.0,13544.0,False,
K133259,510(k),https://www.accessdata.fda.gov/cdrh_docs/pdf13/K133259.pdf,direct,227688,7.0,13637.0,False,
K133649,510(k),https://www.accessdata.fda.gov/cdrh_docs/pdf13/K133649.pdf,direct,179601,6.0,10470.0,False,
K141069,510(k),https://www.accessdata.fda.gov/cdrh_docs/pdf14/K141069.pdf,direct,139401,7.0,61070.0,False,
K141480,510(k),https://www.accessdata.fda.gov/cdrh_docs/pdf14/K141480.pdf,direct,143202,8.0,49098.0,False,
K141922,510(k),https://www.accessdata.fda.gov/cdrh_docs/pdf14/K141922.pdf,direct,142766,7.0,13594.0,False,
K142037,510(k),https://www.accessdata.fda.gov/cdrh_docs/pdf14/K142037.pdf,direct,99354,5.0,11026.0,False,
K142512,510(k),https://www.accessdata.fda.gov/cdrh_docs/pdf14/K142512.pdf,direct,265583,10.0,13287.0,False,
K142918,510(k),https://www.accessdata.fda.gov/cdrh_docs/pdf14/K142918.pdf,direct,331741,6.0,13145.0,False,
K143643,510(k),https://www.accessdata.fda.gov/cdrh_docs/pdf14/K143643.pdf,direct,155461,16.0,24308.0,False,
K150102,510(k),https://www.accessdata.fda.gov/cdrh_docs/pdf15/K150102.pdf,direct,311742,3.0,4053.0,False,
K150817,510(k),https://www.accessdata.fda.gov/cdrh_docs/pdf15/K150817.pdf,direct,200485,10.0,25148.0,False,
K152733,510(k),https://www.accessdata.fda.gov/cdrh_docs/pdf15/K152733.pdf,direct,220337,14.0,39706.0,False,
K153351,510(k),https://www.accessdata.fda.gov/cdrh_docs/pdf15/K153351.pdf,direct,232676,7.0,25731.0,False,
K153427,510(k),https://www.accessdata.fda.gov/cdrh_docs/pdf15/K153427.pdf,direct,315148,8.0,16915.0,False,
K160016,510(k),https://www.accessdata.fda.gov/cdrh_docs/pdf16/K160016.pdf,direct,807446,6.0,12904.0,False,
K160088,510(k),https://www.accessdata.fda.gov/cdrh_docs/pdf16/K160088.pdf,direct,500775,12.0,17674.0,False,
K160338,510(k),https://www.accessdata.fda.gov/cdrh_docs/pdf16/K160338.pdf,direct,109684,8.0,13825.0,False,
K160401,510(k),https://www.accessdata.fda.gov/cdrh_docs/pdf16/K160401.pdf,direct,83576,6.0,10582.0,False,
K161068,510(k),https://www.accessdata.fda.gov/cdrh_docs/pdf16/K161068.pdf,direct,201744,15.0,29366.0,False,
K161148,510(k),https://www.accessdata.fda.gov/cdrh_docs/pdf16/K161148.pdf,direct,320629,9.0,12639.0,False,
K161201,510(k),https://www.accessdata.fda.gov/cdrh_docs/pdf16/K161201.pdf,direct,82164,6.0,9986.0,False,
K161322,510(k),https://www.accessdata.fda.gov/cdrh_docs/pdf16/K161322.pdf,direct,149671,10.0,16859.0,False,
K161382,510(k),https://www.accessdata.fda.gov/cdrh_docs/pdf16/K161382.pdf,direct,459335,9.0,19877.0,False,
K161625,510(k),https://www.accessdata.fda.gov/cdrh_docs/pdf16/K161625.pdf,direct,610234,8.0,10357.0,False,
K161772,510(k),https://www.accessdata.fda.gov/cdrh_docs/pdf16/K161772.pdf,direct,219268,7.0,17684.0,False,
K161834,510(k),https://www.accessdata.fda.gov/cdrh_docs/pdf16/K161834.pdf,direct,259499,9.0,13620.0,False,
K161959,510(k),https://www.accessdata.fda.gov/cdrh_docs/pdf16/K161959.pdf,direct,729114,8.0,14090.0,False,
K162830,510(k),https://www.accessdata.fda.gov/cdrh_docs/pdf16/K162830.pdf,direct,293131,7.0,14470.0,False,
K162855,510(k),https://www.accessdata.fda.gov/cdrh_docs/pdf16/K162855.pdf,direct,222668,7.0,18591.0,False,
K163013,510(k),https://www.accessdata.fda.gov/cdrh_docs/pdf16/K163013.pdf,direct,929467,7.0,11961.0,False,
K163138,510(k),https://www.accessdata.fda.gov/cdrh_docs/pdf16/K163138.pdf,direct,763445,12.0,35301.0,False,
K163253,510(k),https://www.accessdata.fda.gov/cdrh_docs/pdf16/K163253.pdf,direct,349699,8.0,30071.0,False,
K163339,510(k),https://www.accessdata.fda.gov/cdrh_docs/pdf16/K163339.pdf,direct,217375,7.0,29944.0,False,
K163622,510(k),https://www.accessdata.fda.gov/cdrh_docs/pdf16/K163622.pdf,direct,180467,7.0,13037.0,False,
K163623,510(k),https://www.accessdata.fda.gov/cdrh_docs/pdf16/K163623.pdf,direct,165481,7.0,12110.0,False,
K163665,510(k),https://www.accessdata.fda.gov/cdrh_docs/pdf16/K163665.pdf,direct,202704,12.0,22067.0,False,
K163694,510(k),https://www.accessdata.fda.gov/cdrh_docs/pdf16/K163694.pdf,direct,571966,8.0,13687.0,False,
K170069,510(k),https://www.accessdata.fda.gov/cdrh_docs/pdf17/K170069.pdf,direct,572977,13.0,21164.0,False,
K170172,510(k),https://www.accessdata.fda.gov/cdrh_docs/pdf17/K170172.pdf,direct,598770,6.0,9359.0,False,
K170250,510(k),https://www.accessdata.fda.gov/cdrh_docs/pdf17/K170250.pdf,direct,146264,11.0,29071.0,False,
K170540,510(k),https://www.accessdata.fda.gov/cdrh_docs/pdf17/K170540.pdf,direct,287985,9.0,14904.0,False,
K170568,510(k),https://www.accessdata.fda.gov/cdrh_docs/pdf17/K170568.pdf,direct,104231,10.0,21109.0,False,
K170747,510(k),https://www.accessdata.fda.gov/cdrh_docs/pdf17/K170747.pdf,direct,120115,11.0,23515.0,False,
K170981,510(k),https://www.accessdata.fda.gov/cdrh_docs/pdf17/K170981.pdf,direct,348718,7.0,13897.0,False,
K171056,510(k),https://www.accessdata.fda.gov/cdrh_docs/pdf17/K171056.pdf,direct,390889,11.0,18479.0,False,
K171122,510(k),https://www.accessdata.fda.gov/cdrh_docs/pdf17/K171122.pdf,direct,153068,8.0,15444.0,False,
K171315,510(k),https://www.accessdata.fda.gov/cdrh_docs/pdf17/K171315.pdf,direct,165108,9.0,16949.0,False,
K171328,510(k),https://www.accessdata.fda.gov/cdrh_docs/pdf17/K171328.pdf,direct,1048521,9.0,14773.0,False,
K171936,510(k),https://www.accessdata.fda.gov/cdrh_docs/pdf17/K171936.pdf,direct,534207,7.0,10694.0,False,
K172122,510(k),https://www.accessdata.fda.gov/cdrh_docs/pdf17/K172122.pdf,direct,213930,7.0,19842.0,False,
K172356,510(k),https://www.accessdata.fda.gov/cdrh_docs/pdf17/K172356.pdf,direct,354444,11.0,23591.0,False,
K172385,510(k),https://www.accessdata.fda.gov/cdrh_docs/pdf17/K172385.pdf,direct,370363,15.0,41856.0,False,
K172507,510(k),https://www.accessdata.fda.gov/cdrh_docs/pdf17/K172507.pdf,direct,193182,6.0,13279.0,False,
K172803,510(k),https://www.accessdata.fda.gov/cdrh_docs/pdf17/K172803.pdf,direct,370913,16.0,30461.0,False,
K172959,510(k),https://www.accessdata.fda.gov/cdrh_docs/pdf17/K172959.pdf,direct,122714,9.0,16983.0,False,
K172983,510(k),https://www.accessdata.fda.gov/cdrh_docs/pdf17/K172983.pdf,direct,185465,9.0,13870.0,False,
K173327,510(k),https://www.accessdata.fda.gov/cdrh_docs/pdf17/K173327.pdf,direct,399041,13.0,24581.0,False,
K173420,510(k),https://www.accessdata.fda.gov/cdrh_docs/pdf17/K173420.pdf,direct,243728,8.0,18077.0,False,
K173444,510(k),https://www.accessdata.fda.gov/cdrh_docs/pdf17/K173444.pdf,direct,152455,9.0,17655.0,False,
K173542,510(k),https://www.accessdata.fda.gov/cdrh_docs/pdf17/K173542.pdf,direct,123683,7.0,12898.0,False,
K173574,510(k),https://www.accessdata.fda.gov/cdrh_docs/pdf17/K173574.pdf,direct,195041,9.0,16448.0,False,
K173588,510(k),https://www.accessdata.fda.gov/cdrh_docs/pdf17/K173588.pdf,direct,442448,13.0,23086.0,False,
K173605,510(k),https://www.accessdata.fda.gov/cdrh_docs/pdf17/K173605.pdf,direct,187985,5.0,9546.0,False,
K173749,510(k),https://www.accessdata.fda.gov/cdrh_docs/pdf17/K173749.pdf,direct,84135,3.0,6613.0,False,
K173780,510(k),https://www.accessdata.fda.gov/cdrh_docs/pdf17/K173780.pdf,direct,853856,7.0,15396.0,False,
K173810,510(k),https://www.accessdata.fda.gov/cdrh_docs/pdf17/K173810.pdf,direct,222371,7.0,11186.0,False,
K173821,510(k),https://www.accessdata.fda.gov/cdrh_docs/pdf17/K173821.pdf,direct,455893,11.0,13009.0,False,
K173839,510(k),https://www.accessdata.fda.gov/cdrh_docs/pdf17/K173839.pdf,direct,151178,9.0,15292.0,False,
K173872,510(k),https://www.accessdata.fda.gov/cdrh_docs/pdf17/K173872.pdf,direct,393092,9.0,16281.0,False,
K173939,510(k),https://www.accessdata.fda.gov/cdrh_docs/pdf17/K173939.pdf,direct,156362,7.0,13747.0,False,
K180038,510(k),https://www.accessdata.fda.gov/cdrh_docs/pdf18/K180038.pdf,direct,313506,16.0,38505.0,False,
K180091,510(k),https://www.accessdata.fda.gov/cdrh_docs/pdf18/K180091.pdf,direct,177056,6.0,9783.0,False,
K180126,510(k),https://www.accessdata.fda.gov/cdrh_docs/pdf18/K180126.pdf,direct,203442,7.0,11953.0,False,
K180161,510(k),https://www.accessdata.fda.gov/cdrh_docs/pdf18/K180161.pdf,direct,117168,8.0,16003.0,False,
K180163,510(k),https://www.accessdata.fda.gov/cdrh_docs/pdf18/K180163.pdf,direct,275542,12.0,25081.0,False,
K180343,510(k),https://www.accessdata.fda.gov/cdrh_docs/pdf18/K180343.pdf,direct,159998,12.0,22442.0,False,
K180432,510(k),https://www.accessdata.fda.gov/cdrh_docs/pdf18/K180432.pdf,direct,358330,12.0,22743.0,False,
K180589,510(k),https://www.accessdata.fda.gov/cdrh_docs/pdf18/K180589.pdf,direct,280551,10.0,21657.0,False,
K180599,510(k),https://www.accessdata.fda.gov/cdrh_docs/pdf18/K180599.pdf,direct,240776,18.0,29289.0,False,
K180647,510(k),https://www.accessdata.fda.gov/cdrh_docs/pdf18/K180647.pdf,direct,128999,8.0,21602.0,False,
K180799,510(k),https://www.accessdata.fda.gov/cdrh_docs/pdf18/K180799.pdf,direct,391312,19.0,43142.0,False,
K180867,510(k),https://www.accessdata.fda.gov/cdrh_docs/pdf18/K180867.pdf,direct,1320973,15.0,6308.0,False,
K181247,510(k),https://www.accessdata.fda.gov/cdrh_docs/pdf18/K181247.pdf,direct,316533,13.0,25304.0,False,
K181288,510(k),https://www.accessdata.fda.gov/cdrh_docs/pdf18/K181288.pdf,direct,1157169,17.0,22997.0,False,
K181352,510(k),https://www.accessdata.fda.gov/cdrh_docs/pdf18/K181352.pdf,direct,807359,11.0,20624.0,False,
K181502,510(k),https://www.accessdata.fda.gov/cdrh_docs/pdf18/K181502.pdf,direct,1311512,8.0,15067.0,False,
K181572,510(k),https://www.accessdata.fda.gov/cdrh_docs/pdf18/K181572.pdf,direct,1514870,9.0,17752.0,False,
K181574,510(k),https://www.accessdata.fda.gov/cdrh_docs/pdf18/K181574.pdf,direct,157894,10.0,35474.0,False,
K181685,510(k),https://www.accessdata.fda.gov/cdrh_docs/pdf18/K181685.pdf,direct,430366,29.0,255648.0,False,
K181704,510(k),https://www.accessdata.fda.gov/cdrh_docs/pdf18/K181704.pdf,direct,520836,12.0,23203.0,False,
K181771,510(k),https://www.accessdata.fda.gov/cdrh_docs/pdf18/K181771.pdf,direct,219445,6.0,12425.0,False,
K181823,510(k),https://www.accessdata.fda.gov/cdrh_docs/pdf18/K181823.pdf,direct,307608,9.0,14398.0,False,
K181861,510(k),https://www.accessdata.fda.gov/cdrh_docs/pdf18/K181861.pdf,direct,437359,9.0,15818.0,False,
K181892,510(k),https://www.accessdata.fda.gov/cdrh_docs/pdf18/K181892.pdf,direct,1171031,6.0,12709.0,False,
K181916,510(k),https://www.accessdata.fda.gov/cdrh_docs/pdf18/K181916.pdf,direct,375972,18.0,34051.0,False,
K181939,510(k),https://www.accessdata.fda.gov/cdrh_docs/pdf18/K181939.pdf,direct,200064,8.0,17142.0,False,
K181988,510(k),https://www.accessdata.fda.gov/cdrh_docs/pdf18/K181988.pdf,direct,998544,8.0,17832.0,False,
K182034,510(k),https://www.accessdata.fda.gov/cdrh_docs/pdf18/K182034.pdf,direct,270387,8.0,34946.0,False,
K182035,510(k),https://www.accessdata.fda.gov/cdrh_docs/pdf18/K182035.pdf,direct,174489,5.0,10990.0,False,
K182112,510(k),https://www.accessdata.fda.gov/cdrh_docs/pdf18/K182112.pdf,direct,346131,10.0,21631.0,False,
K182130,510(k),https://www.accessdata.fda.gov/cdrh_docs/pdf18/K182130.pdf,direct,575701,14.0,52243.0,False,
K182149,510(k),https://www.accessdata.fda.gov/cdrh_docs/pdf18/K182149.pdf,direct,303108,11.0,26614.0,False,
K182177,510(k),https://www.accessdata.fda.gov/cdrh_docs/pdf18/K182177.pdf,direct,219028,6.0,25280.0,False,
K182181,510(k),https://www.accessdata.fda.gov/cdrh_docs/pdf18/K182181.pdf,direct,81105,4.0,9230.0,False,
K182218,510(k),https://www.accessdata.fda.gov/cdrh_docs/pdf18/K182218.pdf,direct,176043,12.0,25828.0,False,
K182310,510(k),https://www.accessdata.fda.gov/cdrh_docs/pdf18/K182310.pdf,direct,182065,8.0,16432.0,False,
K182336,510(k),https://www.accessdata.fda.gov/cdrh_docs/pdf18/K182336.pdf,direct,712750,7.0,21745.0,False,
K182344,510(k),https://www.accessdata.fda.gov/cdrh_docs/pdf18/K182344.pdf,direct,494015,8.0,13474.0,False,
K182373,510(k),https://www.accessdata.fda.gov/cdrh_docs/pdf18/K182373.pdf,direct,631751,14.0,28618.0,False,
K182384,510(k),https://www.accessdata.fda.gov/cdrh_docs/pdf18/K182384.pdf,direct,1120608,10.0,23885.0,False,
K182419,510(k),https://www.accessdata.fda.gov/cdrh_docs/pdf18/K182419.pdf,direct,193590,16.0,27810.0,False,
K182456,510(k),https://www.accessdata.fda.gov/cdrh_docs/pdf18/K182456.pdf,direct,203578,8.0,94120.0,False,
K182513,510(k),https://www.accessdata.fda.gov/cdrh_docs/pdf18/K182513.pdf,direct,75566,4.0,9678.0,False,
K182564,510(k),https://www.accessdata.fda.gov/cdrh_docs/pdf18/K182564.pdf,direct,193782,8.0,19116.0,False,
K182616,510(k),https://www.accessdata.fda.gov/cdrh_docs/pdf18/K182616.pdf,direct,131154,8.0,16921.0,False,
K182790,510(k),https://www.accessdata.fda.gov/cdrh_docs/pdf18/K182790.pdf,direct,879817,12.0,15034.0,False,
K182798,510(k),https://www.accessdata.fda.gov/cdrh_docs/pdf18/K182798.pdf,direct,459767,9.0,19298.0,False,
K182875,510(k),https://www.accessdata.fda.gov/cdrh_docs/pdf18/K182875.pdf,direct,357317,10.0,18442.0,False,
K182901,510(k),https://www.accessdata.fda.gov/cdrh_docs/pdf18/K182901.pdf,direct,487462,7.0,14738.0,False,
K183012,510(k),https://www.accessdata.fda.gov/cdrh_docs/pdf18/K183012.pdf,direct,313148,6.0,16004.0,False,
K183019,510(k),https://www.accessdata.fda.gov/cdrh_docs/pdf18/K183019.pdf,direct,1337393,10.0,23179.0,False,
K183046,510(k),https://www.accessdata.fda.gov/cdrh_docs/pdf18/K183046.pdf,direct,724581,7.0,13352.0,False,
K183089,510(k),https://www.accessdata.fda.gov/cdrh_docs/pdf18/K183089.pdf,direct,700685,10.0,16657.0,False,
K183133,510(k),https://www.accessdata.fda.gov/cdrh_docs/pdf18/K183133.pdf,direct,1424910,14.0,31725.0,False,
K183182,510(k),https://www.accessdata.fda.gov/cdrh_docs/pdf18/K183182.pdf,direct,408735,10.0,20961.0,False,
K183202,510(k),https://www.accessdata.fda.gov/cdrh_docs/pdf18/K183202.pdf,direct,429206,8.0,16648.0,False,
K183204,510(k),https://www.accessdata.fda.gov/cdrh_docs/pdf18/K183204.pdf,direct,326718,8.0,14552.0,False,
K183231,510(k),https://www.accessdata.fda.gov/cdrh_docs/pdf18/K183231.pdf,direct,219030,7.0,12394.0,False,
K183268,510(k),https://www.accessdata.fda.gov/cdrh_docs/pdf18/K183268.pdf,direct,397175,9.0,22958.0,False,
K183271,510(k),https://www.accessdata.fda.gov/cdrh_docs/pdf18/K183271.pdf,direct,230377,10.0,23518.0,False,
K183272,510(k),https://www.accessdata.fda.gov/cdrh_docs/pdf18/K183272.pdf,direct,150238,8.0,17071.0,False,
K183274,510(k),https://www.accessdata.fda.gov/cdrh_docs/pdf18/K183274.pdf,direct,372686,12.0,26004.0,False,
K183282,510(k),https://www.accessdata.fda.gov/cdrh_docs/pdf18/K183282.pdf,direct,762838,10.0,18850.0,False,
K183285,510(k),https://www.accessdata.fda.gov/cdrh_docs/pdf18/K183285.pdf,direct,1139934,8.0,22512.0,False,
K183322,510(k),https://www.accessdata.fda.gov/cdrh_docs/pdf18/K183322.pdf,direct,390524,8.0,19174.0,False,
K183370,510(k),https://www.accessdata.fda.gov/cdrh_docs/pdf18/K183370.pdf,direct,628647,13.0,26062.0,False,
K183460,510(k),https://www.accessdata.fda.gov/cdrh_docs/pdf18/K183460.pdf,direct,397320,6.0,12506.0,False,
K183489,510(k),https://www.accessdata.fda.gov/cdrh_docs/pdf18/K183489.pdf,direct,387643,6.0,9724.0,False,
K183593,510(k),https://www.accessdata.fda.gov/cdrh_docs/pdf18/K183593.pdf,direct,531447,1.0,112.0,True,
K183646,510(k),https://www.accessdata.fda.gov/cdrh_docs/pdf18/K183646.pdf,direct,339862,5.0,9851.0,False,
K183648,510(k),https://www.accessdata.fda.gov/cdrh_docs/pdf18/K183648.pdf,direct,714302,13.0,27290.0,False,
K183704,510(k),https://www.accessdata.fda.gov/cdrh_docs/pdf18/K183704.pdf,direct,874269,10.0,14238.0,False,
K190013,510(k),https://www.accessdata.fda.gov/cdrh_docs/pdf19/K190013.pdf,direct,445261,12.0,27545.0,False,
K190017,510(k),https://www.accessdata.fda.gov/cdrh_docs/pdf19/K190017.pdf,direct,408644,16.0,37571.0,False,
K190072,510(k),https://www.accessdata.fda.gov/cdrh_docs/pdf19/K190072.pdf,direct,329720,8.0,21806.0,False,
K190334,510(k),https://www.accessdata.fda.gov/cdrh_docs/pdf19/K190334.pdf,direct,565912,9.0,16056.0,False,
K190362,510(k),https://www.accessdata.fda.gov/cdrh_docs/pdf19/K190362.pdf,direct,827363,8.0,14616.0,False,
K190387,510(k),https://www.accessdata.fda.gov/cdrh_docs/pdf19/K190387.pdf,direct,409704,5.0,11227.0,False,
K190424,510(k),https://www.accessdata.fda.gov/cdrh_docs/pdf19/K190424.pdf,direct,364447,9.0,18091.0,False,
K190442,510(k),https://www.accessdata.fda.gov/cdrh_docs/pdf19/K190442.pdf,direct,475398,17.0,33148.0,False,
K190529,510(k),https://www.accessdata.fda.gov/cdrh_docs/pdf19/K190529.pdf,direct,442554,7.0,13561.0,False,
K190593,510(k),https://www.accessdata.fda.gov/cdrh_docs/pdf19/K190593.pdf,direct,296806,7.0,11866.0,False,
K190764,510(k),https://www.accessdata.fda.gov/cdrh_docs/pdf19/K190764.pdf,direct,627391,10.0,15755.0,False,
K190815,510(k),https://www.accessdata.fda.gov/cdrh_docs/pdf19/K190815.pdf,direct,887573,15.0,33929.0,False,
K190868,510(k),https://www.accessdata.fda.gov/cdrh_docs/pdf19/K190868.pdf,direct,340086,10.0,16796.0,False,
K190896,510(k),https://www.accessdata.fda.gov/cdrh_docs/pdf19/K190896.pdf,direct,483934,8.0,21131.0,False,
K190898,510(k),https://www.accessdata.fda.gov/cdrh_docs/pdf19/K190898.pdf,direct,920966,18.0,41064.0,False,
K190925,510(k),https://www.accessdata.fda.gov/cdrh_docs/pdf19/K190925.pdf,direct,428136,5.0,12126.0,False,
K191026,510(k),https://www.accessdata.fda.gov/cdrh_docs/pdf19/K191026.pdf,direct,1006073,7.0,12448.0,False,
K191083,510(k),https://www.accessdata.fda.gov/cdrh_docs/pdf19/K191083.pdf,direct,353118,10.0,22178.0,False,
K191125,510(k),https://www.accessdata.fda.gov/cdrh_docs/pdf19/K191125.pdf,direct,1001428,16.0,28699.0,False,
K191171,510(k),https://www.accessdata.fda.gov/cdrh_docs/pdf19/K191171.pdf,direct,286627,8.0,16757.0,False,
K191179,510(k),https://www.accessdata.fda.gov/cdrh_docs/pdf19/K191179.pdf,direct,166606,7.0,13497.0,False,
K191183,510(k),https://www.accessdata.fda.gov/cdrh_docs/pdf19/K191183.pdf,direct,998498,7.0,14019.0,False,
K191194,510(k),https://www.accessdata.fda.gov/cdrh_docs/pdf19/K191194.pdf,direct,263184,16.0,35129.0,False,
K191262,510(k),https://www.accessdata.fda.gov/cdrh_docs/pdf19/K191262.pdf,direct,468854,9.0,18469.0,False,
K191278,510(k),https://www.accessdata.fda.gov/cdrh_docs/pdf19/K191278.pdf,direct,1099221,8.0,14042.0,False,
K191370,510(k),https://www.accessdata.fda.gov/cdrh_docs/pdf19/K191370.pdf,direct,496390,12.0,24977.0,False,
K191384,510(k),https://www.accessdata.fda.gov/cdrh_docs/pdf19/K191384.pdf,direct,657254,5.0,10627.0,False,
K191493,510(k),https://www.accessdata.fda.gov/cdrh_docs/pdf19/K191493.pdf,direct,428113,8.0,16148.0,False,
K191550,510(k),https://www.accessdata.fda.gov/cdrh_docs/pdf19/K191550.pdf,direct,429159,11.0,14209.0,False,
K191556,510(k),https://www.accessdata.fda.gov/cdrh_docs/pdf19/K191556.pdf,direct,1566170,9.0,20743.0,False,
K191585,510(k),https://www.accessdata.fda.gov/cdrh_docs/pdf19/K191585.pdf,direct,688738,12.0,22725.0,False,
K191647,510(k),https://www.accessdata.fda.gov/cdrh_docs/pdf19/K191647.pdf,direct,469284,9.0,15817.0,False,
K191688,510(k),https://www.accessdata.fda.gov/cdrh_docs/pdf19/K191688.pdf,direct,472137,7.0,23970.0,False,
K191713,510(k),https://www.accessdata.fda.gov/cdrh_docs/pdf19/K191713.pdf,direct,1757146,17.0,36044.0,False,
K191928,510(k),https://www.accessdata.fda.gov/cdrh_docs/pdf19/K191928.pdf,direct,365814,9.0,14700.0,False,
K191994,510(k),https://www.accessdata.fda.gov/cdrh_docs/pdf19/K191994.pdf,direct,438381,11.0,24476.0,False,
K192004,510(k),https://www.accessdata.fda.gov/cdrh_docs/pdf19/K192004.pdf,direct,759743,8.0,17375.0,False,
K192051,510(k),https://www.accessdata.fda.gov/cdrh_docs/pdf19/K192051.pdf,direct,418988,12.0,19221.0,False,
K192065,510(k),https://www.accessdata.fda.gov/cdrh_docs/pdf19/K192065.pdf,direct,886334,8.0,17620.0,False,
K192107,510(k),https://www.accessdata.fda.gov/cdrh_docs/pdf19/K192107.pdf,direct,841659,19.0,32483.0,False,
K192109,510(k),https://www.accessdata.fda.gov/cdrh_docs/pdf19/K192109.pdf,direct,634836,6.0,13115.0,False,
K192130,510(k),https://www.accessdata.fda.gov/cdrh_docs/pdf19/K192130.pdf,direct,1489814,11.0,15339.0,False,
K192167,510(k),https://www.accessdata.fda.gov/cdrh_docs/pdf19/K192167.pdf,direct,887434,7.0,14488.0,False,
K192279,510(k),https://www.accessdata.fda.gov/cdrh_docs/pdf19/K192279.pdf,direct,358790,6.0,11739.0,False,
K192287,510(k),https://www.accessdata.fda.gov/cdrh_docs/pdf19/K192287.pdf,direct,802111,9.0,13552.0,False,
K192304,510(k),https://www.accessdata.fda.gov/cdrh_docs/pdf19/K192304.pdf,direct,267076,6.0,12858.0,False,
K192320,510(k),https://www.accessdata.fda.gov/cdrh_docs/pdf19/K192320.pdf,direct,386468,9.0,18365.0,False,
K192377,510(k),https://www.accessdata.fda.gov/cdrh_docs/pdf19/K192377.pdf,direct,366123,7.0,17486.0,False,
K192383,510(k),https://www.accessdata.fda.gov/cdrh_docs/pdf19/K192383.pdf,direct,1326088,12.0,27504.0,False,
K192388,510(k),https://www.accessdata.fda.gov/cdrh_docs/pdf19/K192388.pdf,direct,1252197,6.0,10897.0,False,
K192415,510(k),https://www.accessdata.fda.gov/cdrh_docs/pdf19/K192415.pdf,direct,475729,7.0,19489.0,False,
K192437,510(k),https://www.accessdata.fda.gov/cdrh_docs/pdf19/K192437.pdf,direct,845884,7.0,14647.0,False,
K192442,510(k),https://www.accessdata.fda.gov/cdrh_docs/pdf19/K192442.pdf,direct,860195,11.0,24634.0,False,
K192455,510(k),https://www.accessdata.fda.gov/cdrh_docs/pdf19/K192455.pdf,direct,975499,19.0,28885.0,False,
K192531,510(k),https://www.accessdata.fda.gov/cdrh_docs/pdf19/K192531.pdf,direct,230555,8.0,15594.0,False,
K192571,510(k),https://www.accessdata.fda.gov/cdrh_docs/pdf19/K192571.pdf,direct,336547,3.0,6327.0,False,
K192574,510(k),https://www.accessdata.fda.gov/cdrh_docs/pdf19/K192574.pdf,direct,1314660,10.0,13836.0,False,
K192601,510(k),https://www.accessdata.fda.gov/cdrh_docs/pdf19/K192601.pdf,direct,711672,14.0,23380.0,False,
K192665,510(k),https://www.accessdata.fda.gov/cdrh_docs/pdf19/K192665.pdf,direct,451406,26.0,51697.0,False,
K192732,510(k),https://www.accessdata.fda.gov/cdrh_docs/pdf19/K192732.pdf,direct,1034492,7.0,12145.0,False,
K192763,510(k),https://www.accessdata.fda.gov/cdrh_docs/pdf19/K192763.pdf,direct,1733860,7.0,14985.0,False,
K192828,510(k),https://www.accessdata.fda.gov/cdrh_docs/pdf19/K192828.pdf,direct,716090,9.0,17588.0,False,
K192832,510(k),https://www.accessdata.fda.gov/cdrh_docs/pdf19/K192832.pdf,direct,391375,8.0,15129.0,False,
K192854,510(k),https://www.accessdata.fda.gov/cdrh_docs/pdf19/K192854.pdf,direct,1336602,24.0,34401.0,False,
K192880,510(k),https://www.accessdata.fda.gov/cdrh_docs/pdf19/K192880.pdf,direct,404577,10.0,18646.0,False,
K192901,510(k),https://www.accessdata.fda.gov/cdrh_docs/pdf19/K192901.pdf,direct,417804,9.0,19191.0,False,
K192945,510(k),https://www.accessdata.fda.gov/cdrh_docs/pdf19/K192945.pdf,direct,1059086,11.0,22857.0,False,
K192956,510(k),https://www.accessdata.fda.gov/cdrh_docs/pdf19/K192956.pdf,direct,511271,12.0,132682.0,False,
K192962,510(k),https://www.accessdata.fda.gov/cdrh_docs/pdf19/K192962.pdf,direct,408883,11.0,20224.0,False,
K192969,510(k),https://www.accessdata.fda.gov/cdrh_docs/pdf19/K192969.pdf,direct,1062315,7.0,12602.0,False,
K192973,510(k),https://www.accessdata.fda.gov/cdrh_docs/pdf19/K192973.pdf,direct,417724,9.0,15876.0,False,
K193073,510(k),https://www.accessdata.fda.gov/cdrh_docs/pdf19/K193073.pdf,direct,436253,8.0,16561.0,False,
K193087,510(k),https://www.accessdata.fda.gov/cdrh_docs/pdf19/K193087.pdf,direct,943595,11.0,21681.0,False,
K193097,510(k),https://www.accessdata.fda.gov/cdrh_docs/pdf19/K193097.pdf,direct,1008084,8.0,17727.0,False,
K193109,510(k),https://www.accessdata.fda.gov/cdrh_docs/pdf19/K193109.pdf,direct,679604,16.0,24425.0,False,
K193170,510(k),https://www.accessdata.fda.gov/cdrh_docs/pdf19/K193170.pdf,direct,503404,8.0,14906.0,False,
K193176,510(k),https://www.accessdata.fda.gov/cdrh_docs/pdf19/K193176.pdf,direct,317756,6.0,10952.0,False,
K193178,510(k),https://www.accessdata.fda.gov/cdrh_docs/pdf19/K193178.pdf,direct,1221215,10.0,15625.0,False,
K193210,510(k),https://www.accessdata.fda.gov/cdrh_docs/pdf19/K193210.pdf,direct,592998,8.0,14053.0,False,
K193216,510(k),https://www.accessdata.fda.gov/cdrh_docs/pdf19/K193216.pdf,direct,507256,17.0,28311.0,False,
K193220,510(k),https://www.accessdata.fda.gov/cdrh_docs/pdf19/K193220.pdf,direct,682028,13.0,31413.0,False,
K193229,510(k),https://www.accessdata.fda.gov/cdrh_docs/pdf19/K193229.pdf,direct,471792,10.0,18408.0,False,
K193248,510(k),https://www.accessdata.fda.gov/cdrh_docs/pdf19/K193248.pdf,direct,1531771,11.0,16359.0,False,
K193252,510(k),https://www.accessdata.fda.gov/cdrh_docs/pdf19/K193252.pdf,direct,401501,11.0,19363.0,False,
K193267,510(k),https://www.accessdata.fda.gov/cdrh_docs/pdf19/K193267.pdf,direct,990911,9.0,21987.0,False,
K193271,510(k),https://www.accessdata.fda.gov/cdrh_docs/pdf19/K193271.pdf,direct,384980,12.0,25597.0,False,
K193281,510(k),https://www.accessdata.fda.gov/cdrh_docs/pdf19/K193281.pdf,direct,418736,6.0,12621.0,False,
K193282,510(k),https://www.accessdata.fda.gov/cdrh_docs/pdf19/K193282.pdf,direct,1064511,6.0,11973.0,False,
K193283,510(k),https://www.accessdata.fda.gov/cdrh_docs/pdf19/K193283.pdf,direct,550051,10.0,19695.0,False,
K193287,510(k),https://www.accessdata.fda.gov/cdrh_docs/pdf19/K193287.pdf,direct,490091,8.0,14182.0,False,
K193289,510(k),https://www.accessdata.fda.gov/cdrh_docs/pdf19/K193289.pdf,direct,1502782,9.0,15830.0,False,
K193290,510(k),https://www.accessdata.fda.gov/cdrh_docs/pdf19/K193290.pdf,direct,448553,8.0,14617.0,False,
K193294,510(k),https://www.accessdata.fda.gov/cdrh_docs/pdf19/K193294.pdf,direct,931956,9.0,15601.0,False,
K193298,510(k),https://www.accessdata.fda.gov/cdrh_docs/pdf19/K193298.pdf,direct,435957,9.0,22539.0,False,
K193300,510(k),https://www.accessdata.fda.gov/cdrh_docs/pdf19/K193300.pdf,direct,469872,7.0,16734.0,False,
K193306,510(k),https://www.accessdata.fda.gov/cdrh_docs/pdf19/K193306.pdf,direct,856148,7.0,13453.0,False,
K193351,510(k),https://www.accessdata.fda.gov/cdrh_docs/pdf19/K193351.pdf,direct,684342,8.0,18218.0,False,
K193417,510(k),https://www.accessdata.fda.gov/cdrh_docs/pdf19/K193417.pdf,direct,723988,11.0,18378.0,False,
K193518,510(k),https://www.accessdata.fda.gov/cdrh_docs/pdf19/K193518.pdf,direct,650204,9.0,21364.0,False,
K193562,510(k),https://www.accessdata.fda.gov/cdrh_docs/pdf19/K193562.pdf,direct,869001,13.0,26514.0,False,
K193631,510(k),https://www.accessdata.fda.gov/cdrh_docs/pdf19/K193631.pdf,direct,953016,14.0,27359.0,False,
K193658,510(k),https://www.accessdata.fda.gov/cdrh_docs/pdf19/K193658.pdf,direct,602919,10.0,19726.0,False,
K200036,510(k),https://www.accessdata.fda.gov/cdrh_docs/pdf20/K200036.pdf,direct,807714,9.0,19423.0,False,
K200232,510(k),https://www.accessdata.fda.gov/cdrh_docs/pdf20/K200232.pdf,direct,408773,12.0,24017.0,False,
K200323,510(k),https://www.accessdata.fda.gov/cdrh_docs/pdf20/K200323.pdf,direct,1281103,11.0,18401.0,False,
K200356,510(k),https://www.accessdata.fda.gov/cdrh_docs/pdf20/K200356.pdf,direct,452090,6.0,40073.0,False,
K200497,510(k),https://www.accessdata.fda.gov/cdrh_docs/pdf20/K200497.pdf,direct,460258,8.0,84222.0,False,
K200569,510(k),https://www.accessdata.fda.gov/cdrh_docs/pdf20/K200569.pdf,direct,273098,5.0,11076.0,False,
K200595,510(k),https://www.accessdata.fda.gov/cdrh_docs/pdf20/K200595.pdf,direct,530490,17.0,32317.0,False,
K200621,510(k),https://www.accessdata.fda.gov/cdrh_docs/pdf20/K200621.pdf,direct,1082866,6.0,14370.0,False,
K200667,510(k),https://www.accessdata.fda.gov/cdrh_docs/pdf20/K200667.pdf,direct,851970,24.0,45505.0,False,
K200708,510(k),https://www.accessdata.fda.gov/cdrh_docs/pdf20/K200708.pdf,direct,571026,8.0,15806.0,False,
K200714,510(k),https://www.accessdata.fda.gov/cdrh_docs/pdf20/K200714.pdf,direct,844840,14.0,40215.0,False,
K200717,510(k),https://www.accessdata.fda.gov/cdrh_docs/pdf20/K200717.pdf,direct,391634,6.0,13709.0,False,
K200743,510(k),https://www.accessdata.fda.gov/cdrh_docs/pdf20/K200743.pdf,direct,361232,8.0,20623.0,False,
K200750,510(k),https://www.accessdata.fda.gov/cdrh_docs/pdf20/K200750.pdf,direct,721576,9.0,19407.0,False,
K200755,510(k),https://www.accessdata.fda.gov/cdrh_docs/pdf20/K200755.pdf,direct,1447848,7.0,14562.0,False,
K200760,510(k),https://www.accessdata.fda.gov/cdrh_docs/pdf20/K200760.pdf,direct,763166,13.0,28763.0,False,
K200828,510(k),https://www.accessdata.fda.gov/cdrh_docs/pdf20/K200828.pdf,direct,1820606,30.0,41506.0,False,
K200833,510(k),https://www.accessdata.fda.gov/cdrh_docs/pdf20/K200833.pdf,direct,939949,12.0,19186.0,False,
K200851,510(k),https://www.accessdata.fda.gov/cdrh_docs/pdf20/K200851.pdf,direct,507335,8.0,15135.0,False,
K200852,510(k),https://www.accessdata.fda.gov/cdrh_docs/pdf20/K200852.pdf,direct,2138279,8.0,7070.0,False,
K200855,510(k),https://www.accessdata.fda.gov/cdrh_docs/pdf20/K200855.pdf,direct,645150,13.0,26358.0,False,
K200873,510(k),https://www.accessdata.fda.gov/cdrh_docs/pdf20/K200873.pdf,direct,531895,8.0,14862.0,False,
K200905,510(k),https://www.accessdata.fda.gov/cdrh_docs/pdf20/K200905.pdf,direct,672637,10.0,18537.0,False,
K200921,510(k),https://www.accessdata.fda.gov/cdrh_docs/pdf20/K200921.pdf,direct,890261,11.0,26809.0,False,
K200941,510(k),https://www.accessdata.fda.gov/cdrh_docs/pdf20/K200941.pdf,direct,374242,11.0,23750.0,False,
K200974,510(k),https://www.accessdata.fda.gov/cdrh_docs/pdf20/K200974.pdf,direct,198640,11.0,19842.0,False,
K200980,510(k),https://www.accessdata.fda.gov/cdrh_docs/pdf20/K200980.pdf,direct,433365,8.0,14458.0,False,
K200990,510(k),https://www.accessdata.fda.gov/cdrh_docs/pdf20/K200990.pdf,direct,529565,11.0,16535.0,False,
K201012,510(k),https://www.accessdata.fda.gov/cdrh_docs/pdf20/K201012.pdf,direct,493836,27.0,51169.0,False,
K201019,510(k),https://www.accessdata.fda.gov/cdrh_docs/pdf20/K201019.pdf,direct,648065,10.0,19367.0,False,
K201020,510(k),https://www.accessdata.fda.gov/cdrh_docs/pdf20/K201020.pdf,direct,1485721,9.0,24179.0,False,
K201034,510(k),https://www.accessdata.fda.gov/cdrh_docs/pdf20/K201034.pdf,direct,2751732,8.0,17072.0,False,
K201039,510(k),https://www.accessdata.fda.gov/cdrh_docs/pdf20/K201039.pdf,direct,642928,10.0,20322.0,False,
K201103,510(k),https://www.accessdata.fda.gov/cdrh_docs/pdf20/K201103.pdf,direct,612134,12.0,26026.0,False,
K201195,510(k),https://www.accessdata.fda.gov/cdrh_docs/pdf20/K201195.pdf,direct,1063376,9.0,16436.0,False,
K201232,510(k),https://www.accessdata.fda.gov/cdrh_docs/pdf20/K201232.pdf,direct,258114,9.0,19870.0,False,
K201298,510(k),https://www.accessdata.fda.gov/cdrh_docs/pdf20/K201298.pdf,direct,354097,11.0,26162.0,False,
K201301,510(k),https://www.accessdata.fda.gov/cdrh_docs/pdf20/K201301.pdf,direct,413550,,,,TypeError: 'NoneType' object is not iterable
K201310,510(k),https://www.accessdata.fda.gov/cdrh_docs/pdf20/K201310.pdf,direct,1382021,8.0,18927.0,False,
K201369,510(k),https://www.accessdata.fda.gov/cdrh_docs/pdf20/K201369.pdf,direct,657182,12.0,21911.0,False,
K201411,510(k),https://www.accessdata.fda.gov/cdrh_docs/pdf20/K201411.pdf,direct,918249,6.0,11410.0,False,
K201444,510(k),https://www.accessdata.fda.gov/cdrh_docs/pdf20/K201444.pdf,direct,587221,9.0,16695.0,False,
K201555,510(k),https://www.accessdata.fda.gov/cdrh_docs/pdf20/K201555.pdf,direct,615425,10.0,16870.0,False,
K201560,510(k),https://www.accessdata.fda.gov/cdrh_docs/pdf20/K201560.pdf,direct,565753,8.0,14849.0,False,
K201615,510(k),https://www.accessdata.fda.gov/cdrh_docs/pdf20/K201615.pdf,direct,813063,8.0,11640.0,False,
K201632,510(k),https://www.accessdata.fda.gov/cdrh_docs/pdf20/K201632.pdf,direct,564740,14.0,30185.0,False,
K201710,510(k),https://www.accessdata.fda.gov/cdrh_docs/pdf20/K201710.pdf,direct,465154,13.0,28849.0,False,
K201745,510(k),https://www.accessdata.fda.gov/cdrh_docs/pdf20/K201745.pdf,direct,1383659,11.0,19149.0,False,
K201836,510(k),https://www.accessdata.fda.gov/cdrh_docs/pdf20/K201836.pdf,direct,655732,8.0,13525.0,False,
K201841,510(k),https://www.accessdata.fda.gov/cdrh_docs/pdf20/K201841.pdf,direct,1474795,7.0,13168.0,False,
K201985,510(k),https://www.accessdata.fda.gov/cdrh_docs/pdf20/K201985.pdf,direct,1112126,9.0,19326.0,False,
K201992,510(k),https://www.accessdata.fda.gov/cdrh_docs/pdf20/K201992.pdf,direct,945221,5.0,10948.0,False,
K202013,510(k),https://www.accessdata.fda.gov/cdrh_docs/pdf20/K202013.pdf,direct,1141602,10.0,13424.0,False,
K202089,510(k),https://www.accessdata.fda.gov/cdrh_docs/pdf20/K202089.pdf,direct,577824,10.0,18932.0,False,
K202170,510(k),https://www.accessdata.fda.gov/cdrh_docs/pdf20/K202170.pdf,direct,775346,12.0,29240.0,False,
K202212,510(k),https://www.accessdata.fda.gov/cdrh_docs/pdf20/K202212.pdf,direct,710669,10.0,16004.0,False,
K202229,510(k),https://www.accessdata.fda.gov/cdrh_docs/pdf20/K202229.pdf,direct,369573,9.0,17562.0,False,
K202238,510(k),https://www.accessdata.fda.gov/cdrh_docs/pdf20/K202238.pdf,direct,527304,7.0,30130.0,False,
K202280,510(k),https://www.accessdata.fda.gov/cdrh_docs/pdf20/K202280.pdf,direct,920072,9.0,18845.0,False,
K202284,510(k),https://www.accessdata.fda.gov/cdrh_docs/pdf20/K202284.pdf,direct,541927,7.0,14552.0,False,
K202300,510(k),https://www.accessdata.fda.gov/cdrh_docs/pdf20/K202300.pdf,direct,1103175,22.0,56060.0,False,
K202404,510(k),https://www.accessdata.fda.gov/cdrh_docs/pdf20/K202404.pdf,direct,682228,8.0,13517.0,False,
K202414,510(k),https://www.accessdata.fda.gov/cdrh_docs/pdf20/K202414.pdf,direct,943645,7.0,13529.0,False,
K202441,510(k),https://www.accessdata.fda.gov/cdrh_docs/pdf20/K202441.pdf,direct,4478952,7.0,14536.0,False,
K202487,510(k),https://www.accessdata.fda.gov/cdrh_docs/pdf20/K202487.pdf,direct,589320,7.0,14014.0,False,
K202501,510(k),https://www.accessdata.fda.gov/cdrh_docs/pdf20/K202501.pdf,direct,328731,10.0,22677.0,False,
K202527,510(k),https://www.accessdata.fda.gov/cdrh_docs/pdf20/K202527.pdf,direct,924427,8.0,12145.0,False,
K202546,510(k),https://www.accessdata.fda.gov/cdrh_docs/pdf20/K202546.pdf,direct,452735,6.0,10686.0,False,
K202700,510(k),https://www.accessdata.fda.gov/cdrh_docs/pdf20/K202700.pdf,direct,531612,22.0,39646.0,False,
K202718,510(k),https://www.accessdata.fda.gov/cdrh_docs/pdf20/K202718.pdf,direct,1260262,11.0,21105.0,False,
K202767,510(k),https://www.accessdata.fda.gov/cdrh_docs/pdf20/K202767.pdf,direct,546859,8.0,26890.0,False,
K202927,510(k),https://www.accessdata.fda.gov/cdrh_docs/pdf20/K202927.pdf,direct,490376,11.0,18557.0,False,
K202928,510(k),https://www.accessdata.fda.gov/cdrh_docs/pdf20/K202928.pdf,direct,933933,11.0,24225.0,False,
K202990,510(k),https://www.accessdata.fda.gov/cdrh_docs/pdf20/K202990.pdf,direct,295298,8.0,15435.0,False,
K202992,510(k),https://www.accessdata.fda.gov/cdrh_docs/pdf20/K202992.pdf,direct,2164763,9.0,21625.0,False,
K203042,510(k),https://www.accessdata.fda.gov/cdrh_docs/pdf20/K203042.pdf,direct,695040,8.0,16727.0,False,
K203103,510(k),https://www.accessdata.fda.gov/cdrh_docs/pdf20/K203103.pdf,direct,1318225,12.0,19141.0,False,
K203169,510(k),https://www.accessdata.fda.gov/cdrh_docs/pdf20/K203169.pdf,direct,627687,9.0,16584.0,False,
K203182,510(k),https://www.accessdata.fda.gov/cdrh_docs/pdf20/K203182.pdf,direct,1035454,7.0,10894.0,False,
K203225,510(k),https://www.accessdata.fda.gov/cdrh_docs/pdf20/K203225.pdf,direct,847779,8.0,14186.0,False,
K203235,510(k),https://www.accessdata.fda.gov/cdrh_docs/pdf20/K203235.pdf,direct,739284,12.0,24085.0,False,
K203256,510(k),https://www.accessdata.fda.gov/cdrh_docs/pdf20/K203256.pdf,direct,362088,8.0,12219.0,False,
K203258,510(k),https://www.accessdata.fda.gov/cdrh_docs/pdf20/K203258.pdf,direct,840221,17.0,33459.0,False,
K203260,510(k),https://www.accessdata.fda.gov/cdrh_docs/pdf20/K203260.pdf,direct,1201393,7.0,11718.0,False,
K203280,510(k),https://www.accessdata.fda.gov/cdrh_docs/pdf20/K203280.pdf,direct,806314,13.0,31456.0,False,
K203314,510(k),https://www.accessdata.fda.gov/cdrh_docs/pdf20/K203314.pdf,direct,1387396,8.0,18870.0,False,
K203323,510(k),https://www.accessdata.fda.gov/cdrh_docs/pdf20/K203323.pdf,direct,1077814,8.0,15578.0,False,
K203329,510(k),https://www.accessdata.fda.gov/cdrh_docs/pdf20/K203329.pdf,direct,1106464,8.0,12672.0,False,
K203443,510(k),https://www.accessdata.fda.gov/cdrh_docs/pdf20/K203443.pdf,direct,573333,12.0,23508.0,False,
K203448,510(k),https://www.accessdata.fda.gov/cdrh_docs/pdf20/K203448.pdf,direct,1194043,12.0,21048.0,False,
K203469,510(k),https://www.accessdata.fda.gov/cdrh_docs/pdf20/K203469.pdf,direct,2263392,6.0,10848.0,False,
K203502,510(k),https://www.accessdata.fda.gov/cdrh_docs/pdf20/K203502.pdf,direct,2390573,7.0,10550.0,False,
K203508,510(k),https://www.accessdata.fda.gov/cdrh_docs/pdf20/K203508.pdf,direct,554705,33.0,78497.0,False,
K203514,510(k),https://www.accessdata.fda.gov/cdrh_docs/pdf20/K203514.pdf,direct,572828,9.0,17582.0,False,
K203517,510(k),https://www.accessdata.fda.gov/cdrh_docs/pdf20/K203517.pdf,direct,593067,9.0,19027.0,False,
K203555,510(k),https://www.accessdata.fda.gov/cdrh_docs/pdf20/K203555.pdf,direct,405357,10.0,18670.0,False,
K203578,510(k),https://www.accessdata.fda.gov/cdrh_docs/pdf20/K203578.pdf,direct,438633,7.0,11891.0,False,
K203582,510(k),https://www.accessdata.fda.gov/cdrh_docs/pdf20/K203582.pdf,direct,801358,12.0,23491.0,False,
K203610,510(k),https://www.accessdata.fda.gov/cdrh_docs/pdf20/K203610.pdf,direct,2923534,7.0,15237.0,False,
K203617,510(k),https://www.accessdata.fda.gov/cdrh_docs/pdf20/K203617.pdf,direct,1805525,7.0,12979.0,False,
K203629,510(k),https://www.accessdata.fda.gov/cdrh_docs/pdf20/K203629.pdf,direct,1387407,10.0,17789.0,False,
K203696,510(k),https://www.accessdata.fda.gov/cdrh_docs/pdf20/K203696.pdf,direct,1126752,8.0,14742.0,False,
K203744,510(k),https://www.accessdata.fda.gov/cdrh_docs/pdf20/K203744.pdf,direct,1297253,10.0,13979.0,False,
K203783,510(k),https://www.accessdata.fda.gov/cdrh_docs/pdf20/K203783.pdf,direct,904330,9.0,19098.0,False,
K203785,510(k),https://www.accessdata.fda.gov/cdrh_docs/pdf20/K203785.pdf,direct,582116,8.0,16260.0,False,
K203822,510(k),https://www.accessdata.fda.gov/cdrh_docs/pdf20/K203822.pdf,direct,663293,9.0,17532.0,False,
K210001,510(k),https://www.accessdata.fda.gov/cdrh_docs/pdf21/K210001.pdf,direct,3065515,7.0,12052.0,False,
K210034,510(k),https://www.accessdata.fda.gov/cdrh_docs/pdf21/K210034.pdf,direct,2151527,24.0,50475.0,False,
K210053,510(k),https://www.accessdata.fda.gov/cdrh_docs/pdf21/K210053.pdf,direct,460297,7.0,12034.0,False,
K210069,510(k),https://www.accessdata.fda.gov/cdrh_docs/pdf21/K210069.pdf,direct,1113016,10.0,14974.0,False,
K210071,510(k),https://www.accessdata.fda.gov/cdrh_docs/pdf21/K210071.pdf,direct,949805,9.0,16458.0,False,
K210085,510(k),https://www.accessdata.fda.gov/cdrh_docs/pdf21/K210085.pdf,direct,624358,11.0,18325.0,False,
K210187,510(k),https://www.accessdata.fda.gov/cdrh_docs/pdf21/K210187.pdf,direct,1558644,9.0,4641.0,False,
K210209,510(k),https://www.accessdata.fda.gov/cdrh_docs/pdf21/K210209.pdf,direct,498438,9.0,18761.0,False,
K210237,510(k),https://www.accessdata.fda.gov/cdrh_docs/pdf21/K210237.pdf,direct,301158,12.0,27294.0,False,
K210365,510(k),https://www.accessdata.fda.gov/cdrh_docs/pdf21/K210365.pdf,direct,1220328,13.0,25024.0,False,
K210404,510(k),https://www.accessdata.fda.gov/cdrh_docs/pdf21/K210404.pdf,direct,698342,11.0,17815.0,False,
K210426,510(k),https://www.accessdata.fda.gov/cdrh_docs/pdf21/K210426.pdf,direct,560791,7.0,13923.0,False,
K210438,510(k),https://www.accessdata.fda.gov/cdrh_docs/pdf21/K210438.pdf,direct,721829,8.0,16211.0,False,
K210458,510(k),https://www.accessdata.fda.gov/cdrh_docs/pdf21/K210458.pdf,direct,1041779,10.0,23869.0,False,
K210484,510(k),https://www.accessdata.fda.gov/cdrh_docs/pdf21/K210484.pdf,direct,577151,7.0,13852.0,False,
K210543,510(k),https://www.accessdata.fda.gov/cdrh_docs/pdf21/K210543.pdf,direct,978518,17.0,24735.0,False,
K210556,510(k),https://www.accessdata.fda.gov/cdrh_docs/pdf21/K210556.pdf,direct,6202621,14.0,17507.0,False,
K210611,510(k),https://www.accessdata.fda.gov/cdrh_docs/pdf21/K210611.pdf,direct,890460,11.0,18879.0,False,
K210632,510(k),https://www.accessdata.fda.gov/cdrh_docs/pdf21/K210632.pdf,direct,1064005,11.0,17461.0,False,
K210645,510(k),https://www.accessdata.fda.gov/cdrh_docs/pdf21/K210645.pdf,direct,573727,7.0,15486.0,False,
K210666,510(k),https://www.accessdata.fda.gov/cdrh_docs/pdf21/K210666.pdf,direct,814898,12.0,19388.0,False,
K210670,510(k),https://www.accessdata.fda.gov/cdrh_docs/pdf21/K210670.pdf,direct,753936,20.0,40209.0,False,
K210719,510(k),https://www.accessdata.fda.gov/cdrh_docs/pdf21/K210719.pdf,direct,514726,10.0,17184.0,False,
K210747,510(k),https://www.accessdata.fda.gov/cdrh_docs/pdf21/K210747.pdf,direct,514512,8.0,16304.0,False,
K210760,510(k),https://www.accessdata.fda.gov/cdrh_docs/pdf21/K210760.pdf,direct,1117223,8.0,16677.0,False,
K210791,510(k),https://www.accessdata.fda.gov/cdrh_docs/pdf21/K210791.pdf,direct,1495979,9.0,15481.0,False,
K210807,510(k),https://www.accessdata.fda.gov/cdrh_docs/pdf21/K210807.pdf,direct,1062984,9.0,18662.0,False,
K210822,510(k),https://www.accessdata.fda.gov/cdrh_docs/pdf21/K210822.pdf,direct,1095318,12.0,23156.0,False,
K210831,510(k),https://www.accessdata.fda.gov/cdrh_docs/pdf21/K210831.pdf,direct,1119798,9.0,18752.0,False,
K210999,510(k),https://www.accessdata.fda.gov/cdrh_docs/pdf21/K210999.pdf,direct,535179,7.0,13840.0,False,
K211118,510(k),https://www.accessdata.fda.gov/cdrh_docs/pdf21/K211118.pdf,direct,1822899,7.0,12249.0,False,
K211161,510(k),https://www.accessdata.fda.gov/cdrh_docs/pdf21/K211161.pdf,direct,291322,9.0,17915.0,False,
K211179,510(k),https://www.accessdata.fda.gov/cdrh_docs/pdf21/K211179.pdf,direct,673036,10.0,18879.0,False,
K211222,510(k),https://www.accessdata.fda.gov/cdrh_docs/pdf21/K211222.pdf,direct,641186,9.0,14441.0,False,
K211279,510(k),https://www.accessdata.fda.gov/cdrh_docs/pdf21/K211279.pdf,direct,517001,8.0,18870.0,False,
K211326,510(k),https://www.accessdata.fda.gov/cdrh_docs/pdf21/K211326.pdf,direct,1043030,6.0,11699.0,False,
K211379,510(k),https://www.accessdata.fda.gov/cdrh_docs/pdf21/K211379.pdf,direct,984654,9.0,16038.0,False,
K211431,510(k),https://www.accessdata.fda.gov/cdrh_docs/pdf21/K211431.pdf,direct,633053,9.0,21433.0,False,
K211443,510(k),https://www.accessdata.fda.gov/cdrh_docs/pdf21/K211443.pdf,direct,398510,10.0,14965.0,False,
K211459,510(k),https://www.accessdata.fda.gov/cdrh_docs/pdf21/K211459.pdf,direct,709472,9.0,15445.0,False,
K211506,510(k),https://www.accessdata.fda.gov/cdrh_docs/pdf21/K211506.pdf,direct,647747,7.0,12735.0,False,
K211541,510(k),https://www.accessdata.fda.gov/cdrh_docs/pdf21/K211541.pdf,direct,674017,8.0,13824.0,False,
K211597,510(k),https://www.accessdata.fda.gov/cdrh_docs/pdf21/K211597.pdf,direct,1195132,8.0,14144.0,False,
K211611,510(k),https://www.accessdata.fda.gov/cdrh_docs/pdf21/K211611.pdf,direct,558375,10.0,19370.0,False,
K211655,510(k),https://www.accessdata.fda.gov/cdrh_docs/pdf21/K211655.pdf,direct,573000,11.0,22744.0,False,
K211678,510(k),https://www.accessdata.fda.gov/cdrh_docs/pdf21/K211678.pdf,direct,694993,14.0,26807.0,False,
K211733,510(k),https://www.accessdata.fda.gov/cdrh_docs/pdf21/K211733.pdf,direct,1064745,13.0,32690.0,False,
K211764,510(k),https://www.accessdata.fda.gov/cdrh_docs/pdf21/K211764.pdf,direct,551966,8.0,18847.0,False,
K211788,510(k),https://www.accessdata.fda.gov/cdrh_docs/pdf21/K211788.pdf,direct,565714,7.0,61363.0,False,
K211803,510(k),https://www.accessdata.fda.gov/cdrh_docs/pdf21/K211803.pdf,direct,457040,9.0,18807.0,False,
K211824,510(k),https://www.accessdata.fda.gov/cdrh_docs/pdf21/K211824.pdf,direct,570794,9.0,21017.0,False,
K211828,510(k),https://www.accessdata.fda.gov/cdrh_docs/pdf21/K211828.pdf,direct,442321,8.0,15820.0,False,
K211841,510(k),https://www.accessdata.fda.gov/cdrh_docs/pdf21/K211841.pdf,direct,1142274,8.0,18829.0,False,
K211846,510(k),https://www.accessdata.fda.gov/cdrh_docs/pdf21/K211846.pdf,direct,1590524,11.0,15632.0,False,
K211867,510(k),https://www.accessdata.fda.gov/cdrh_docs/pdf21/K211867.pdf,direct,2585001,8.0,13119.0,False,
K211881,510(k),https://www.accessdata.fda.gov/cdrh_docs/pdf21/K211881.pdf,direct,586856,6.0,11482.0,False,
K211906,510(k),https://www.accessdata.fda.gov/cdrh_docs/pdf21/K211906.pdf,direct,1248457,10.0,89190.0,False,
K211945,510(k),https://www.accessdata.fda.gov/cdrh_docs/pdf21/K211945.pdf,direct,570812,7.0,14502.0,False,
K211951,510(k),https://www.accessdata.fda.gov/cdrh_docs/pdf21/K211951.pdf,direct,855993,7.0,15917.0,False,
K211964,510(k),https://www.accessdata.fda.gov/cdrh_docs/pdf21/K211964.pdf,direct,894186,7.0,11537.0,False,
K211966,510(k),https://www.accessdata.fda.gov/cdrh_docs/pdf21/K211966.pdf,direct,647787,8.0,16573.0,False,
K211980,510(k),https://www.accessdata.fda.gov/cdrh_docs/pdf21/K211980.pdf,direct,478460,8.0,13909.0,False,
K212005,510(k),https://www.accessdata.fda.gov/cdrh_docs/pdf21/K212005.pdf,direct,687345,9.0,16004.0,False,
K212012,510(k),https://www.accessdata.fda.gov/cdrh_docs/pdf21/K212012.pdf,direct,1726376,8.0,15747.0,False,
K212067,510(k),https://www.accessdata.fda.gov/cdrh_docs/pdf21/K212067.pdf,direct,494191,9.0,16667.0,False,
K212074,510(k),https://www.accessdata.fda.gov/cdrh_docs/pdf21/K212074.pdf,direct,359266,6.0,12413.0,False,
K212100,510(k),https://www.accessdata.fda.gov/cdrh_docs/pdf21/K212100.pdf,direct,695464,14.0,25583.0,False,
K212116,510(k),https://www.accessdata.fda.gov/cdrh_docs/pdf21/K212116.pdf,direct,783859,11.0,20263.0,False,
K212218,510(k),https://www.accessdata.fda.gov/cdrh_docs/pdf21/K212218.pdf,direct,528699,6.0,13008.0,False,
K212219,510(k),https://www.accessdata.fda.gov/cdrh_docs/pdf21/K212219.pdf,direct,645115,10.0,18750.0,False,
K212230,510(k),https://www.accessdata.fda.gov/cdrh_docs/pdf21/K212230.pdf,direct,853540,9.0,16773.0,False,
K212261,510(k),https://www.accessdata.fda.gov/cdrh_docs/pdf21/K212261.pdf,direct,836643,11.0,20908.0,False,
K212265,510(k),https://www.accessdata.fda.gov/cdrh_docs/pdf21/K212265.pdf,direct,1068914,9.0,18780.0,False,
K212269,510(k),https://www.accessdata.fda.gov/cdrh_docs/pdf21/K212269.pdf,direct,642789,6.0,11221.0,False,
K212274,510(k),https://www.accessdata.fda.gov/cdrh_docs/pdf21/K212274.pdf,direct,819142,10.0,15900.0,False,
K212333,510(k),https://www.accessdata.fda.gov/cdrh_docs/pdf21/K212333.pdf,direct,726170,7.0,15524.0,False,
K212336,510(k),https://www.accessdata.fda.gov/cdrh_docs/pdf21/K212336.pdf,direct,419975,10.0,73192.0,False,
K212365,510(k),https://www.accessdata.fda.gov/cdrh_docs/pdf21/K212365.pdf,direct,805887,14.0,27037.0,False,
K212383,510(k),https://www.accessdata.fda.gov/cdrh_docs/pdf21/K212383.pdf,direct,1279053,15.0,27496.0,False,
K212441,510(k),https://www.accessdata.fda.gov/cdrh_docs/pdf21/K212441.pdf,direct,1212995,16.0,30277.0,False,
K212442,510(k),https://www.accessdata.fda.gov/cdrh_docs/pdf21/K212442.pdf,direct,1292997,13.0,29283.0,False,
K212456,510(k),https://www.accessdata.fda.gov/cdrh_docs/pdf21/K212456.pdf,direct,587180,8.0,73158.0,False,
K212466,510(k),https://www.accessdata.fda.gov/cdrh_docs/pdf21/K212466.pdf,direct,486012,7.0,12107.0,False,
K212516,510(k),https://www.accessdata.fda.gov/cdrh_docs/pdf21/K212516.pdf,direct,542192,12.0,19026.0,False,
K212519,510(k),https://www.accessdata.fda.gov/cdrh_docs/pdf21/K212519.pdf,direct,1085987,12.0,23152.0,False,
K212616,510(k),https://www.accessdata.fda.gov/cdrh_docs/pdf21/K212616.pdf,direct,1650339,31.0,55488.0,False,
K212624,510(k),https://www.accessdata.fda.gov/cdrh_docs/pdf21/K212624.pdf,direct,664308,11.0,21087.0,False,
K212654,510(k),https://www.accessdata.fda.gov/cdrh_docs/pdf21/K212654.pdf,direct,1463681,11.0,22014.0,False,
K212662,510(k),https://www.accessdata.fda.gov/cdrh_docs/pdf21/K212662.pdf,direct,1586903,11.0,122997.0,False,
K212690,510(k),https://www.accessdata.fda.gov/cdrh_docs/pdf21/K212690.pdf,direct,605774,8.0,13388.0,False,
K212704,510(k),https://www.accessdata.fda.gov/cdrh_docs/pdf21/K212704.pdf,direct,1071273,8.0,18534.0,False,
K212758,510(k),https://www.accessdata.fda.gov/cdrh_docs/pdf21/K212758.pdf,direct,502232,9.0,19235.0,False,
K212783,510(k),https://www.accessdata.fda.gov/cdrh_docs/pdf21/K212783.pdf,direct,786541,14.0,30051.0,False,
K212915,510(k),https://www.accessdata.fda.gov/cdrh_docs/pdf21/K212915.pdf,direct,484047,9.0,18602.0,False,
K212960,510(k),https://www.accessdata.fda.gov/cdrh_docs/pdf21/K212960.pdf,direct,726346,7.0,16474.0,False,
K213037,510(k),https://www.accessdata.fda.gov/cdrh_docs/pdf21/K213037.pdf,direct,519898,12.0,23856.0,False,
K213096,510(k),https://www.accessdata.fda.gov/cdrh_docs/pdf21/K213096.pdf,direct,1435362,11.0,22929.0,False,
K213155,510(k),https://www.accessdata.fda.gov/cdrh_docs/pdf21/K213155.pdf,direct,474390,9.0,16621.0,False,
K213165,510(k),https://www.accessdata.fda.gov/cdrh_docs/pdf21/K213165.pdf,direct,817961,15.0,29225.0,False,
K213272,510(k),https://www.accessdata.fda.gov/cdrh_docs/pdf21/K213272.pdf,direct,2689011,8.0,19227.0,False,
K213275,510(k),https://www.accessdata.fda.gov/cdrh_docs/pdf21/K213275.pdf,direct,564832,10.0,16759.0,False,
K213305,510(k),https://www.accessdata.fda.gov/cdrh_docs/pdf21/K213305.pdf,direct,1086424,10.0,22636.0,False,
K213307,510(k),https://www.accessdata.fda.gov/cdrh_docs/pdf21/K213307.pdf,direct,1044961,7.0,12719.0,False,
K213319,510(k),https://www.accessdata.fda.gov/cdrh_docs/pdf21/K213319.pdf,direct,1295723,12.0,23501.0,False,
K213353,510(k),https://www.accessdata.fda.gov/cdrh_docs/pdf21/K213353.pdf,direct,1241246,13.0,20968.0,False,
K213357,510(k),https://www.accessdata.fda.gov/cdrh_docs/pdf21/K213357.pdf,direct,521005,9.0,17340.0,False,
K213409,510(k),https://www.accessdata.fda.gov/cdrh_docs/pdf21/K213409.pdf,direct,891237,10.0,16667.0,False,
K213436,510(k),https://www.accessdata.fda.gov/cdrh_docs/pdf21/K213436.pdf,direct,1535228,8.0,17175.0,False,
K213504,510(k),https://www.accessdata.fda.gov/cdrh_docs/pdf21/K213504.pdf,direct,3347983,20.0,27948.0,False,
K213544,510(k),https://www.accessdata.fda.gov/cdrh_docs/pdf21/K213544.pdf,direct,916291,13.0,22144.0,False,
K213566,510(k),https://www.accessdata.fda.gov/cdrh_docs/pdf21/K213566.pdf,direct,1006609,11.0,18368.0,False,
K213583,510(k),https://www.accessdata.fda.gov/cdrh_docs/pdf21/K213583.pdf,direct,1847058,10.0,19073.0,False,
K213603,510(k),https://www.accessdata.fda.gov/cdrh_docs/pdf21/K213603.pdf,direct,452119,6.0,13185.0,False,
K213628,510(k),https://www.accessdata.fda.gov/cdrh_docs/pdf21/K213628.pdf,direct,743618,7.0,12033.0,False,
K213642,510(k),https://www.accessdata.fda.gov/cdrh_docs/pdf21/K213642.pdf,direct,1274205,8.0,13524.0,False,
K213645,510(k),https://www.accessdata.fda.gov/cdrh_docs/pdf21/K213645.pdf,direct,505331,6.0,13364.0,False,
K213657,510(k),https://www.accessdata.fda.gov/cdrh_docs/pdf21/K213657.pdf,direct,1061087,8.0,18166.0,False,
K213668,510(k),https://www.accessdata.fda.gov/cdrh_docs/pdf21/K213668.pdf,direct,2385136,9.0,13838.0,False,
K213686,510(k),https://www.accessdata.fda.gov/cdrh_docs/pdf21/K213686.pdf,direct,1584674,19.0,26768.0,False,
K213689,510(k),https://www.accessdata.fda.gov/cdrh_docs/pdf21/K213689.pdf,direct,1026112,7.0,14314.0,False,
K213693,510(k),https://www.accessdata.fda.gov/cdrh_docs/pdf21/K213693.pdf,direct,536588,11.0,23126.0,False,
K213706,510(k),https://www.accessdata.fda.gov/cdrh_docs/pdf21/K213706.pdf,direct,1690148,13.0,25272.0,False,
K213713,510(k),https://www.accessdata.fda.gov/cdrh_docs/pdf21/K213713.pdf,direct,1858655,10.0,22069.0,False,
K213717,510(k),https://www.accessdata.fda.gov/cdrh_docs/pdf21/K213717.pdf,direct,529910,7.0,11968.0,False,
K213721,510(k),https://www.accessdata.fda.gov/cdrh_docs/pdf21/K213721.pdf,direct,717015,9.0,22392.0,False,
K213725,510(k),https://www.accessdata.fda.gov/cdrh_docs/pdf21/K213725.pdf,direct,2121914,8.0,16089.0,False,
K213737,510(k),https://www.accessdata.fda.gov/cdrh_docs/pdf21/K213737.pdf,direct,1116553,8.0,16165.0,False,
K213760,510(k),https://www.accessdata.fda.gov/cdrh_docs/pdf21/K213760.pdf,direct,928192,10.0,17866.0,False,
K213776,510(k),https://www.accessdata.fda.gov/cdrh_docs/pdf21/K213776.pdf,direct,604522,12.0,19905.0,False,
K213779,510(k),https://www.accessdata.fda.gov/cdrh_docs/pdf21/K213779.pdf,direct,402372,6.0,11262.0,False,
K213794,510(k),https://www.accessdata.fda.gov/cdrh_docs/pdf21/K213794.pdf,direct,1972887,9.0,17413.0,False,
K213795,510(k),https://www.accessdata.fda.gov/cdrh_docs/pdf21/K213795.pdf,direct,1069754,10.0,17098.0,False,
K213857,510(k),https://www.accessdata.fda.gov/cdrh_docs/pdf21/K213857.pdf,direct,1538125,8.0,14387.0,False,
K213882,510(k),https://www.accessdata.fda.gov/cdrh_docs/pdf21/K213882.pdf,direct,658815,10.0,16939.0,False,
K213886,510(k),https://www.accessdata.fda.gov/cdrh_docs/pdf21/K213886.pdf,direct,1858034,8.0,23164.0,False,
K213938,510(k),https://www.accessdata.fda.gov/cdrh_docs/pdf21/K213938.pdf,direct,1702427,9.0,15410.0,False,
K213941,510(k),https://www.accessdata.fda.gov/cdrh_docs/pdf21/K213941.pdf,direct,608884,8.0,18746.0,False,
K213944,510(k),https://www.accessdata.fda.gov/cdrh_docs/pdf21/K213944.pdf,direct,1039249,11.0,21503.0,False,
K213960,510(k),https://www.accessdata.fda.gov/cdrh_docs/pdf21/K213960.pdf,direct,747047,14.0,26951.0,False,
K213971,510(k),https://www.accessdata.fda.gov/cdrh_docs/pdf21/K213971.pdf,direct,543705,13.0,22996.0,False,
K213976,510(k),https://www.accessdata.fda.gov/cdrh_docs/pdf21/K213976.pdf,direct,1248108,15.0,22947.0,False,
K213986,510(k),https://www.accessdata.fda.gov/cdrh_docs/pdf21/K213986.pdf,direct,2722504,9.0,15421.0,False,
K213998,510(k),https://www.accessdata.fda.gov/cdrh_docs/pdf21/K213998.pdf,direct,764558,12.0,23692.0,False,
K213999,510(k),https://www.accessdata.fda.gov/cdrh_docs/pdf21/K213999.pdf,direct,1244167,9.0,16771.0,False,
K214019,510(k),https://www.accessdata.fda.gov/cdrh_docs/pdf21/K214019.pdf,direct,1332590,8.0,13784.0,False,
K214036,510(k),https://www.accessdata.fda.gov/cdrh_docs/pdf21/K214036.pdf,direct,1292363,14.0,31783.0,False,
K214043,510(k),https://www.accessdata.fda.gov/cdrh_docs/pdf21/K214043.pdf,direct,1081623,9.0,20663.0,False,
K214081,510(k),https://www.accessdata.fda.gov/cdrh_docs/pdf21/K214081.pdf,direct,459214,14.0,23680.0,False,
K220013,510(k),https://www.accessdata.fda.gov/cdrh_docs/pdf22/K220013.pdf,direct,655140,9.0,16483.0,False,
K220034,510(k),https://www.accessdata.fda.gov/cdrh_docs/pdf22/K220034.pdf,direct,810117,11.0,17049.0,False,
K220043,510(k),https://www.accessdata.fda.gov/cdrh_docs/pdf22/K220043.pdf,direct,807244,8.0,14574.0,False,
K220068,510(k),https://www.accessdata.fda.gov/cdrh_docs/pdf22/K220068.pdf,direct,463107,8.0,16839.0,False,
K220080,510(k),https://www.accessdata.fda.gov/cdrh_docs/pdf22/K220080.pdf,direct,1235925,7.0,19337.0,False,
K220105,510(k),https://www.accessdata.fda.gov/cdrh_docs/pdf22/K220105.pdf,direct,3726246,7.0,17057.0,False,
K220141,510(k),https://www.accessdata.fda.gov/cdrh_docs/pdf22/K220141.pdf,direct,607735,8.0,12034.0,False,
K220151,510(k),https://www.accessdata.fda.gov/cdrh_docs/pdf22/K220151.pdf,direct,2506256,9.0,17135.0,False,
K220164,510(k),https://www.accessdata.fda.gov/cdrh_docs/pdf22/K220164.pdf,direct,847535,18.0,22986.0,False,
K220192,510(k),https://www.accessdata.fda.gov/cdrh_docs/pdf22/K220192.pdf,direct,1431009,10.0,19382.0,False,
K220264,510(k),https://www.accessdata.fda.gov/cdrh_docs/pdf22/K220264.pdf,direct,873564,8.0,13361.0,False,
K220332,510(k),https://www.accessdata.fda.gov/cdrh_docs/pdf22/K220332.pdf,direct,1123252,20.0,35296.0,False,
K220349,510(k),https://www.accessdata.fda.gov/cdrh_docs/pdf22/K220349.pdf,direct,825738,14.0,22968.0,False,
K220358,510(k),https://www.accessdata.fda.gov/cdrh_docs/pdf22/K220358.pdf,direct,582106,11.0,18907.0,False,
K220408,510(k),https://www.accessdata.fda.gov/cdrh_docs/pdf22/K220408.pdf,direct,5807498,22.0,7216.0,False,
K220416,510(k),https://www.accessdata.fda.gov/cdrh_docs/pdf22/K220416.pdf,direct,527879,8.0,14281.0,False,
K220437,510(k),https://www.accessdata.fda.gov/cdrh_docs/pdf22/K220437.pdf,direct,347133,10.0,19439.0,False,
K220439,510(k),https://www.accessdata.fda.gov/cdrh_docs/pdf22/K220439.pdf,direct,2026580,10.0,21033.0,False,
K220446,510(k),https://www.accessdata.fda.gov/cdrh_docs/pdf22/K220446.pdf,direct,565941,9.0,18365.0,False,
K220497,510(k),https://www.accessdata.fda.gov/cdrh_docs/pdf22/K220497.pdf,direct,1473708,14.0,29200.0,False,
K220499,510(k),https://www.accessdata.fda.gov/cdrh_docs/pdf22/K220499.pdf,direct,697467,11.0,21992.0,False,
K220575,510(k),https://www.accessdata.fda.gov/cdrh_docs/pdf22/K220575.pdf,direct,575038,9.0,17900.0,False,
K220589,510(k),https://www.accessdata.fda.gov/cdrh_docs/pdf22/K220589.pdf,direct,708277,9.0,14793.0,False,
K220590,510(k),https://www.accessdata.fda.gov/cdrh_docs/pdf22/K220590.pdf,direct,690887,11.0,19015.0,False,
K220598,510(k),https://www.accessdata.fda.gov/cdrh_docs/pdf22/K220598.pdf,direct,406429,17.0,29050.0,False,
K220619,510(k),https://www.accessdata.fda.gov/cdrh_docs/pdf22/K220619.pdf,direct,491051,9.0,18413.0,False,
K220624,510(k),https://www.accessdata.fda.gov/cdrh_docs/pdf22/K220624.pdf,direct,2922624,13.0,16738.0,False,
K220709,510(k),https://www.accessdata.fda.gov/cdrh_docs/pdf22/K220709.pdf,direct,595707,11.0,24137.0,False,
K220766,510(k),https://www.accessdata.fda.gov/cdrh_docs/pdf22/K220766.pdf,direct,1825280,7.0,15345.0,False,
K220783,510(k),https://www.accessdata.fda.gov/cdrh_docs/pdf22/K220783.pdf,direct,951167,10.0,18324.0,False,
K220786,510(k),https://www.accessdata.fda.gov/cdrh_docs/pdf22/K220786.pdf,direct,582260,13.0,26775.0,False,
K220800,510(k),https://www.accessdata.fda.gov/cdrh_docs/pdf22/K220800.pdf,direct,575760,12.0,19126.0,False,
K220813,510(k),https://www.accessdata.fda.gov/cdrh_docs/pdf22/K220813.pdf,direct,602778,31.0,71468.0,False,
K220815,510(k),https://www.accessdata.fda.gov/cdrh_docs/pdf22/K220815.pdf,direct,808006,8.0,13943.0,False,
K220848,510(k),https://www.accessdata.fda.gov/cdrh_docs/pdf22/K220848.pdf,direct,859395,12.0,19232.0,False,
K220851,510(k),https://www.accessdata.fda.gov/cdrh_docs/pdf22/K220851.pdf,direct,928041,12.0,19651.0,False,
K220882,510(k),https://www.accessdata.fda.gov/cdrh_docs/pdf22/K220882.pdf,direct,609198,9.0,35139.0,False,
K220899,510(k),https://www.accessdata.fda.gov/cdrh_docs/pdf22/K220899.pdf,direct,531647,11.0,20285.0,False,
K220928,510(k),https://www.accessdata.fda.gov/cdrh_docs/pdf22/K220928.pdf,direct,2791948,10.0,20062.0,False,
K220939,510(k),https://www.accessdata.fda.gov/cdrh_docs/pdf22/K220939.pdf,direct,675499,12.0,21763.0,False,
K220940,510(k),https://www.accessdata.fda.gov/cdrh_docs/pdf22/K220940.pdf,direct,707251,8.0,13280.0,False,
K220956,510(k),https://www.accessdata.fda.gov/cdrh_docs/pdf22/K220956.pdf,direct,754994,9.0,15222.0,False,
K220961,510(k),https://www.accessdata.fda.gov/cdrh_docs/pdf22/K220961.pdf,direct,1211598,8.0,14999.0,False,
K220975,510(k),https://www.accessdata.fda.gov/cdrh_docs/pdf22/K220975.pdf,direct,732892,8.0,17117.0,False,
K220986,510(k),https://www.accessdata.fda.gov/cdrh_docs/pdf22/K220986.pdf,direct,1227287,8.0,15715.0,False,
K221100,510(k),https://www.accessdata.fda.gov/cdrh_docs/pdf22/K221100.pdf,direct,1357342,8.0,14152.0,False,
K221106,510(k),https://www.accessdata.fda.gov/cdrh_docs/pdf22/K221106.pdf,direct,570658,7.0,12024.0,False,
K221147,510(k),https://www.accessdata.fda.gov/cdrh_docs/pdf22/K221147.pdf,direct,857572,9.0,17616.0,False,
K221148,510(k),https://www.accessdata.fda.gov/cdrh_docs/pdf22/K221148.pdf,direct,1344957,8.0,16661.0,False,
K221179,510(k),https://www.accessdata.fda.gov/cdrh_docs/pdf22/K221179.pdf,direct,1405664,11.0,23197.0,False,
K221183,510(k),https://www.accessdata.fda.gov/cdrh_docs/pdf22/K221183.pdf,direct,458533,15.0,32538.0,False,
K221203,510(k),https://www.accessdata.fda.gov/cdrh_docs/pdf22/K221203.pdf,direct,1099926,5.0,4751.0,False,
K221219,510(k),https://www.accessdata.fda.gov/cdrh_docs/pdf22/K221219.pdf,direct,1329973,8.0,15612.0,False,
K221240,510(k),https://www.accessdata.fda.gov/cdrh_docs/pdf22/K221240.pdf,direct,792980,9.0,21621.0,False,
K221241,510(k),https://www.accessdata.fda.gov/cdrh_docs/pdf22/K221241.pdf,direct,526424,10.0,21909.0,False,
K221248,510(k),https://www.accessdata.fda.gov/cdrh_docs/pdf22/K221248.pdf,direct,795965,10.0,19490.0,False,
K221305,510(k),https://www.accessdata.fda.gov/cdrh_docs/pdf22/K221305.pdf,direct,608080,17.0,31859.0,False,
K221309,510(k),https://www.accessdata.fda.gov/cdrh_docs/pdf22/K221309.pdf,direct,561642,15.0,33568.0,False,
K221314,510(k),https://www.accessdata.fda.gov/cdrh_docs/pdf22/K221314.pdf,direct,659324,9.0,21650.0,False,
K221330,510(k),https://www.accessdata.fda.gov/cdrh_docs/pdf22/K221330.pdf,direct,507060,13.0,27139.0,False,
K221347,510(k),https://www.accessdata.fda.gov/cdrh_docs/pdf22/K221347.pdf,direct,1125838,10.0,17799.0,False,
K221393,510(k),https://www.accessdata.fda.gov/cdrh_docs/pdf22/K221393.pdf,direct,702706,7.0,13994.0,False,
K221432,510(k),https://www.accessdata.fda.gov/cdrh_docs/pdf22/K221432.pdf,direct,476773,6.0,12818.0,False,
K221449,510(k),https://www.accessdata.fda.gov/cdrh_docs/pdf22/K221449.pdf,direct,628752,10.0,21383.0,False,
K221456,510(k),https://www.accessdata.fda.gov/cdrh_docs/pdf22/K221456.pdf,direct,752635,11.0,21558.0,False,
K221463,510(k),https://www.accessdata.fda.gov/cdrh_docs/pdf22/K221463.pdf,direct,1299774,8.0,15330.0,False,
K221552,510(k),https://www.accessdata.fda.gov/cdrh_docs/pdf22/K221552.pdf,direct,1003212,9.0,15235.0,False,
K221564,510(k),https://www.accessdata.fda.gov/cdrh_docs/pdf22/K221564.pdf,direct,2924552,22.0,44424.0,False,
K221592,510(k),https://www.accessdata.fda.gov/cdrh_docs/pdf22/K221592.pdf,direct,488172,12.0,26767.0,False,
K221599,510(k),https://www.accessdata.fda.gov/cdrh_docs/pdf22/K221599.pdf,direct,897874,9.0,19933.0,False,
K221624,510(k),https://www.accessdata.fda.gov/cdrh_docs/pdf22/K221624.pdf,direct,2732963,13.0,30431.0,False,
K221632,510(k),https://www.accessdata.fda.gov/cdrh_docs/pdf22/K221632.pdf,direct,740575,6.0,10894.0,False,
K221680,510(k),https://www.accessdata.fda.gov/cdrh_docs/pdf22/K221680.pdf,direct,594454,11.0,24876.0,False,
K221706,510(k),https://www.accessdata.fda.gov/cdrh_docs/pdf22/K221706.pdf,direct,2695234,12.0,17291.0,False,
K221716,510(k),https://www.accessdata.fda.gov/cdrh_docs/pdf22/K221716.pdf,direct,465959,10.0,24811.0,False,
K221727,510(k),https://www.accessdata.fda.gov/cdrh_docs/pdf22/K221727.pdf,direct,2133391,8.0,16123.0,False,
K221733,510(k),https://www.accessdata.fda.gov/cdrh_docs/pdf22/K221733.pdf,direct,425369,8.0,13926.0,False,
K221738,510(k),https://www.accessdata.fda.gov/cdrh_docs/pdf22/K221738.pdf,direct,521866,7.0,10514.0,False,
K221762,510(k),https://www.accessdata.fda.gov/cdrh_docs/pdf22/K221762.pdf,direct,2705940,11.0,17627.0,False,
K221772,510(k),https://www.accessdata.fda.gov/cdrh_docs/pdf22/K221772.pdf,direct,2099114,8.0,15376.0,False,
K221868,510(k),https://www.accessdata.fda.gov/cdrh_docs/pdf22/K221868.pdf,direct,1170907,14.0,20802.0,False,
K221892,510(k),https://www.accessdata.fda.gov/cdrh_docs/pdf22/K221892.pdf,direct,529999,12.0,19032.0,False,
K221921,510(k),https://www.accessdata.fda.gov/cdrh_docs/pdf22/K221921.pdf,direct,2824761,13.0,23956.0,False,
K221923,510(k),https://www.accessdata.fda.gov/cdrh_docs/pdf22/K221923.pdf,direct,1413144,7.0,13680.0,False,
K221962,510(k),https://www.accessdata.fda.gov/cdrh_docs/pdf22/K221962.pdf,direct,496486,7.0,14142.0,False,
K222036,510(k),https://www.accessdata.fda.gov/cdrh_docs/pdf22/K222036.pdf,direct,3150231,10.0,23317.0,False,
K222070,510(k),https://www.accessdata.fda.gov/cdrh_docs/pdf22/K222070.pdf,direct,1890754,19.0,38377.0,False,
K222076,510(k),https://www.accessdata.fda.gov/cdrh_docs/pdf22/K222076.pdf,direct,748136,11.0,16944.0,False,
K222172,510(k),https://www.accessdata.fda.gov/cdrh_docs/pdf22/K222172.pdf,direct,875019,9.0,13893.0,False,
K222174,510(k),https://www.accessdata.fda.gov/cdrh_docs/pdf22/K222174.pdf,direct,2685251,9.0,17579.0,False,
K222176,510(k),https://www.accessdata.fda.gov/cdrh_docs/pdf22/K222176.pdf,direct,813464,17.0,34854.0,False,
K222179,510(k),https://www.accessdata.fda.gov/cdrh_docs/pdf22/K222179.pdf,direct,1384146,9.0,19413.0,False,
K222268,510(k),https://www.accessdata.fda.gov/cdrh_docs/pdf22/K222268.pdf,direct,1287405,8.0,18005.0,False,
K222275,510(k),https://www.accessdata.fda.gov/cdrh_docs/pdf22/K222275.pdf,direct,575536,8.0,14297.0,False,
K222277,510(k),https://www.accessdata.fda.gov/cdrh_docs/pdf22/K222277.pdf,direct,462280,11.0,23435.0,False,
K222312,510(k),https://www.accessdata.fda.gov/cdrh_docs/pdf22/K222312.pdf,direct,2645386,14.0,32868.0,False,
K222329,510(k),https://www.accessdata.fda.gov/cdrh_docs/pdf22/K222329.pdf,direct,572509,9.0,22074.0,False,
K222360,510(k),https://www.accessdata.fda.gov/cdrh_docs/pdf22/K222360.pdf,direct,527385,12.0,22765.0,False,
K222361,510(k),https://www.accessdata.fda.gov/cdrh_docs/pdf22/K222361.pdf,direct,1109518,11.0,21909.0,False,
K222389,510(k),https://www.accessdata.fda.gov/cdrh_docs/pdf22/K222389.pdf,direct,3161619,7.0,15573.0,False,
K222406,510(k),https://www.accessdata.fda.gov/cdrh_docs/pdf22/K222406.pdf,direct,787865,15.0,29267.0,False,
K222428,510(k),https://www.accessdata.fda.gov/cdrh_docs/pdf22/K222428.pdf,direct,689832,13.0,26607.0,False,
K222458,510(k),https://www.accessdata.fda.gov/cdrh_docs/pdf22/K222458.pdf,direct,621605,11.0,17164.0,False,
K222579,510(k),https://www.accessdata.fda.gov/cdrh_docs/pdf22/K222579.pdf,direct,2674269,12.0,20111.0,False,
K222593,510(k),https://www.accessdata.fda.gov/cdrh_docs/pdf22/K222593.pdf,direct,2739315,11.0,25118.0,False,
K222676,510(k),https://www.accessdata.fda.gov/cdrh_docs/pdf22/K222676.pdf,direct,2709031,7.0,15113.0,False,
K222692,510(k),https://www.accessdata.fda.gov/cdrh_docs/pdf22/K222692.pdf,direct,481003,10.0,19951.0,False,
K222728,510(k),https://www.accessdata.fda.gov/cdrh_docs/pdf22/K222728.pdf,direct,520558,21.0,44052.0,False,
K222745,510(k),https://www.accessdata.fda.gov/cdrh_docs/pdf22/K222745.pdf,direct,2619178,15.0,22047.0,False,
K222746,510(k),https://www.accessdata.fda.gov/cdrh_docs/pdf22/K222746.pdf,direct,2910538,12.0,25076.0,False,
K222755,510(k),https://www.accessdata.fda.gov/cdrh_docs/pdf22/K222755.pdf,direct,2788539,14.0,28996.0,False,
K222803,510(k),https://www.accessdata.fda.gov/cdrh_docs/pdf22/K222803.pdf,direct,2597478,10.0,23499.0,False,
K222819,510(k),https://www.accessdata.fda.gov/cdrh_docs/pdf22/K222819.pdf,direct,618221,10.0,19361.0,False,
K222884,510(k),https://www.accessdata.fda.gov/cdrh_docs/pdf22/K222884.pdf,direct,2850569,12.0,26560.0,False,
K222921,510(k),https://www.accessdata.fda.gov/cdrh_docs/pdf22/K222921.pdf,direct,2599181,9.0,15817.0,False,
K222970,510(k),https://www.accessdata.fda.gov/cdrh_docs/pdf22/K222970.pdf,direct,2249502,8.0,12883.0,False,
K223028,510(k),https://www.accessdata.fda.gov/cdrh_docs/pdf22/K223028.pdf,direct,3025622,12.0,23737.0,False,
K223032,510(k),https://www.accessdata.fda.gov/cdrh_docs/pdf22/K223032.pdf,direct,971992,7.0,15962.0,False,
K223042,510(k),https://www.accessdata.fda.gov/cdrh_docs/pdf22/K223042.pdf,direct,583708,8.0,19765.0,False,
K223073,510(k),https://www.accessdata.fda.gov/cdrh_docs/pdf22/K223073.pdf,direct,910237,8.0,13532.0,False,
K223106,510(k),https://www.accessdata.fda.gov/cdrh_docs/pdf22/K223106.pdf,direct,2622042,12.0,25277.0,False,
K223133,510(k),https://www.accessdata.fda.gov/cdrh_docs/pdf22/K223133.pdf,direct,2747496,8.0,20578.0,False,
K223180,510(k),https://www.accessdata.fda.gov/cdrh_docs/pdf22/K223180.pdf,direct,976880,8.0,15205.0,False,
K223212,510(k),https://www.accessdata.fda.gov/cdrh_docs/pdf22/K223212.pdf,direct,1069881,9.0,14706.0,False,
K223240,510(k),https://www.accessdata.fda.gov/cdrh_docs/pdf22/K223240.pdf,direct,1396257,11.0,19097.0,False,
K223247,510(k),https://www.accessdata.fda.gov/cdrh_docs/pdf22/K223247.pdf,direct,2636567,7.0,6506.0,False,
K223268,510(k),https://www.accessdata.fda.gov/cdrh_docs/pdf22/K223268.pdf,direct,1145091,9.0,13746.0,False,
K223287,510(k),https://www.accessdata.fda.gov/cdrh_docs/pdf22/K223287.pdf,direct,535616,7.0,14754.0,False,
K223288,510(k),https://www.accessdata.fda.gov/cdrh_docs/pdf22/K223288.pdf,direct,2744973,12.0,24755.0,False,
K223296,510(k),https://www.accessdata.fda.gov/cdrh_docs/pdf22/K223296.pdf,direct,2688498,11.0,19675.0,False,
K223311,510(k),https://www.accessdata.fda.gov/cdrh_docs/pdf22/K223311.pdf,direct,732955,23.0,38870.0,False,
K223325,510(k),https://www.accessdata.fda.gov/cdrh_docs/pdf22/K223325.pdf,direct,2982706,9.0,18344.0,False,
K223343,510(k),https://www.accessdata.fda.gov/cdrh_docs/pdf22/K223343.pdf,direct,686287,13.0,21070.0,False,
K223347,510(k),https://www.accessdata.fda.gov/cdrh_docs/pdf22/K223347.pdf,direct,1377055,13.0,28546.0,False,
K223357,510(k),https://www.accessdata.fda.gov/cdrh_docs/pdf22/K223357.pdf,direct,544316,13.0,31831.0,False,
K223387,510(k),https://www.accessdata.fda.gov/cdrh_docs/pdf22/K223387.pdf,direct,785737,12.0,26320.0,False,
K223396,510(k),https://www.accessdata.fda.gov/cdrh_docs/pdf22/K223396.pdf,direct,2717688,7.0,14656.0,False,
K223424,510(k),https://www.accessdata.fda.gov/cdrh_docs/pdf22/K223424.pdf,direct,684477,10.0,16387.0,False,
K223426,510(k),https://www.accessdata.fda.gov/cdrh_docs/pdf22/K223426.pdf,direct,1384374,12.0,26731.0,False,
K223439,510(k),https://www.accessdata.fda.gov/cdrh_docs/pdf22/K223439.pdf,direct,1103802,10.0,14127.0,False,
K223442,510(k),https://www.accessdata.fda.gov/cdrh_docs/pdf22/K223442.pdf,direct,1741430,10.0,19080.0,False,
K223443,510(k),https://www.accessdata.fda.gov/cdrh_docs/pdf22/K223443.pdf,direct,576405,16.0,24531.0,False,
K223458,510(k),https://www.accessdata.fda.gov/cdrh_docs/pdf22/K223458.pdf,direct,1154148,10.0,23593.0,False,
K223473,510(k),https://www.accessdata.fda.gov/cdrh_docs/pdf22/K223473.pdf,direct,1172176,17.0,30514.0,False,
K223490,510(k),https://www.accessdata.fda.gov/cdrh_docs/pdf22/K223490.pdf,direct,3332269,8.0,18664.0,False,
K223491,510(k),https://www.accessdata.fda.gov/cdrh_docs/pdf22/K223491.pdf,direct,617780,9.0,19960.0,False,
K223501,510(k),https://www.accessdata.fda.gov/cdrh_docs/pdf22/K223501.pdf,direct,1994424,13.0,23726.0,False,
K223502,510(k),https://www.accessdata.fda.gov/cdrh_docs/pdf22/K223502.pdf,direct,609716,8.0,20026.0,False,
K223504,510(k),https://www.accessdata.fda.gov/cdrh_docs/pdf22/K223504.pdf,direct,2800658,13.0,29507.0,False,
K223514,510(k),https://www.accessdata.fda.gov/cdrh_docs/pdf22/K223514.pdf,direct,1019008,8.0,15338.0,False,
K223516,510(k),https://www.accessdata.fda.gov/cdrh_docs/pdf22/K223516.pdf,direct,1008513,9.0,18802.0,False,
K223523,510(k),https://www.accessdata.fda.gov/cdrh_docs/pdf22/K223523.pdf,direct,2561851,7.0,13955.0,False,
K223539,510(k),https://www.accessdata.fda.gov/cdrh_docs/pdf22/K223539.pdf,direct,2860098,10.0,19125.0,False,
K223552,510(k),https://www.accessdata.fda.gov/cdrh_docs/pdf22/K223552.pdf,direct,2549207,12.0,20751.0,False,
K223553,510(k),https://www.accessdata.fda.gov/cdrh_docs/pdf22/K223553.pdf,direct,2743655,8.0,14567.0,False,
K223556,510(k),https://www.accessdata.fda.gov/cdrh_docs/pdf22/K223556.pdf,direct,2833457,11.0,22899.0,False,
K223621,510(k),https://www.accessdata.fda.gov/cdrh_docs/pdf22/K223621.pdf,direct,2986353,9.0,17047.0,False,
K223622,510(k),https://www.accessdata.fda.gov/cdrh_docs/pdf22/K223622.pdf,direct,2405824,13.0,24145.0,False,
K223623,510(k),https://www.accessdata.fda.gov/cdrh_docs/pdf22/K223623.pdf,direct,1384062,6.0,11756.0,False,
K223630,510(k),https://www.accessdata.fda.gov/cdrh_docs/pdf22/K223630.pdf,direct,249244,7.0,13882.0,False,
K223639,510(k),https://www.accessdata.fda.gov/cdrh_docs/pdf22/K223639.pdf,direct,1092207,11.0,22548.0,False,
K223646,510(k),https://www.accessdata.fda.gov/cdrh_docs/pdf22/K223646.pdf,direct,1013922,13.0,21073.0,False,
K223659,510(k),https://www.accessdata.fda.gov/cdrh_docs/pdf22/K223659.pdf,direct,2853803,8.0,15082.0,False,
K223724,510(k),https://www.accessdata.fda.gov/cdrh_docs/pdf22/K223724.pdf,direct,2698821,14.0,22753.0,False,
K223726,510(k),https://www.accessdata.fda.gov/cdrh_docs/pdf22/K223726.pdf,direct,1216535,8.0,13481.0,False,
K223734,510(k),https://www.accessdata.fda.gov/cdrh_docs/pdf22/K223734.pdf,direct,426683,9.0,18871.0,False,
K223738,510(k),https://www.accessdata.fda.gov/cdrh_docs/pdf22/K223738.pdf,direct,2679831,10.0,21958.0,False,
K223754,510(k),https://www.accessdata.fda.gov/cdrh_docs/pdf22/K223754.pdf,direct,2782233,15.0,29340.0,False,
K223757,510(k),https://www.accessdata.fda.gov/cdrh_docs/pdf22/K223757.pdf,direct,503725,9.0,18579.0,False,
K223771,510(k),https://www.accessdata.fda.gov/cdrh_docs/pdf22/K223771.pdf,direct,558544,10.0,22302.0,False,
K223774,510(k),https://www.accessdata.fda.gov/cdrh_docs/pdf22/K223774.pdf,direct,3420982,16.0,25480.0,False,
K223811,510(k),https://www.accessdata.fda.gov/cdrh_docs/pdf22/K223811.pdf,direct,3158312,11.0,17562.0,False,
K223830,510(k),https://www.accessdata.fda.gov/cdrh_docs/pdf22/K223830.pdf,direct,705903,21.0,30421.0,False,
K223855,510(k),https://www.accessdata.fda.gov/cdrh_docs/pdf22/K223855.pdf,direct,2719662,15.0,25065.0,False,
K223864,510(k),https://www.accessdata.fda.gov/cdrh_docs/pdf22/K223864.pdf,direct,2706655,10.0,21417.0,False,
K223905,510(k),https://www.accessdata.fda.gov/cdrh_docs/pdf22/K223905.pdf,direct,2903658,8.0,17652.0,False,
K230020,510(k),https://www.accessdata.fda.gov/cdrh_docs/pdf23/K230020.pdf,direct,702340,11.0,23842.0,False,
K230023,510(k),https://www.accessdata.fda.gov/cdrh_docs/pdf23/K230023.pdf,direct,2703987,25.0,55551.0,False,
K230039,510(k),https://www.accessdata.fda.gov/cdrh_docs/pdf23/K230039.pdf,direct,1140366,16.0,23308.0,False,
K230045,510(k),https://www.accessdata.fda.gov/cdrh_docs/pdf23/K230045.pdf,direct,583008,12.0,23414.0,False,
K230074,510(k),https://www.accessdata.fda.gov/cdrh_docs/pdf23/K230074.pdf,direct,1020553,11.0,19362.0,False,
K230082,510(k),https://www.accessdata.fda.gov/cdrh_docs/pdf23/K230082.pdf,direct,2703403,10.0,20944.0,False,
K230084,510(k),https://www.accessdata.fda.gov/cdrh_docs/pdf23/K230084.pdf,direct,569782,10.0,21881.0,False,
K230085,510(k),https://www.accessdata.fda.gov/cdrh_docs/pdf23/K230085.pdf,direct,2762251,11.0,18345.0,False,
K230096,510(k),https://www.accessdata.fda.gov/cdrh_docs/pdf23/K230096.pdf,direct,715198,11.0,21092.0,False,
K230112,510(k),https://www.accessdata.fda.gov/cdrh_docs/pdf23/K230112.pdf,direct,408978,9.0,15262.0,False,
K230144,510(k),https://www.accessdata.fda.gov/cdrh_docs/pdf23/K230144.pdf,direct,2703442,9.0,18312.0,False,
K230150,510(k),https://www.accessdata.fda.gov/cdrh_docs/pdf23/K230150.pdf,direct,2753633,7.0,12223.0,False,
K230179,510(k),https://www.accessdata.fda.gov/cdrh_docs/pdf23/K230179.pdf,direct,1737468,12.0,22323.0,False,
K230197,510(k),https://www.accessdata.fda.gov/cdrh_docs/pdf23/K230197.pdf,direct,752586,10.0,16486.0,False,
K230208,510(k),https://www.accessdata.fda.gov/cdrh_docs/pdf23/K230208.pdf,direct,899964,8.0,14201.0,False,
K230209,510(k),https://www.accessdata.fda.gov/cdrh_docs/pdf23/K230209.pdf,direct,2775211,9.0,21161.0,False,
K230220,510(k),https://www.accessdata.fda.gov/cdrh_docs/pdf23/K230220.pdf,direct,3353350,14.0,27902.0,False,
K230223,510(k),https://www.accessdata.fda.gov/cdrh_docs/pdf23/K230223.pdf,direct,495985,10.0,19875.0,False,
K230252,510(k),https://www.accessdata.fda.gov/cdrh_docs/pdf23/K230252.pdf,direct,1423098,7.0,8914.0,False,
K230264,510(k),https://www.accessdata.fda.gov/cdrh_docs/pdf23/K230264.pdf,direct,2728963,9.0,13306.0,False,
K230273,510(k),https://www.accessdata.fda.gov/cdrh_docs/pdf23/K230273.pdf,direct,1123825,9.0,19977.0,False,
K230292,510(k),https://www.accessdata.fda.gov/cdrh_docs/pdf23/K230292.pdf,direct,2678707,10.0,21706.0,False,
K230337,510(k),https://www.accessdata.fda.gov/cdrh_docs/pdf23/K230337.pdf,direct,2156756,8.0,17032.0,False,
K230346,510(k),https://www.accessdata.fda.gov/cdrh_docs/pdf23/K230346.pdf,direct,540752,10.0,19500.0,False,
K230355,510(k),https://www.accessdata.fda.gov/cdrh_docs/pdf23/K230355.pdf,direct,2763586,11.0,28017.0,False,
K230365,510(k),https://www.accessdata.fda.gov/cdrh_docs/pdf23/K230365.pdf,direct,963072,11.0,20484.0,False,
K230370,510(k),https://www.accessdata.fda.gov/cdrh_docs/pdf23/K230370.pdf,direct,527914,10.0,24449.0,False,
K230497,510(k),https://www.accessdata.fda.gov/cdrh_docs/pdf23/K230497.pdf,direct,608365,8.0,11163.0,False,
K230534,510(k),https://www.accessdata.fda.gov/cdrh_docs/pdf23/K230534.pdf,direct,664267,10.0,38117.0,False,
K230552,510(k),https://www.accessdata.fda.gov/cdrh_docs/pdf23/K230552.pdf,direct,643254,8.0,18207.0,False,
K230553,510(k),https://www.accessdata.fda.gov/cdrh_docs/pdf23/K230553.pdf,direct,373371,7.0,13951.0,False,
K230575,510(k),https://www.accessdata.fda.gov/cdrh_docs/pdf23/K230575.pdf,direct,2103780,14.0,20339.0,False,
K230658,510(k),https://www.accessdata.fda.gov/cdrh_docs/pdf23/K230658.pdf,direct,1185974,8.0,21156.0,False,
K230685,510(k),https://www.accessdata.fda.gov/cdrh_docs/pdf23/K230685.pdf,direct,2745862,28.0,42848.0,False,
K230751,510(k),https://www.accessdata.fda.gov/cdrh_docs/pdf23/K230751.pdf,direct,3851664,21.0,38027.0,False,
K230772,510(k),https://www.accessdata.fda.gov/cdrh_docs/pdf23/K230772.pdf,direct,2557560,7.0,14737.0,False,
K230807,510(k),https://www.accessdata.fda.gov/cdrh_docs/pdf23/K230807.pdf,direct,1193779,8.0,16065.0,False,
K230812,510(k),https://www.accessdata.fda.gov/cdrh_docs/pdf23/K230812.pdf,direct,1088921,13.0,28863.0,False,
K230823,510(k),https://www.accessdata.fda.gov/cdrh_docs/pdf23/K230823.pdf,direct,911495,10.0,17160.0,False,
K230842,510(k),https://www.accessdata.fda.gov/cdrh_docs/pdf23/K230842.pdf,direct,3475600,15.0,25425.0,False,
K230850,510(k),https://www.accessdata.fda.gov/cdrh_docs/pdf23/K230850.pdf,direct,1561545,12.0,24679.0,False,
K230854,510(k),https://www.accessdata.fda.gov/cdrh_docs/pdf23/K230854.pdf,direct,2667983,7.0,16621.0,False,
K230899,510(k),https://www.accessdata.fda.gov/cdrh_docs/pdf23/K230899.pdf,direct,2786392,10.0,25443.0,False,
K230913,510(k),https://www.accessdata.fda.gov/cdrh_docs/pdf23/K230913.pdf,direct,349332,7.0,15160.0,False,
K230977,510(k),https://www.accessdata.fda.gov/cdrh_docs/pdf23/K230977.pdf,direct,459617,5.0,12081.0,False,
K231001,510(k),https://www.accessdata.fda.gov/cdrh_docs/pdf23/K231001.pdf,direct,1392591,12.0,24408.0,False,
K231010,510(k),https://www.accessdata.fda.gov/cdrh_docs/pdf23/K231010.pdf,direct,465605,9.0,22208.0,False,
K231025,510(k),https://www.accessdata.fda.gov/cdrh_docs/pdf23/K231025.pdf,direct,862497,9.0,17900.0,False,
K231038,510(k),https://www.accessdata.fda.gov/cdrh_docs/pdf23/K231038.pdf,direct,783850,7.0,12069.0,False,
K231068,510(k),https://www.accessdata.fda.gov/cdrh_docs/pdf23/K231068.pdf,direct,2881574,24.0,50945.0,False,
K231094,510(k),https://www.accessdata.fda.gov/cdrh_docs/pdf23/K231094.pdf,direct,1183303,10.0,21163.0,False,
K231130,510(k),https://www.accessdata.fda.gov/cdrh_docs/pdf23/K231130.pdf,direct,491174,11.0,23930.0,False,
K231143,510(k),https://www.accessdata.fda.gov/cdrh_docs/pdf23/K231143.pdf,direct,672258,8.0,20097.0,False,
K231149,510(k),https://www.accessdata.fda.gov/cdrh_docs/pdf23/K231149.pdf,direct,2771401,8.0,17365.0,False,
K231157,510(k),https://www.accessdata.fda.gov/cdrh_docs/pdf23/K231157.pdf,direct,441035,17.0,32739.0,False,
K231173,510(k),https://www.accessdata.fda.gov/cdrh_docs/pdf23/K231173.pdf,direct,1240182,8.0,17244.0,False,
K231190,510(k),https://www.accessdata.fda.gov/cdrh_docs/pdf23/K231190.pdf,direct,1307152,6.0,15208.0,False,
K231195,510(k),https://www.accessdata.fda.gov/cdrh_docs/pdf23/K231195.pdf,direct,2842186,12.0,30197.0,False,
K231207,510(k),https://www.accessdata.fda.gov/cdrh_docs/pdf23/K231207.pdf,direct,498478,11.0,18171.0,False,
K231281,510(k),https://www.accessdata.fda.gov/cdrh_docs/pdf23/K231281.pdf,direct,643004,7.0,12419.0,False,
K231324,510(k),https://www.accessdata.fda.gov/cdrh_docs/pdf23/K231324.pdf,direct,2079984,7.0,24219.0,False,
K231335,510(k),https://www.accessdata.fda.gov/cdrh_docs/pdf23/K231335.pdf,direct,1151291,9.0,18732.0,False,
K231355,510(k),https://www.accessdata.fda.gov/cdrh_docs/pdf23/K231355.pdf,direct,530387,11.0,25462.0,False,
K231384,510(k),https://www.accessdata.fda.gov/cdrh_docs/pdf23/K231384.pdf,direct,732513,10.0,16820.0,False,
K231396,510(k),https://www.accessdata.fda.gov/cdrh_docs/pdf23/K231396.pdf,direct,2762444,10.0,17197.0,False,
K231398,510(k),https://www.accessdata.fda.gov/cdrh_docs/pdf23/K231398.pdf,direct,560383,10.0,18480.0,False,
K231459,510(k),https://www.accessdata.fda.gov/cdrh_docs/pdf23/K231459.pdf,direct,1635258,14.0,32389.0,False,
K231470,510(k),https://www.accessdata.fda.gov/cdrh_docs/pdf23/K231470.pdf,direct,584895,9.0,17587.0,False,
K231560,510(k),https://www.accessdata.fda.gov/cdrh_docs/pdf23/K231560.pdf,direct,1102790,15.0,28242.0,False,
K231570,510(k),https://www.accessdata.fda.gov/cdrh_docs/pdf23/K231570.pdf,direct,710921,9.0,19687.0,False,
K231572,510(k),https://www.accessdata.fda.gov/cdrh_docs/pdf23/K231572.pdf,direct,471681,8.0,16575.0,False,
K231587,510(k),https://www.accessdata.fda.gov/cdrh_docs/pdf23/K231587.pdf,direct,1737839,14.0,25474.0,False,
K231617,510(k),https://www.accessdata.fda.gov/cdrh_docs/pdf23/K231617.pdf,direct,500680,13.0,22645.0,False,
K231631,510(k),https://www.accessdata.fda.gov/cdrh_docs/pdf23/K231631.pdf,direct,541531,11.0,23359.0,False,
K231642,510(k),https://www.accessdata.fda.gov/cdrh_docs/pdf23/K231642.pdf,direct,575554,7.0,14829.0,False,
K231668,510(k),https://www.accessdata.fda.gov/cdrh_docs/pdf23/K231668.pdf,direct,809488,6.0,13410.0,False,
K231677,510(k),https://www.accessdata.fda.gov/cdrh_docs/pdf23/K231677.pdf,direct,761071,14.0,21427.0,False,
K231678,510(k),https://www.accessdata.fda.gov/cdrh_docs/pdf23/K231678.pdf,direct,2222155,6.0,6857.0,False,
K231683,510(k),https://www.accessdata.fda.gov/cdrh_docs/pdf23/K231683.pdf,direct,2747269,10.0,19903.0,False,
K231690,510(k),https://www.accessdata.fda.gov/cdrh_docs/pdf23/K231690.pdf,direct,508702,8.0,20137.0,False,
K231748,510(k),https://www.accessdata.fda.gov/cdrh_docs/pdf23/K231748.pdf,direct,496932,9.0,111599.0,False,
K231757,510(k),https://www.accessdata.fda.gov/cdrh_docs/pdf23/K231757.pdf,direct,660188,8.0,13786.0,False,
K231764,510(k),https://www.accessdata.fda.gov/cdrh_docs/pdf23/K231764.pdf,direct,680799,18.0,23662.0,False,
K231765,510(k),https://www.accessdata.fda.gov/cdrh_docs/pdf23/K231765.pdf,direct,3380855,22.0,38233.0,False,
K231767,510(k),https://www.accessdata.fda.gov/cdrh_docs/pdf23/K231767.pdf,direct,1506487,10.0,17447.0,False,
K231772,510(k),https://www.accessdata.fda.gov/cdrh_docs/pdf23/K231772.pdf,direct,741476,9.0,20303.0,False,
K231779,510(k),https://www.accessdata.fda.gov/cdrh_docs/pdf23/K231779.pdf,direct,2681909,12.0,26312.0,False,
K231805,510(k),https://www.accessdata.fda.gov/cdrh_docs/pdf23/K231805.pdf,direct,2690900,8.0,18821.0,False,
K231833,510(k),https://www.accessdata.fda.gov/cdrh_docs/pdf23/K231833.pdf,direct,2696559,9.0,17615.0,False,
K231837,510(k),https://www.accessdata.fda.gov/cdrh_docs/pdf23/K231837.pdf,direct,1562466,15.0,29895.0,False,
K231855,510(k),https://www.accessdata.fda.gov/cdrh_docs/pdf23/K231855.pdf,direct,2710291,14.0,23276.0,False,
K231871,510(k),https://www.accessdata.fda.gov/cdrh_docs/pdf23/K231871.pdf,direct,485209,13.0,26607.0,False,
K231898,510(k),https://www.accessdata.fda.gov/cdrh_docs/pdf23/K231898.pdf,direct,827080,7.0,5668.0,False,
K231917,510(k),https://www.accessdata.fda.gov/cdrh_docs/pdf23/K231917.pdf,direct,405275,10.0,20139.0,False,
K231928,510(k),https://www.accessdata.fda.gov/cdrh_docs/pdf23/K231928.pdf,direct,2740782,20.0,35516.0,False,
K231929,510(k),https://www.accessdata.fda.gov/cdrh_docs/pdf23/K231929.pdf,direct,1450084,16.0,33449.0,False,
K231955,510(k),https://www.accessdata.fda.gov/cdrh_docs/pdf23/K231955.pdf,direct,453926,7.0,13573.0,False,
K231965,510(k),https://www.accessdata.fda.gov/cdrh_docs/pdf23/K231965.pdf,direct,1274729,16.0,33993.0,False,
K231966,510(k),https://www.accessdata.fda.gov/cdrh_docs/pdf23/K231966.pdf,direct,825352,10.0,18535.0,False,
K231989,510(k),https://www.accessdata.fda.gov/cdrh_docs/pdf23/K231989.pdf,direct,502593,11.0,20569.0,False,
K232000,510(k),https://www.accessdata.fda.gov/cdrh_docs/pdf23/K232000.pdf,direct,689679,10.0,20039.0,False,
K232023,510(k),https://www.accessdata.fda.gov/cdrh_docs/pdf23/K232023.pdf,direct,353906,12.0,18634.0,False,
K232035,510(k),https://www.accessdata.fda.gov/cdrh_docs/pdf23/K232035.pdf,direct,457833,8.0,19986.0,False,
K232045,510(k),https://www.accessdata.fda.gov/cdrh_docs/pdf23/K232045.pdf,direct,2768567,17.0,44827.0,False,
K232083,510(k),https://www.accessdata.fda.gov/cdrh_docs/pdf23/K232083.pdf,direct,542770,9.0,19548.0,False,
K232096,510(k),https://www.accessdata.fda.gov/cdrh_docs/pdf23/K232096.pdf,direct,647751,13.0,23660.0,False,
K232140,510(k),https://www.accessdata.fda.gov/cdrh_docs/pdf23/K232140.pdf,direct,950237,15.0,27104.0,False,
K232145,510(k),https://www.accessdata.fda.gov/cdrh_docs/pdf23/K232145.pdf,direct,1005961,19.0,34712.0,False,
K232148,510(k),https://www.accessdata.fda.gov/cdrh_docs/pdf23/K232148.pdf,direct,1339067,22.0,39677.0,False,
K232156,510(k),https://www.accessdata.fda.gov/cdrh_docs/pdf23/K232156.pdf,direct,1855319,15.0,31601.0,False,
K232231,510(k),https://www.accessdata.fda.gov/cdrh_docs/pdf23/K232231.pdf,direct,374764,10.0,19522.0,False,
K232237,510(k),https://www.accessdata.fda.gov/cdrh_docs/pdf23/K232237.pdf,direct,420299,17.0,32050.0,False,
K232250,510(k),https://www.accessdata.fda.gov/cdrh_docs/pdf23/K232250.pdf,direct,2612789,9.0,20725.0,False,
K232257,510(k),https://www.accessdata.fda.gov/cdrh_docs/pdf23/K232257.pdf,direct,792400,15.0,32049.0,False,
K232305,510(k),https://www.accessdata.fda.gov/cdrh_docs/pdf23/K232305.pdf,direct,581648,17.0,34190.0,False,
K232322,510(k),https://www.accessdata.fda.gov/cdrh_docs/pdf23/K232322.pdf,direct,406534,17.0,37985.0,False,
K232331,510(k),https://www.accessdata.fda.gov/cdrh_docs/pdf23/K232331.pdf,direct,2931579,8.0,13974.0,False,
K232363,510(k),https://www.accessdata.fda.gov/cdrh_docs/pdf23/K232363.pdf,direct,643934,11.0,19094.0,False,
K232367,510(k),https://www.accessdata.fda.gov/cdrh_docs/pdf23/K232367.pdf,direct,254142,3.0,8019.0,False,
K232381,510(k),https://www.accessdata.fda.gov/cdrh_docs/pdf23/K232381.pdf,direct,1237356,10.0,16289.0,False,
K232384,510(k),https://www.accessdata.fda.gov/cdrh_docs/pdf23/K232384.pdf,direct,2668417,19.0,31088.0,False,
K232410,510(k),https://www.accessdata.fda.gov/cdrh_docs/pdf23/K232410.pdf,direct,1174647,7.0,20298.0,False,
K232412,510(k),https://www.accessdata.fda.gov/cdrh_docs/pdf23/K232412.pdf,direct,2770010,11.0,20580.0,False,
K232416,510(k),https://www.accessdata.fda.gov/cdrh_docs/pdf23/K232416.pdf,direct,2927972,23.0,36993.0,False,
K232431,510(k),https://www.accessdata.fda.gov/cdrh_docs/pdf23/K232431.pdf,direct,1024576,8.0,16934.0,False,
K232436,510(k),https://www.accessdata.fda.gov/cdrh_docs/pdf23/K232436.pdf,direct,2937438,13.0,23622.0,False,
K232440,510(k),https://www.accessdata.fda.gov/cdrh_docs/pdf23/K232440.pdf,direct,2915469,8.0,16094.0,False,
K232479,510(k),https://www.accessdata.fda.gov/cdrh_docs/pdf23/K232479.pdf,direct,2783861,34.0,71226.0,False,
K232482,510(k),https://www.accessdata.fda.gov/cdrh_docs/pdf23/K232482.pdf,direct,565588,9.0,15668.0,False,
K232491,510(k),https://www.accessdata.fda.gov/cdrh_docs/pdf23/K232491.pdf,direct,2863154,19.0,36866.0,False,
K232494,510(k),https://www.accessdata.fda.gov/cdrh_docs/pdf23/K232494.pdf,direct,431895,13.0,19178.0,False,
K232496,510(k),https://www.accessdata.fda.gov/cdrh_docs/pdf23/K232496.pdf,direct,2888326,12.0,34198.0,False,
K232500,510(k),https://www.accessdata.fda.gov/cdrh_docs/pdf23/K232500.pdf,direct,600869,13.0,24818.0,False,
K232501,510(k),https://www.accessdata.fda.gov/cdrh_docs/pdf23/K232501.pdf,direct,2661638,8.0,15349.0,False,
K232526,510(k),https://www.accessdata.fda.gov/cdrh_docs/pdf23/K232526.pdf,direct,621626,7.0,13709.0,False,
K232535,510(k),https://www.accessdata.fda.gov/cdrh_docs/pdf23/K232535.pdf,direct,466896,12.0,22970.0,False,
K232613,510(k),https://www.accessdata.fda.gov/cdrh_docs/pdf23/K232613.pdf,direct,2660913,13.0,27499.0,False,
K232616,510(k),https://www.accessdata.fda.gov/cdrh_docs/pdf23/K232616.pdf,direct,1067558,11.0,22105.0,False,
K232661,510(k),https://www.accessdata.fda.gov/cdrh_docs/pdf23/K232661.pdf,direct,536403,12.0,20720.0,False,
K232686,510(k),https://www.accessdata.fda.gov/cdrh_docs/pdf23/K232686.pdf,direct,948108,15.0,26173.0,False,
K232698,510(k),https://www.accessdata.fda.gov/cdrh_docs/pdf23/K232698.pdf,direct,2708579,14.0,30371.0,False,
K232699,510(k),https://www.accessdata.fda.gov/cdrh_docs/pdf23/K232699.pdf,direct,3243054,12.0,24486.0,False,
K232704,510(k),https://www.accessdata.fda.gov/cdrh_docs/pdf23/K232704.pdf,direct,847178,9.0,20714.0,False,
K232712,510(k),https://www.accessdata.fda.gov/cdrh_docs/pdf23/K232712.pdf,direct,450672,9.0,19731.0,False,
K232751,510(k),https://www.accessdata.fda.gov/cdrh_docs/pdf23/K232751.pdf,direct,533958,14.0,25697.0,False,
K232760,510(k),https://www.accessdata.fda.gov/cdrh_docs/pdf23/K232760.pdf,direct,3508460,9.0,15602.0,False,
K232765,510(k),https://www.accessdata.fda.gov/cdrh_docs/pdf23/K232765.pdf,direct,1145195,14.0,25312.0,False,
K232787,510(k),https://www.accessdata.fda.gov/cdrh_docs/pdf23/K232787.pdf,direct,2652036,10.0,15473.0,False,
K232799,510(k),https://www.accessdata.fda.gov/cdrh_docs/pdf23/K232799.pdf,direct,527690,10.0,20335.0,False,
K232808,510(k),https://www.accessdata.fda.gov/cdrh_docs/pdf23/K232808.pdf,direct,1282490,13.0,20994.0,False,
K232835,510(k),https://www.accessdata.fda.gov/cdrh_docs/pdf23/K232835.pdf,direct,538516,8.0,19792.0,False,
K232841,510(k),https://www.accessdata.fda.gov/cdrh_docs/pdf23/K232841.pdf,direct,2712096,16.0,23762.0,False,
K232856,510(k),https://www.accessdata.fda.gov/cdrh_docs/pdf23/K232856.pdf,direct,515907,22.0,30474.0,False,
K232899,510(k),https://www.accessdata.fda.gov/cdrh_docs/pdf23/K232899.pdf,direct,2815628,20.0,38524.0,False,
K232915,510(k),https://www.accessdata.fda.gov/cdrh_docs/pdf23/K232915.pdf,direct,2693654,18.0,34127.0,False,
K232923,510(k),https://www.accessdata.fda.gov/cdrh_docs/pdf23/K232923.pdf,direct,497145,8.0,17221.0,False,
K232928,510(k),https://www.accessdata.fda.gov/cdrh_docs/pdf23/K232928.pdf,direct,1084792,18.0,32656.0,False,
K233030,510(k),https://www.accessdata.fda.gov/cdrh_docs/pdf23/K233030.pdf,direct,774260,11.0,25128.0,False,
K233080,510(k),https://www.accessdata.fda.gov/cdrh_docs/pdf23/K233080.pdf,direct,2739326,10.0,18484.0,False,
K233108,510(k),https://www.accessdata.fda.gov/cdrh_docs/pdf23/K233108.pdf,direct,1167968,18.0,24708.0,False,
K233112,510(k),https://www.accessdata.fda.gov/cdrh_docs/pdf23/K233112.pdf,direct,881261,10.0,21459.0,False,
K233176,510(k),https://www.accessdata.fda.gov/cdrh_docs/pdf23/K233176.pdf,direct,727593,18.0,31679.0,False,
K233186,510(k),https://www.accessdata.fda.gov/cdrh_docs/pdf23/K233186.pdf,direct,1713820,21.0,31801.0,False,
K233195,510(k),https://www.accessdata.fda.gov/cdrh_docs/pdf23/K233195.pdf,direct,573499,7.0,18251.0,False,
K233196,510(k),https://www.accessdata.fda.gov/cdrh_docs/pdf23/K233196.pdf,direct,2704911,11.0,25222.0,False,
K233209,510(k),https://www.accessdata.fda.gov/cdrh_docs/pdf23/K233209.pdf,direct,3260669,29.0,45536.0,False,
K233211,510(k),https://www.accessdata.fda.gov/cdrh_docs/pdf23/K233211.pdf,direct,500083,10.0,24745.0,False,
K233216,510(k),https://www.accessdata.fda.gov/cdrh_docs/pdf23/K233216.pdf,direct,2660503,9.0,20019.0,False,
K233243,510(k),https://www.accessdata.fda.gov/cdrh_docs/pdf23/K233243.pdf,direct,2770808,14.0,30494.0,False,
K233247,510(k),https://www.accessdata.fda.gov/cdrh_docs/pdf23/K233247.pdf,direct,644134,8.0,21588.0,False,
K233249,510(k),https://www.accessdata.fda.gov/cdrh_docs/pdf23/K233249.pdf,direct,3414002,9.0,19986.0,False,
K233253,510(k),https://www.accessdata.fda.gov/cdrh_docs/pdf23/K233253.pdf,direct,540810,9.0,26177.0,False,
K233334,510(k),https://www.accessdata.fda.gov/cdrh_docs/pdf23/K233334.pdf,direct,1287039,7.0,13960.0,False,
K233342,510(k),https://www.accessdata.fda.gov/cdrh_docs/pdf23/K233342.pdf,direct,601267,12.0,30629.0,False,
K233409,510(k),https://www.accessdata.fda.gov/cdrh_docs/pdf23/K233409.pdf,direct,952696,11.0,22415.0,False,
K233438,510(k),https://www.accessdata.fda.gov/cdrh_docs/pdf23/K233438.pdf,direct,583368,11.0,29155.0,False,
K233457,510(k),https://www.accessdata.fda.gov/cdrh_docs/pdf23/K233457.pdf,direct,2672966,13.0,26742.0,False,
K233512,510(k),https://www.accessdata.fda.gov/cdrh_docs/pdf23/K233512.pdf,direct,594100,11.0,21454.0,False,
K233543,510(k),https://www.accessdata.fda.gov/cdrh_docs/pdf23/K233543.pdf,direct,673938,12.0,20825.0,False,
K233545,510(k),https://www.accessdata.fda.gov/cdrh_docs/pdf23/K233545.pdf,direct,1040823,6.0,15387.0,False,
K233549,510(k),https://www.accessdata.fda.gov/cdrh_docs/pdf23/K233549.pdf,direct,2647694,9.0,20745.0,False,
K233562,510(k),https://www.accessdata.fda.gov/cdrh_docs/pdf23/K233562.pdf,direct,356390,8.0,14807.0,False,
K233568,510(k),https://www.accessdata.fda.gov/cdrh_docs/pdf23/K233568.pdf,direct,674308,7.0,15590.0,False,
K233582,510(k),https://www.accessdata.fda.gov/cdrh_docs/pdf23/K233582.pdf,direct,2689225,14.0,30085.0,False,
K233590,510(k),https://www.accessdata.fda.gov/cdrh_docs/pdf23/K233590.pdf,direct,2582644,8.0,18408.0,False,
K233618,510(k),https://www.accessdata.fda.gov/cdrh_docs/pdf23/K233618.pdf,direct,1126042,13.0,23495.0,False,
K233625,510(k),https://www.accessdata.fda.gov/cdrh_docs/pdf23/K233625.pdf,direct,2616768,10.0,17751.0,False,
K233650,510(k),https://www.accessdata.fda.gov/cdrh_docs/pdf23/K233650.pdf,direct,1449397,40.0,74535.0,False,
K233657,510(k),https://www.accessdata.fda.gov/cdrh_docs/pdf23/K233657.pdf,direct,2074360,33.0,60238.0,False,
K233662,510(k),https://www.accessdata.fda.gov/cdrh_docs/pdf23/K233662.pdf,direct,2943923,16.0,35525.0,False,
K233666,510(k),https://www.accessdata.fda.gov/cdrh_docs/pdf23/K233666.pdf,direct,1305128,13.0,23853.0,False,
K233673,510(k),https://www.accessdata.fda.gov/cdrh_docs/pdf23/K233673.pdf,direct,1141412,14.0,27996.0,False,
K233676,510(k),https://www.accessdata.fda.gov/cdrh_docs/pdf23/K233676.pdf,direct,3042888,9.0,15956.0,False,
K233677,510(k),https://www.accessdata.fda.gov/cdrh_docs/pdf23/K233677.pdf,direct,394269,9.0,19091.0,False,
K233687,510(k),https://www.accessdata.fda.gov/cdrh_docs/pdf23/K233687.pdf,direct,1185392,14.0,31091.0,False,
K233692,510(k),https://www.accessdata.fda.gov/cdrh_docs/pdf23/K233692.pdf,direct,1761856,10.0,15781.0,False,
K233698,510(k),https://www.accessdata.fda.gov/cdrh_docs/pdf23/K233698.pdf,direct,2762404,8.0,16236.0,False,
K233728,510(k),https://www.accessdata.fda.gov/cdrh_docs/pdf23/K233728.pdf,direct,392206,10.0,17035.0,False,
K233731,510(k),https://www.accessdata.fda.gov/cdrh_docs/pdf23/K233731.pdf,direct,392822,13.0,24951.0,False,
K233738,510(k),https://www.accessdata.fda.gov/cdrh_docs/pdf23/K233738.pdf,direct,2615244,6.0,14671.0,False,
K233749,510(k),https://www.accessdata.fda.gov/cdrh_docs/pdf23/K233749.pdf,direct,3508875,8.0,17420.0,False,
K233753,510(k),https://www.accessdata.fda.gov/cdrh_docs/pdf23/K233753.pdf,direct,688762,12.0,27406.0,False,
K233755,510(k),https://www.accessdata.fda.gov/cdrh_docs/pdf23/K233755.pdf,direct,2687065,13.0,23113.0,False,
K233788,510(k),https://www.accessdata.fda.gov/cdrh_docs/pdf23/K233788.pdf,direct,450562,12.0,26836.0,False,
K233822,510(k),https://www.accessdata.fda.gov/cdrh_docs/pdf23/K233822.pdf,direct,547517,9.0,19860.0,False,
K233826,510(k),https://www.accessdata.fda.gov/cdrh_docs/pdf23/K233826.pdf,direct,209200,3.0,5695.0,False,
K233864,510(k),https://www.accessdata.fda.gov/cdrh_docs/pdf23/K233864.pdf,direct,653666,9.0,21209.0,False,
K233925,510(k),https://www.accessdata.fda.gov/cdrh_docs/pdf23/K233925.pdf,direct,2581417,5.0,13290.0,False,
K233955,510(k),https://www.accessdata.fda.gov/cdrh_docs/pdf23/K233955.pdf,direct,1210134,17.0,35088.0,False,
K233964,510(k),https://www.accessdata.fda.gov/cdrh_docs/pdf23/K233964.pdf,direct,1257770,9.0,18972.0,False,
K233968,510(k),https://www.accessdata.fda.gov/cdrh_docs/pdf23/K233968.pdf,direct,2734442,11.0,27432.0,False,
K233977,510(k),https://www.accessdata.fda.gov/cdrh_docs/pdf23/K233977.pdf,direct,2848820,8.0,19447.0,False,
K233984,510(k),https://www.accessdata.fda.gov/cdrh_docs/pdf23/K233984.pdf,direct,1901181,6.0,14762.0,False,
K233992,510(k),https://www.accessdata.fda.gov/cdrh_docs/pdf23/K233992.pdf,direct,1100675,6.0,15010.0,False,
K233998,510(k),https://www.accessdata.fda.gov/cdrh_docs/pdf23/K233998.pdf,direct,2749588,17.0,34748.0,False,
K234009,510(k),https://www.accessdata.fda.gov/cdrh_docs/pdf23/K234009.pdf,direct,2759463,11.0,27533.0,False,
K234042,510(k),https://www.accessdata.fda.gov/cdrh_docs/pdf23/K234042.pdf,direct,1279857,11.0,21200.0,False,
K234047,510(k),https://www.accessdata.fda.gov/cdrh_docs/pdf23/K234047.pdf,direct,2646501,7.0,15774.0,False,
K234068,510(k),https://www.accessdata.fda.gov/cdrh_docs/pdf23/K234068.pdf,direct,1160782,11.0,22426.0,False,
K234141,510(k),https://www.accessdata.fda.gov/cdrh_docs/pdf23/K234141.pdf,direct,406155,12.0,27354.0,False,
K234154,510(k),https://www.accessdata.fda.gov/cdrh_docs/pdf23/K234154.pdf,direct,1239295,15.0,30938.0,False,
K240003,510(k),https://www.accessdata.fda.gov/cdrh_docs/pdf24/K240003.pdf,direct,349392,14.0,29108.0,False,
K240013,510(k),https://www.accessdata.fda.gov/cdrh_docs/pdf24/K240013.pdf,direct,940172,17.0,31223.0,False,
K240036,510(k),https://www.accessdata.fda.gov/cdrh_docs/pdf24/K240036.pdf,direct,1244183,11.0,25637.0,False,
K240044,510(k),https://www.accessdata.fda.gov/cdrh_docs/pdf24/K240044.pdf,direct,3429949,21.0,43634.0,False,
K240058,510(k),https://www.accessdata.fda.gov/cdrh_docs/pdf24/K240058.pdf,direct,2859361,15.0,29527.0,False,
K240062,510(k),https://www.accessdata.fda.gov/cdrh_docs/pdf24/K240062.pdf,direct,2096035,8.0,14499.0,False,
K240094,510(k),https://www.accessdata.fda.gov/cdrh_docs/pdf24/K240094.pdf,direct,2774803,13.0,35658.0,False,
K240172,510(k),https://www.accessdata.fda.gov/cdrh_docs/pdf24/K240172.pdf,direct,967214,9.0,17949.0,False,
K240200,510(k),https://www.accessdata.fda.gov/cdrh_docs/pdf24/K240200.pdf,direct,719103,27.0,44787.0,False,
K240238,510(k),https://www.accessdata.fda.gov/cdrh_docs/pdf24/K240238.pdf,direct,2829494,13.0,31253.0,False,
K240285,510(k),https://www.accessdata.fda.gov/cdrh_docs/pdf24/K240285.pdf,direct,2697342,14.0,22613.0,False,
K240290,510(k),https://www.accessdata.fda.gov/cdrh_docs/pdf24/K240290.pdf,direct,2726295,14.0,31716.0,False,
K240291,510(k),https://www.accessdata.fda.gov/cdrh_docs/pdf24/K240291.pdf,direct,607276,8.0,18478.0,False,
K240294,510(k),https://www.accessdata.fda.gov/cdrh_docs/pdf24/K240294.pdf,direct,924871,23.0,29731.0,False,
K240301,510(k),https://www.accessdata.fda.gov/cdrh_docs/pdf24/K240301.pdf,direct,666647,16.0,29440.0,False,
K240353,510(k),https://www.accessdata.fda.gov/cdrh_docs/pdf24/K240353.pdf,direct,2950188,10.0,25064.0,False,
K240369,510(k),https://www.accessdata.fda.gov/cdrh_docs/pdf24/K240369.pdf,direct,1049961,10.0,121381.0,False,
K240398,510(k),https://www.accessdata.fda.gov/cdrh_docs/pdf24/K240398.pdf,direct,2830751,32.0,74296.0,False,
K240406,510(k),https://www.accessdata.fda.gov/cdrh_docs/pdf24/K240406.pdf,direct,1471621,16.0,24819.0,False,
K240408,510(k),https://www.accessdata.fda.gov/cdrh_docs/pdf24/K240408.pdf,direct,726950,13.0,34339.0,False,
K240411,510(k),https://www.accessdata.fda.gov/cdrh_docs/pdf24/K240411.pdf,direct,713153,31.0,29472.0,False,
K240417,510(k),https://www.accessdata.fda.gov/cdrh_docs/pdf24/K240417.pdf,direct,956701,10.0,21889.0,False,
K240465,510(k),https://www.accessdata.fda.gov/cdrh_docs/pdf24/K240465.pdf,direct,2730010,11.0,24437.0,False,
K240516,510(k),https://www.accessdata.fda.gov/cdrh_docs/pdf24/K240516.pdf,direct,1325447,10.0,23594.0,False,
K240540,510(k),https://www.accessdata.fda.gov/cdrh_docs/pdf24/K240540.pdf,direct,981361,8.0,14976.0,False,
K240553,510(k),https://www.accessdata.fda.gov/cdrh_docs/pdf24/K240553.pdf,direct,1074844,9.0,15640.0,False,
K240554,510(k),https://www.accessdata.fda.gov/cdrh_docs/pdf24/K240554.pdf,direct,481343,10.0,19848.0,False,
K240555,510(k),https://www.accessdata.fda.gov/cdrh_docs/pdf24/K240555.pdf,direct,2694919,23.0,44341.0,False,
K240582,510(k),https://www.accessdata.fda.gov/cdrh_docs/pdf24/K240582.pdf,direct,2720966,21.0,38087.0,False,
K240612,510(k),https://www.accessdata.fda.gov/cdrh_docs/pdf24/K240612.pdf,direct,2015445,11.0,22803.0,False,
K240631,510(k),https://www.accessdata.fda.gov/cdrh_docs/pdf24/K240631.pdf,direct,1304271,9.0,21852.0,False,
K240642,510(k),https://www.accessdata.fda.gov/cdrh_docs/pdf24/K240642.pdf,direct,1152655,8.0,16836.0,False,
K240645,510(k),https://www.accessdata.fda.gov/cdrh_docs/pdf24/K240645.pdf,direct,1573557,10.0,18048.0,False,
K240680,510(k),https://www.accessdata.fda.gov/cdrh_docs/pdf24/K240680.pdf,direct,2695184,12.0,30629.0,False,
K240697,510(k),https://www.accessdata.fda.gov/cdrh_docs/pdf24/K240697.pdf,direct,1253613,20.0,40074.0,False,
K240704,510(k),https://www.accessdata.fda.gov/cdrh_docs/pdf24/K240704.pdf,direct,798573,15.0,26319.0,False,
K240712,510(k),https://www.accessdata.fda.gov/cdrh_docs/pdf24/K240712.pdf,direct,1720567,15.0,44448.0,False,
K240736,510(k),https://www.accessdata.fda.gov/cdrh_docs/pdf24/K240736.pdf,direct,1183926,7.0,16640.0,False,
K240740,510(k),https://www.accessdata.fda.gov/cdrh_docs/pdf24/K240740.pdf,direct,1149562,11.0,24456.0,False,
K240744,510(k),https://www.accessdata.fda.gov/cdrh_docs/pdf24/K240744.pdf,direct,515459,9.0,16014.0,False,
K240769,510(k),https://www.accessdata.fda.gov/cdrh_docs/pdf24/K240769.pdf,direct,652819,7.0,11081.0,False,
K240773,510(k),https://www.accessdata.fda.gov/cdrh_docs/pdf24/K240773.pdf,direct,2726234,11.0,25695.0,False,
K240781,510(k),https://www.accessdata.fda.gov/cdrh_docs/pdf24/K240781.pdf,direct,1260342,9.0,19908.0,False,
K240791,510(k),https://www.accessdata.fda.gov/cdrh_docs/pdf24/K240791.pdf,direct,1385752,16.0,30644.0,False,
K240793,510(k),https://www.accessdata.fda.gov/cdrh_docs/pdf24/K240793.pdf,direct,542836,18.0,30801.0,False,
K240795,510(k),https://www.accessdata.fda.gov/cdrh_docs/pdf24/K240795.pdf,direct,2800758,14.0,31667.0,False,
K240845,510(k),https://www.accessdata.fda.gov/cdrh_docs/pdf24/K240845.pdf,direct,2678006,18.0,28031.0,False,
K240850,510(k),https://www.accessdata.fda.gov/cdrh_docs/pdf24/K240850.pdf,direct,532186,16.0,39451.0,False,
K240860,510(k),https://www.accessdata.fda.gov/cdrh_docs/pdf24/K240860.pdf,direct,373499,27.0,46690.0,False,
K240926,510(k),https://www.accessdata.fda.gov/cdrh_docs/pdf24/K240926.pdf,direct,2832669,17.0,27733.0,False,
K240929,510(k),https://www.accessdata.fda.gov/cdrh_docs/pdf24/K240929.pdf,direct,567533,13.0,28847.0,False,
K240942,510(k),https://www.accessdata.fda.gov/cdrh_docs/pdf24/K240942.pdf,direct,962492,12.0,24890.0,False,
K240943,510(k),https://www.accessdata.fda.gov/cdrh_docs/pdf24/K240943.pdf,direct,920255,9.0,17632.0,False,
K240944,510(k),https://www.accessdata.fda.gov/cdrh_docs/pdf24/K240944.pdf,direct,433513,7.0,14630.0,False,
K240953,510(k),https://www.accessdata.fda.gov/cdrh_docs/pdf24/K240953.pdf,direct,720766,12.0,21258.0,False,
K240980,510(k),https://www.accessdata.fda.gov/cdrh_docs/pdf24/K240980.pdf,direct,423414,14.0,39767.0,False,
K240993,510(k),https://www.accessdata.fda.gov/cdrh_docs/pdf24/K240993.pdf,direct,2380948,42.0,122584.0,False,
K241009,510(k),https://www.accessdata.fda.gov/cdrh_docs/pdf24/K241009.pdf,direct,2990323,8.0,18070.0,False,
K241029,510(k),https://www.accessdata.fda.gov/cdrh_docs/pdf24/K241029.pdf,direct,533118,13.0,28889.0,False,
K241038,510(k),https://www.accessdata.fda.gov/cdrh_docs/pdf24/K241038.pdf,direct,1075508,12.0,22409.0,False,
K241079,510(k),https://www.accessdata.fda.gov/cdrh_docs/pdf24/K241079.pdf,direct,682602,11.0,23638.0,False,
K241083,510(k),https://www.accessdata.fda.gov/cdrh_docs/pdf24/K241083.pdf,direct,992725,6.0,13908.0,False,
K241098,510(k),https://www.accessdata.fda.gov/cdrh_docs/pdf24/K241098.pdf,direct,1805539,9.0,19135.0,False,
K241108,510(k),https://www.accessdata.fda.gov/cdrh_docs/pdf24/K241108.pdf,direct,2723017,15.0,29322.0,False,
K241112,510(k),https://www.accessdata.fda.gov/cdrh_docs/pdf24/K241112.pdf,direct,478694,9.0,17843.0,False,
K241121,510(k),https://www.accessdata.fda.gov/cdrh_docs/pdf24/K241121.pdf,direct,951041,6.0,14739.0,False,
K241166,510(k),https://www.accessdata.fda.gov/cdrh_docs/pdf24/K241166.pdf,direct,603447,16.0,24557.0,False,
K241197,510(k),https://www.accessdata.fda.gov/cdrh_docs/pdf24/K241197.pdf,direct,1704900,10.0,19943.0,False,
K241200,510(k),https://www.accessdata.fda.gov/cdrh_docs/pdf24/K241200.pdf,direct,2712089,13.0,33284.0,False,
K241211,510(k),https://www.accessdata.fda.gov/cdrh_docs/pdf24/K241211.pdf,direct,456416,10.0,23389.0,False,
K241222,510(k),https://www.accessdata.fda.gov/cdrh_docs/pdf24/K241222.pdf,direct,603914,12.0,25104.0,False,
K241232,510(k),https://www.accessdata.fda.gov/cdrh_docs/pdf24/K241232.pdf,direct,2782877,15.0,31420.0,False,
K241242,510(k),https://www.accessdata.fda.gov/cdrh_docs/pdf24/K241242.pdf,direct,2656350,10.0,18038.0,False,
K241245,510(k),https://www.accessdata.fda.gov/cdrh_docs/pdf24/K241245.pdf,direct,1964713,9.0,22659.0,False,
K241280,510(k),https://www.accessdata.fda.gov/cdrh_docs/pdf24/K241280.pdf,direct,982434,12.0,20420.0,False,
K241292,510(k),https://www.accessdata.fda.gov/cdrh_docs/pdf24/K241292.pdf,direct,1235384,7.0,14225.0,False,
K241312,510(k),https://www.accessdata.fda.gov/cdrh_docs/pdf24/K241312.pdf,direct,421255,9.0,19906.0,False,
K241329,510(k),https://www.accessdata.fda.gov/cdrh_docs/pdf24/K241329.pdf,direct,1020538,9.0,19846.0,False,
K241331,510(k),https://www.accessdata.fda.gov/cdrh_docs/pdf24/K241331.pdf,direct,3247833,15.0,22628.0,False,
K241350,510(k),https://www.accessdata.fda.gov/cdrh_docs/pdf24/K241350.pdf,direct,985652,8.0,17635.0,False,
K241380,510(k),https://www.accessdata.fda.gov/cdrh_docs/pdf24/K241380.pdf,direct,821781,20.0,43738.0,False,
K241390,510(k),https://www.accessdata.fda.gov/cdrh_docs/pdf24/K241390.pdf,direct,2895111,17.0,32201.0,False,
K241429,510(k),https://www.accessdata.fda.gov/cdrh_docs/pdf24/K241429.pdf,direct,1205471,11.0,24160.0,False,
K241430,510(k),https://www.accessdata.fda.gov/cdrh_docs/pdf24/K241430.pdf,direct,1839066,12.0,19340.0,False,
K241439,510(k),https://www.accessdata.fda.gov/cdrh_docs/pdf24/K241439.pdf,direct,1190269,14.0,30586.0,False,
K241440,510(k),https://www.accessdata.fda.gov/cdrh_docs/pdf24/K241440.pdf,direct,2920742,15.0,25172.0,False,
K241480,510(k),https://www.accessdata.fda.gov/cdrh_docs/pdf24/K241480.pdf,direct,2728228,7.0,21705.0,False,
K241481,510(k),https://www.accessdata.fda.gov/cdrh_docs/pdf24/K241481.pdf,direct,3258871,12.0,26437.0,False,
K241490,510(k),https://www.accessdata.fda.gov/cdrh_docs/pdf24/K241490.pdf,direct,1273913,12.0,26175.0,False,
K241496,510(k),https://www.accessdata.fda.gov/cdrh_docs/pdf24/K241496.pdf,direct,598102,10.0,17529.0,False,
K241508,510(k),https://www.accessdata.fda.gov/cdrh_docs/pdf24/K241508.pdf,direct,656880,9.0,17763.0,False,
K241543,510(k),https://www.accessdata.fda.gov/cdrh_docs/pdf24/K241543.pdf,direct,2743341,10.0,18796.0,False,
K241546,510(k),https://www.accessdata.fda.gov/cdrh_docs/pdf24/K241546.pdf,direct,2708491,7.0,15182.0,False,
K241561,510(k),https://www.accessdata.fda.gov/cdrh_docs/pdf24/K241561.pdf,direct,2013801,22.0,33365.0,False,
K241582,510(k),https://www.accessdata.fda.gov/cdrh_docs/pdf24/K241582.pdf,direct,656697,12.0,28081.0,False,
K241585,510(k),https://www.accessdata.fda.gov/cdrh_docs/pdf24/K241585.pdf,direct,1801268,11.0,23503.0,False,
K241593,510(k),https://www.accessdata.fda.gov/cdrh_docs/pdf24/K241593.pdf,direct,942711,14.0,24260.0,False,
K241596,510(k),https://www.accessdata.fda.gov/cdrh_docs/pdf24/K241596.pdf,direct,1781476,9.0,18641.0,False,
K241620,510(k),https://www.accessdata.fda.gov/cdrh_docs/pdf24/K241620.pdf,direct,2225369,13.0,26565.0,False,
K241633,510(k),https://www.accessdata.fda.gov/cdrh_docs/pdf24/K241633.pdf,direct,1055279,10.0,19564.0,False,
K241659,510(k),https://www.accessdata.fda.gov/cdrh_docs/pdf24/K241659.pdf,direct,557174,21.0,47796.0,False,
K241665,510(k),https://www.accessdata.fda.gov/cdrh_docs/pdf24/K241665.pdf,direct,1655694,10.0,19357.0,False,
K241671,510(k),https://www.accessdata.fda.gov/cdrh_docs/pdf24/K241671.pdf,direct,658416,9.0,17944.0,False,
K241676,510(k),https://www.accessdata.fda.gov/cdrh_docs/pdf24/K241676.pdf,direct,3417915,47.0,77373.0,False,
K241681,510(k),https://www.accessdata.fda.gov/cdrh_docs/pdf24/K241681.pdf,direct,946963,7.0,13187.0,False,
K241684,510(k),https://www.accessdata.fda.gov/cdrh_docs/pdf24/K241684.pdf,direct,1028549,8.0,16849.0,False,
K241696,510(k),https://www.accessdata.fda.gov/cdrh_docs/pdf24/K241696.pdf,direct,569076,10.0,17945.0,False,
K241719,510(k),https://www.accessdata.fda.gov/cdrh_docs/pdf24/K241719.pdf,direct,1246733,15.0,27671.0,False,
K241725,510(k),https://www.accessdata.fda.gov/cdrh_docs/pdf24/K241725.pdf,direct,967947,19.0,34272.0,False,
K241727,510(k),https://www.accessdata.fda.gov/cdrh_docs/pdf24/K241727.pdf,direct,1317124,11.0,24730.0,False,
K241747,510(k),https://www.accessdata.fda.gov/cdrh_docs/pdf24/K241747.pdf,direct,931841,9.0,19927.0,False,
K241770,510(k),https://www.accessdata.fda.gov/cdrh_docs/pdf24/K241770.pdf,direct,2702041,18.0,44836.0,False,
K241831,510(k),https://www.accessdata.fda.gov/cdrh_docs/pdf24/K241831.pdf,direct,949202,13.0,26222.0,False,
K241837,510(k),https://www.accessdata.fda.gov/cdrh_docs/pdf24/K241837.pdf,direct,600262,30.0,57985.0,False,
K241847,510(k),https://www.accessdata.fda.gov/cdrh_docs/pdf24/K241847.pdf,direct,588949,7.0,5653.0,False,
K241887,510(k),https://www.accessdata.fda.gov/cdrh_docs/pdf24/K241887.pdf,direct,1311227,10.0,22352.0,False,
K241891,510(k),https://www.accessdata.fda.gov/cdrh_docs/pdf24/K241891.pdf,direct,2847653,19.0,31599.0,False,
K241922,510(k),https://www.accessdata.fda.gov/cdrh_docs/pdf24/K241922.pdf,direct,2951310,10.0,21446.0,False,
K241923,510(k),https://www.accessdata.fda.gov/cdrh_docs/pdf24/K241923.pdf,direct,484788,10.0,20069.0,False,
K241949,510(k),https://www.accessdata.fda.gov/cdrh_docs/pdf24/K241949.pdf,direct,1052829,10.0,20938.0,False,
K241960,510(k),https://www.accessdata.fda.gov/cdrh_docs/pdf24/K241960.pdf,direct,2796680,14.0,29623.0,False,
K241961,510(k),https://www.accessdata.fda.gov/cdrh_docs/pdf24/K241961.pdf,direct,2971085,7.0,15463.0,False,
K241971,510(k),https://www.accessdata.fda.gov/cdrh_docs/pdf24/K241971.pdf,direct,1342686,16.0,34292.0,False,
K241982,510(k),https://www.accessdata.fda.gov/cdrh_docs/pdf24/K241982.pdf,direct,2530729,8.0,16280.0,False,
K241984,510(k),https://www.accessdata.fda.gov/cdrh_docs/pdf24/K241984.pdf,direct,486910,10.0,22359.0,False,
K242005,510(k),https://www.accessdata.fda.gov/cdrh_docs/pdf24/K242005.pdf,direct,1284985,10.0,19484.0,False,
K242020,510(k),https://www.accessdata.fda.gov/cdrh_docs/pdf24/K242020.pdf,direct,3260669,10.0,24810.0,False,
K242054,510(k),https://www.accessdata.fda.gov/cdrh_docs/pdf24/K242054.pdf,direct,366023,6.0,14590.0,False,
K242062,510(k),https://www.accessdata.fda.gov/cdrh_docs/pdf24/K242062.pdf,direct,640142,7.0,15094.0,False,
K242094,510(k),https://www.accessdata.fda.gov/cdrh_docs/pdf24/K242094.pdf,direct,367247,9.0,18388.0,False,
K242123,510(k),https://www.accessdata.fda.gov/cdrh_docs/pdf24/K242123.pdf,direct,1225968,14.0,32465.0,False,
K242129,510(k),https://www.accessdata.fda.gov/cdrh_docs/pdf24/K242129.pdf,direct,2714706,15.0,34842.0,False,
K242130,510(k),https://www.accessdata.fda.gov/cdrh_docs/pdf24/K242130.pdf,direct,3617360,46.0,71127.0,False,
K242166,510(k),https://www.accessdata.fda.gov/cdrh_docs/pdf24/K242166.pdf,direct,639798,19.0,31950.0,False,
K242168,510(k),https://www.accessdata.fda.gov/cdrh_docs/pdf24/K242168.pdf,direct,704024,20.0,33876.0,False,
K242171,510(k),https://www.accessdata.fda.gov/cdrh_docs/pdf24/K242171.pdf,direct,1456088,23.0,38908.0,False,
K242188,510(k),https://www.accessdata.fda.gov/cdrh_docs/pdf24/K242188.pdf,direct,2941063,13.0,23134.0,False,
K242203,510(k),https://www.accessdata.fda.gov/cdrh_docs/pdf24/K242203.pdf,direct,1242769,12.0,24197.0,False,
K242215,510(k),https://www.accessdata.fda.gov/cdrh_docs/pdf24/K242215.pdf,direct,436878,10.0,17441.0,False,
K242240,510(k),https://www.accessdata.fda.gov/cdrh_docs/pdf24/K242240.pdf,direct,534894,9.0,25681.0,False,
K242270,510(k),https://www.accessdata.fda.gov/cdrh_docs/pdf24/K242270.pdf,direct,2888529,13.0,26854.0,False,
K242275,510(k),https://www.accessdata.fda.gov/cdrh_docs/pdf24/K242275.pdf,direct,1070162,9.0,21233.0,False,
K242292,510(k),https://www.accessdata.fda.gov/cdrh_docs/pdf24/K242292.pdf,direct,881414,16.0,22766.0,False,
K242295,510(k),https://www.accessdata.fda.gov/cdrh_docs/pdf24/K242295.pdf,direct,592232,8.0,13076.0,False,
K242300,510(k),https://www.accessdata.fda.gov/cdrh_docs/pdf24/K242300.pdf,direct,468761,8.0,13827.0,False,
K242323,510(k),https://www.accessdata.fda.gov/cdrh_docs/pdf24/K242323.pdf,direct,964225,13.0,20829.0,False,
K242334,510(k),https://www.accessdata.fda.gov/cdrh_docs/pdf24/K242334.pdf,direct,589594,11.0,17054.0,False,
K242338,510(k),https://www.accessdata.fda.gov/cdrh_docs/pdf24/K242338.pdf,direct,1259239,9.0,18263.0,False,
K242342,510(k),https://www.accessdata.fda.gov/cdrh_docs/pdf24/K242342.pdf,direct,2775939,12.0,23458.0,False,
K242359,510(k),https://www.accessdata.fda.gov/cdrh_docs/pdf24/K242359.pdf,direct,2627070,8.0,13513.0,False,
K242362,510(k),https://www.accessdata.fda.gov/cdrh_docs/pdf24/K242362.pdf,direct,589425,11.0,21222.0,False,
K242388,510(k),https://www.accessdata.fda.gov/cdrh_docs/pdf24/K242388.pdf,direct,3091101,8.0,17651.0,False,
K242403,510(k),https://www.accessdata.fda.gov/cdrh_docs/pdf24/K242403.pdf,direct,2553190,9.0,16031.0,False,
K242437,510(k),https://www.accessdata.fda.gov/cdrh_docs/pdf24/K242437.pdf,direct,2771652,18.0,34889.0,False,
K242444,510(k),https://www.accessdata.fda.gov/cdrh_docs/pdf24/K242444.pdf,direct,1147670,12.0,26930.0,False,
K242447,510(k),https://www.accessdata.fda.gov/cdrh_docs/pdf24/K242447.pdf,direct,997466,11.0,26862.0,False,
K242461,510(k),https://www.accessdata.fda.gov/cdrh_docs/pdf24/K242461.pdf,direct,433953,10.0,20392.0,False,
K242467,510(k),https://www.accessdata.fda.gov/cdrh_docs/pdf24/K242467.pdf,direct,600393,13.0,19794.0,False,
K242480,510(k),https://www.accessdata.fda.gov/cdrh_docs/pdf24/K242480.pdf,direct,2725687,10.0,22378.0,False,
K242488,510(k),https://www.accessdata.fda.gov/cdrh_docs/pdf24/K242488.pdf,direct,1084182,17.0,30029.0,False,
K242500,510(k),https://www.accessdata.fda.gov/cdrh_docs/pdf24/K242500.pdf,direct,425762,11.0,22947.0,False,
K242511,510(k),https://www.accessdata.fda.gov/cdrh_docs/pdf24/K242511.pdf,direct,698614,17.0,34161.0,False,
K242522,510(k),https://www.accessdata.fda.gov/cdrh_docs/pdf24/K242522.pdf,direct,3384082,12.0,25515.0,False,
K242523,510(k),https://www.accessdata.fda.gov/cdrh_docs/pdf24/K242523.pdf,direct,2194985,16.0,33400.0,False,
K242551,510(k),https://www.accessdata.fda.gov/cdrh_docs/pdf24/K242551.pdf,direct,2648115,14.0,34422.0,False,
K242583,510(k),https://www.accessdata.fda.gov/cdrh_docs/pdf24/K242583.pdf,direct,3210209,19.0,34912.0,False,
K242594,510(k),https://www.accessdata.fda.gov/cdrh_docs/pdf24/K242594.pdf,direct,2633285,14.0,28371.0,False,
K242600,510(k),https://www.accessdata.fda.gov/cdrh_docs/pdf24/K242600.pdf,direct,2791476,12.0,25588.0,False,
K242607,510(k),https://www.accessdata.fda.gov/cdrh_docs/pdf24/K242607.pdf,direct,451855,11.0,22316.0,False,
K242624,510(k),https://www.accessdata.fda.gov/cdrh_docs/pdf24/K242624.pdf,direct,668914,31.0,44005.0,False,
K242652,510(k),https://www.accessdata.fda.gov/cdrh_docs/pdf24/K242652.pdf,direct,402648,9.0,15397.0,False,
K242683,510(k),https://www.accessdata.fda.gov/cdrh_docs/pdf24/K242683.pdf,direct,2589374,12.0,26817.0,False,
K242729,510(k),https://www.accessdata.fda.gov/cdrh_docs/pdf24/K242729.pdf,direct,546677,30.0,46304.0,False,
K242737,510(k),https://www.accessdata.fda.gov/cdrh_docs/pdf24/K242737.pdf,direct,1394903,17.0,37532.0,False,
K242745,510(k),https://www.accessdata.fda.gov/cdrh_docs/pdf24/K242745.pdf,direct,516444,18.0,34121.0,False,
K242748,510(k),https://www.accessdata.fda.gov/cdrh_docs/pdf24/K242748.pdf,direct,688519,14.0,31275.0,False,
K242781,510(k),https://www.accessdata.fda.gov/cdrh_docs/pdf24/K242781.pdf,direct,595716,19.0,43286.0,False,
K242798,510(k),https://www.accessdata.fda.gov/cdrh_docs/pdf24/K242798.pdf,direct,421523,9.0,20659.0,False,
K242800,510(k),https://www.accessdata.fda.gov/cdrh_docs/pdf24/K242800.pdf,direct,502930,22.0,46765.0,False,
K242807,510(k),https://www.accessdata.fda.gov/cdrh_docs/pdf24/K242807.pdf,direct,2810521,24.0,46307.0,False,
K242821,510(k),https://www.accessdata.fda.gov/cdrh_docs/pdf24/K242821.pdf,direct,2679402,10.0,23411.0,False,
K242822,510(k),https://www.accessdata.fda.gov/cdrh_docs/pdf24/K242822.pdf,direct,348508,11.0,19363.0,False,
K242825,510(k),https://www.accessdata.fda.gov/cdrh_docs/pdf24/K242825.pdf,direct,2487971,4.0,8529.0,False,
K242830,510(k),https://www.accessdata.fda.gov/cdrh_docs/pdf24/K242830.pdf,direct,3311698,11.0,21856.0,False,
K242837,510(k),https://www.accessdata.fda.gov/cdrh_docs/pdf24/K242837.pdf,direct,606082,12.0,23636.0,False,
K242838,510(k),https://www.accessdata.fda.gov/cdrh_docs/pdf24/K242838.pdf,direct,621656,11.0,25253.0,False,
K242919,510(k),https://www.accessdata.fda.gov/cdrh_docs/pdf24/K242919.pdf,direct,500698,11.0,24419.0,False,
K242925,510(k),https://www.accessdata.fda.gov/cdrh_docs/pdf24/K242925.pdf,direct,983093,14.0,32363.0,False,
K242967,510(k),https://www.accessdata.fda.gov/cdrh_docs/pdf24/K242967.pdf,direct,1414342,13.0,28544.0,False,
K242994,510(k),https://www.accessdata.fda.gov/cdrh_docs/pdf24/K242994.pdf,direct,628633,16.0,29025.0,False,
K243005,510(k),https://www.accessdata.fda.gov/cdrh_docs/pdf24/K243005.pdf,direct,2692902,9.0,18932.0,False,
K243038,510(k),https://www.accessdata.fda.gov/cdrh_docs/pdf24/K243038.pdf,direct,458808,10.0,20590.0,False,
K243065,510(k),https://www.accessdata.fda.gov/cdrh_docs/pdf24/K243065.pdf,direct,889873,8.0,20650.0,False,
K243122,510(k),https://www.accessdata.fda.gov/cdrh_docs/pdf24/K243122.pdf,direct,669330,18.0,34931.0,False,
K243144,510(k),https://www.accessdata.fda.gov/cdrh_docs/pdf24/K243144.pdf,direct,509683,13.0,20925.0,False,
K243145,510(k),https://www.accessdata.fda.gov/cdrh_docs/pdf24/K243145.pdf,direct,2760987,9.0,18960.0,False,
K243158,510(k),https://www.accessdata.fda.gov/cdrh_docs/pdf24/K243158.pdf,direct,985725,9.0,24452.0,False,
K243189,510(k),https://www.accessdata.fda.gov/cdrh_docs/pdf24/K243189.pdf,direct,2567673,13.0,24106.0,False,
K243209,510(k),https://www.accessdata.fda.gov/cdrh_docs/pdf24/K243209.pdf,direct,1854954,8.0,20040.0,False,
K243229,510(k),https://www.accessdata.fda.gov/cdrh_docs/pdf24/K243229.pdf,direct,2189754,11.0,22601.0,False,
K243230,510(k),https://www.accessdata.fda.gov/cdrh_docs/pdf24/K243230.pdf,direct,3306216,12.0,23249.0,False,
K243234,510(k),https://www.accessdata.fda.gov/cdrh_docs/pdf24/K243234.pdf,direct,2892641,11.0,24989.0,False,
K243235,510(k),https://www.accessdata.fda.gov/cdrh_docs/pdf24/K243235.pdf,direct,1116670,9.0,16256.0,False,
K243239,510(k),https://www.accessdata.fda.gov/cdrh_docs/pdf24/K243239.pdf,direct,2673773,11.0,22505.0,False,
K243250,510(k),https://www.accessdata.fda.gov/cdrh_docs/pdf24/K243250.pdf,direct,516707,14.0,33200.0,False,
K243253,510(k),https://www.accessdata.fda.gov/cdrh_docs/pdf24/K243253.pdf,direct,735344,9.0,9181.0,False,
K243268,510(k),https://www.accessdata.fda.gov/cdrh_docs/pdf24/K243268.pdf,direct,555627,17.0,24793.0,False,
K243292,510(k),https://www.accessdata.fda.gov/cdrh_docs/pdf24/K243292.pdf,direct,2626218,10.0,21252.0,False,
K243294,510(k),https://www.accessdata.fda.gov/cdrh_docs/pdf24/K243294.pdf,direct,658600,18.0,44519.0,False,
K243331,510(k),https://www.accessdata.fda.gov/cdrh_docs/pdf24/K243331.pdf,direct,921154,8.0,14514.0,False,
K243335,510(k),https://www.accessdata.fda.gov/cdrh_docs/pdf24/K243335.pdf,direct,1161083,11.0,23203.0,False,
K243341,510(k),https://www.accessdata.fda.gov/cdrh_docs/pdf24/K243341.pdf,direct,647388,10.0,24836.0,False,
K243348,510(k),https://www.accessdata.fda.gov/cdrh_docs/pdf24/K243348.pdf,direct,3548764,30.0,48206.0,False,
K243349,510(k),https://www.accessdata.fda.gov/cdrh_docs/pdf24/K243349.pdf,direct,2726485,10.0,21205.0,False,
K243350,510(k),https://www.accessdata.fda.gov/cdrh_docs/pdf24/K243350.pdf,direct,526120,12.0,22915.0,False,
K243363,510(k),https://www.accessdata.fda.gov/cdrh_docs/pdf24/K243363.pdf,direct,826559,11.0,21554.0,False,
K243376,510(k),https://www.accessdata.fda.gov/cdrh_docs/pdf24/K243376.pdf,direct,2869670,16.0,29054.0,False,
K243378,510(k),https://www.accessdata.fda.gov/cdrh_docs/pdf24/K243378.pdf,direct,391790,8.0,14646.0,False,
K243397,510(k),https://www.accessdata.fda.gov/cdrh_docs/pdf24/K243397.pdf,direct,2956422,27.0,47420.0,False,
K243446,510(k),https://www.accessdata.fda.gov/cdrh_docs/pdf24/K243446.pdf,direct,902275,10.0,20733.0,False,
K243449,510(k),https://www.accessdata.fda.gov/cdrh_docs/pdf24/K243449.pdf,direct,2733926,13.0,27827.0,False,
K243481,510(k),https://www.accessdata.fda.gov/cdrh_docs/pdf24/K243481.pdf,direct,3214570,12.0,28901.0,False,
K243523,510(k),https://www.accessdata.fda.gov/cdrh_docs/pdf24/K243523.pdf,direct,839689,41.0,78960.0,False,
K243538,510(k),https://www.accessdata.fda.gov/cdrh_docs/pdf24/K243538.pdf,direct,1666215,9.0,18972.0,False,
K243547,510(k),https://www.accessdata.fda.gov/cdrh_docs/pdf24/K243547.pdf,direct,1031218,47.0,78656.0,False,
K243548,510(k),https://www.accessdata.fda.gov/cdrh_docs/pdf24/K243548.pdf,direct,1409006,13.0,24324.0,False,
K243558,510(k),https://www.accessdata.fda.gov/cdrh_docs/pdf24/K243558.pdf,direct,553806,9.0,16879.0,False,
K243567,510(k),https://www.accessdata.fda.gov/cdrh_docs/pdf24/K243567.pdf,direct,2752879,16.0,29629.0,False,
K243611,510(k),https://www.accessdata.fda.gov/cdrh_docs/pdf24/K243611.pdf,direct,1382908,12.0,26668.0,False,
K243614,510(k),https://www.accessdata.fda.gov/cdrh_docs/pdf24/K243614.pdf,direct,1247191,17.0,24604.0,False,
K243617,510(k),https://www.accessdata.fda.gov/cdrh_docs/pdf24/K243617.pdf,direct,3378534,13.0,26656.0,False,
K243620,510(k),https://www.accessdata.fda.gov/cdrh_docs/pdf24/K243620.pdf,direct,3131675,9.0,15811.0,False,
K243628,510(k),https://www.accessdata.fda.gov/cdrh_docs/pdf24/K243628.pdf,direct,1080140,9.0,15570.0,False,
K243633,510(k),https://www.accessdata.fda.gov/cdrh_docs/pdf24/K243633.pdf,direct,691736,23.0,52822.0,False,
K243647,510(k),https://www.accessdata.fda.gov/cdrh_docs/pdf24/K243647.pdf,direct,406195,7.0,16283.0,False,
K243651,510(k),https://www.accessdata.fda.gov/cdrh_docs/pdf24/K243651.pdf,direct,970953,12.0,21168.0,False,
K243657,510(k),https://www.accessdata.fda.gov/cdrh_docs/pdf24/K243657.pdf,direct,2843373,14.0,29889.0,False,
K243667,510(k),https://www.accessdata.fda.gov/cdrh_docs/pdf24/K243667.pdf,direct,439833,10.0,22520.0,False,
K243672,510(k),https://www.accessdata.fda.gov/cdrh_docs/pdf24/K243672.pdf,direct,2741326,15.0,24612.0,False,
K243679,510(k),https://www.accessdata.fda.gov/cdrh_docs/pdf24/K243679.pdf,direct,2348631,12.0,27297.0,False,
K243681,510(k),https://www.accessdata.fda.gov/cdrh_docs/pdf24/K243681.pdf,direct,515215,10.0,23251.0,False,
K243684,510(k),https://www.accessdata.fda.gov/cdrh_docs/pdf24/K243684.pdf,direct,2630142,13.0,23841.0,False,
K243685,510(k),https://www.accessdata.fda.gov/cdrh_docs/pdf24/K243685.pdf,direct,993049,13.0,28408.0,False,
K243687,510(k),https://www.accessdata.fda.gov/cdrh_docs/pdf24/K243687.pdf,direct,427418,10.0,20143.0,False,
K243688,510(k),https://www.accessdata.fda.gov/cdrh_docs/pdf24/K243688.pdf,direct,381772,8.0,15223.0,False,
K243689,510(k),https://www.accessdata.fda.gov/cdrh_docs/pdf24/K243689.pdf,direct,2910558,6.0,16367.0,False,
K243696,510(k),https://www.accessdata.fda.gov/cdrh_docs/pdf24/K243696.pdf,direct,2400848,6.0,13758.0,False,
K243702,510(k),https://www.accessdata.fda.gov/cdrh_docs/pdf24/K243702.pdf,direct,499376,9.0,20742.0,False,
K243705,510(k),https://www.accessdata.fda.gov/cdrh_docs/pdf24/K243705.pdf,direct,984605,7.0,14233.0,False,
K243743,510(k),https://www.accessdata.fda.gov/cdrh_docs/pdf24/K243743.pdf,direct,1544807,23.0,46418.0,False,
K243762,510(k),https://www.accessdata.fda.gov/cdrh_docs/pdf24/K243762.pdf,direct,551140,17.0,22872.0,False,
K243769,510(k),https://www.accessdata.fda.gov/cdrh_docs/pdf24/K243769.pdf,direct,818397,10.0,20528.0,False,
K243779,510(k),https://www.accessdata.fda.gov/cdrh_docs/pdf24/K243779.pdf,direct,521426,10.0,17434.0,False,
K243793,510(k),https://www.accessdata.fda.gov/cdrh_docs/pdf24/K243793.pdf,direct,559007,20.0,38329.0,False,
K243794,510(k),https://www.accessdata.fda.gov/cdrh_docs/pdf24/K243794.pdf,direct,1791266,16.0,39318.0,False,
K243808,510(k),https://www.accessdata.fda.gov/cdrh_docs/pdf24/K243808.pdf,direct,438922,17.0,24218.0,False,
K243810,510(k),https://www.accessdata.fda.gov/cdrh_docs/pdf24/K243810.pdf,direct,673604,11.0,20948.0,False,
K243812,510(k),https://www.accessdata.fda.gov/cdrh_docs/pdf24/K243812.pdf,direct,394666,11.0,24938.0,False,
K243831,510(k),https://www.accessdata.fda.gov/cdrh_docs/pdf24/K243831.pdf,direct,2706536,13.0,21966.0,False,
K243851,510(k),https://www.accessdata.fda.gov/cdrh_docs/pdf24/K243851.pdf,direct,636684,14.0,31493.0,False,
K243853,510(k),https://www.accessdata.fda.gov/cdrh_docs/pdf24/K243853.pdf,direct,1138932,17.0,38351.0,False,
K243859,510(k),https://www.accessdata.fda.gov/cdrh_docs/pdf24/K243859.pdf,direct,2729927,15.0,27242.0,False,
K243862,510(k),https://www.accessdata.fda.gov/cdrh_docs/pdf24/K243862.pdf,direct,1093526,10.0,18322.0,False,
K243863,510(k),https://www.accessdata.fda.gov/cdrh_docs/pdf24/K243863.pdf,direct,676958,9.0,17099.0,False,
K243866,510(k),https://www.accessdata.fda.gov/cdrh_docs/pdf24/K243866.pdf,direct,810439,10.0,16916.0,False,
K243878,510(k),https://www.accessdata.fda.gov/cdrh_docs/pdf24/K243878.pdf,direct,476436,17.0,27727.0,False,
K243884,510(k),https://www.accessdata.fda.gov/cdrh_docs/pdf24/K243884.pdf,direct,2758318,12.0,30786.0,False,
K243891,510(k),https://www.accessdata.fda.gov/cdrh_docs/pdf24/K243891.pdf,direct,912755,8.0,16223.0,False,
K243893,510(k),https://www.accessdata.fda.gov/cdrh_docs/pdf24/K243893.pdf,direct,2702384,11.0,21934.0,False,
K243919,510(k),https://www.accessdata.fda.gov/cdrh_docs/pdf24/K243919.pdf,direct,2662720,9.0,15241.0,False,
K243933,510(k),https://www.accessdata.fda.gov/cdrh_docs/pdf24/K243933.pdf,direct,467210,9.0,19317.0,False,
K243937,510(k),https://www.accessdata.fda.gov/cdrh_docs/pdf24/K243937.pdf,direct,503393,9.0,19799.0,False,
K243950,510(k),https://www.accessdata.fda.gov/cdrh_docs/pdf24/K243950.pdf,direct,3203444,7.0,15048.0,False,
K243955,510(k),https://www.accessdata.fda.gov/cdrh_docs/pdf24/K243955.pdf,direct,2900830,11.0,21863.0,False,
K243989,510(k),https://www.accessdata.fda.gov/cdrh_docs/pdf24/K243989.pdf,direct,2713578,11.0,22744.0,False,
K244002,510(k),https://www.accessdata.fda.gov/cdrh_docs/pdf24/K244002.pdf,direct,567082,8.0,17694.0,False,
K244023,510(k),https://www.accessdata.fda.gov/cdrh_docs/pdf24/K244023.pdf,direct,579631,8.0,13880.0,False,
K244027,510(k),https://www.accessdata.fda.gov/cdrh_docs/pdf24/K244027.pdf,direct,2710781,8.0,16778.0,False,
K250003,510(k),https://www.accessdata.fda.gov/cdrh_docs/pdf25/K250003.pdf,direct,4266468,72.0,133380.0,False,
K250005,510(k),https://www.accessdata.fda.gov/cdrh_docs/pdf25/K250005.pdf,direct,2738900,12.0,24210.0,False,
K250023,510(k),https://www.accessdata.fda.gov/cdrh_docs/pdf25/K250023.pdf,direct,494480,9.0,22358.0,False,
K250035,510(k),https://www.accessdata.fda.gov/cdrh_docs/pdf25/K250035.pdf,direct,460923,22.0,31253.0,False,
K250042,510(k),https://www.accessdata.fda.gov/cdrh_docs/pdf25/K250042.pdf,direct,680189,17.0,27908.0,False,
K250064,510(k),https://www.accessdata.fda.gov/cdrh_docs/pdf25/K250064.pdf,direct,559935,11.0,23569.0,False,
K250086,510(k),https://www.accessdata.fda.gov/cdrh_docs/pdf25/K250086.pdf,direct,3316187,14.0,27469.0,False,
K250087,510(k),https://www.accessdata.fda.gov/cdrh_docs/pdf25/K250087.pdf,direct,1383525,11.0,19341.0,False,
K250096,510(k),https://www.accessdata.fda.gov/cdrh_docs/pdf25/K250096.pdf,direct,3183944,32.0,61959.0,False,
K250119,510(k),https://www.accessdata.fda.gov/cdrh_docs/pdf25/K250119.pdf,direct,3164341,9.0,21518.0,False,
K250151,510(k),https://www.accessdata.fda.gov/cdrh_docs/pdf25/K250151.pdf,direct,836328,14.0,24891.0,False,
K250177,510(k),https://www.accessdata.fda.gov/cdrh_docs/pdf25/K250177.pdf,direct,1728602,10.0,22762.0,False,
K250186,510(k),https://www.accessdata.fda.gov/cdrh_docs/pdf25/K250186.pdf,direct,1716006,7.0,14332.0,False,
K250221,510(k),https://www.accessdata.fda.gov/cdrh_docs/pdf25/K250221.pdf,direct,506792,15.0,35408.0,False,
K250226,510(k),https://www.accessdata.fda.gov/cdrh_docs/pdf25/K250226.pdf,direct,2845868,18.0,40686.0,False,
K250233,510(k),https://www.accessdata.fda.gov/cdrh_docs/pdf25/K250233.pdf,direct,398402,9.0,17303.0,False,
K250236,510(k),https://www.accessdata.fda.gov/cdrh_docs/pdf25/K250236.pdf,direct,418440,13.0,20606.0,False,
K250237,510(k),https://www.accessdata.fda.gov/cdrh_docs/pdf25/K250237.pdf,direct,2709494,12.0,24647.0,False,
K250246,510(k),https://www.accessdata.fda.gov/cdrh_docs/pdf25/K250246.pdf,direct,733856,21.0,38030.0,False,
K250248,510(k),https://www.accessdata.fda.gov/cdrh_docs/pdf25/K250248.pdf,direct,464926,10.0,23883.0,False,
K250255,510(k),https://www.accessdata.fda.gov/cdrh_docs/pdf25/K250255.pdf,direct,3228067,12.0,23706.0,False,
K250264,510(k),https://www.accessdata.fda.gov/cdrh_docs/pdf25/K250264.pdf,direct,1674552,8.0,16818.0,False,
K250268,510(k),https://www.accessdata.fda.gov/cdrh_docs/pdf25/K250268.pdf,direct,2707304,15.0,32680.0,False,
K250288,510(k),https://www.accessdata.fda.gov/cdrh_docs/pdf25/K250288.pdf,direct,626150,7.0,21377.0,False,
K250290,510(k),https://www.accessdata.fda.gov/cdrh_docs/pdf25/K250290.pdf,direct,502017,16.0,27545.0,False,
K250328,510(k),https://www.accessdata.fda.gov/cdrh_docs/pdf25/K250328.pdf,direct,510542,8.0,14074.0,False,
K250330,510(k),https://www.accessdata.fda.gov/cdrh_docs/pdf25/K250330.pdf,direct,604566,9.0,27820.0,False,
K250337,510(k),https://www.accessdata.fda.gov/cdrh_docs/pdf25/K250337.pdf,direct,637816,12.0,29546.0,False,
K250354,510(k),https://www.accessdata.fda.gov/cdrh_docs/pdf25/K250354.pdf,direct,866135,11.0,22007.0,False,
K250367,510(k),https://www.accessdata.fda.gov/cdrh_docs/pdf25/K250367.pdf,direct,2746503,10.0,22315.0,False,
K250369,510(k),https://www.accessdata.fda.gov/cdrh_docs/pdf25/K250369.pdf,direct,488763,14.0,29876.0,False,
K250370,510(k),https://www.accessdata.fda.gov/cdrh_docs/pdf25/K250370.pdf,direct,731081,11.0,21630.0,False,
K250379,510(k),https://www.accessdata.fda.gov/cdrh_docs/pdf25/K250379.pdf,direct,2663873,8.0,17021.0,False,
K250416,510(k),https://www.accessdata.fda.gov/cdrh_docs/pdf25/K250416.pdf,direct,610590,13.0,26517.0,False,
K250427,510(k),https://www.accessdata.fda.gov/cdrh_docs/pdf25/K250427.pdf,direct,808205,12.0,21398.0,False,
K250436,510(k),https://www.accessdata.fda.gov/cdrh_docs/pdf25/K250436.pdf,direct,447748,15.0,29815.0,False,
K250440,510(k),https://www.accessdata.fda.gov/cdrh_docs/pdf25/K250440.pdf,direct,396048,16.0,26059.0,False,
K250443,510(k),https://www.accessdata.fda.gov/cdrh_docs/pdf25/K250443.pdf,direct,481998,20.0,37431.0,False,
K250484,510(k),https://www.accessdata.fda.gov/cdrh_docs/pdf25/K250484.pdf,direct,570261,12.0,24840.0,False,
K250507,510(k),https://www.accessdata.fda.gov/cdrh_docs/pdf25/K250507.pdf,direct,977099,17.0,35309.0,False,
K250515,510(k),https://www.accessdata.fda.gov/cdrh_docs/pdf25/K250515.pdf,direct,2661556,14.0,26411.0,False,
K250525,510(k),https://www.accessdata.fda.gov/cdrh_docs/pdf25/K250525.pdf,direct,2767207,15.0,32161.0,False,
K250543,510(k),https://www.accessdata.fda.gov/cdrh_docs/pdf25/K250543.pdf,direct,813372,9.0,15425.0,False,
K250569,510(k),https://www.accessdata.fda.gov/cdrh_docs/pdf25/K250569.pdf,direct,365952,7.0,10492.0,False,
K250635,510(k),https://www.accessdata.fda.gov/cdrh_docs/pdf25/K250635.pdf,direct,339262,9.0,16614.0,False,
K250649,510(k),https://www.accessdata.fda.gov/cdrh_docs/pdf25/K250649.pdf,direct,3463529,13.0,28139.0,False,
K250650,510(k),https://www.accessdata.fda.gov/cdrh_docs/pdf25/K250650.pdf,direct,2832258,13.0,31794.0,False,
K250652,510(k),https://www.accessdata.fda.gov/cdrh_docs/pdf25/K250652.pdf,direct,901559,10.0,21417.0,False,
K250655,510(k),https://www.accessdata.fda.gov/cdrh_docs/pdf25/K250655.pdf,direct,2260902,35.0,57144.0,False,
K250660,510(k),https://www.accessdata.fda.gov/cdrh_docs/pdf25/K250660.pdf,direct,2802700,17.0,33170.0,False,
K250662,510(k),https://www.accessdata.fda.gov/cdrh_docs/pdf25/K250662.pdf,direct,597184,11.0,26302.0,False,
K250670,510(k),https://www.accessdata.fda.gov/cdrh_docs/pdf25/K250670.pdf,direct,556181,7.0,17438.0,False,
K250680,510(k),https://www.accessdata.fda.gov/cdrh_docs/pdf25/K250680.pdf,direct,773767,14.0,32798.0,False,
K250685,510(k),https://www.accessdata.fda.gov/cdrh_docs/pdf25/K250685.pdf,direct,550971,14.0,27895.0,False,
K250686,510(k),https://www.accessdata.fda.gov/cdrh_docs/pdf25/K250686.pdf,direct,509039,25.0,44427.0,False,
K250694,510(k),https://www.accessdata.fda.gov/cdrh_docs/pdf25/K250694.pdf,direct,463714,10.0,18525.0,False,
K250738,510(k),https://www.accessdata.fda.gov/cdrh_docs/pdf25/K250738.pdf,direct,2617742,14.0,25167.0,False,
K250749,510(k),https://www.accessdata.fda.gov/cdrh_docs/pdf25/K250749.pdf,direct,807230,12.0,20926.0,False,
K250753,510(k),https://www.accessdata.fda.gov/cdrh_docs/pdf25/K250753.pdf,direct,2690717,9.0,22487.0,False,
K250754,510(k),https://www.accessdata.fda.gov/cdrh_docs/pdf25/K250754.pdf,direct,2464023,4.0,8951.0,False,
K250755,510(k),https://www.accessdata.fda.gov/cdrh_docs/pdf25/K250755.pdf,direct,495084,7.0,14732.0,False,
K250766,510(k),https://www.accessdata.fda.gov/cdrh_docs/pdf25/K250766.pdf,direct,2718093,11.0,18881.0,False,
K250780,510(k),https://www.accessdata.fda.gov/cdrh_docs/pdf25/K250780.pdf,direct,547516,12.0,18968.0,False,
K250781,510(k),https://www.accessdata.fda.gov/cdrh_docs/pdf25/K250781.pdf,direct,849753,19.0,38905.0,False,
K250788,510(k),https://www.accessdata.fda.gov/cdrh_docs/pdf25/K250788.pdf,direct,2654114,12.0,23572.0,False,
K250818,510(k),https://www.accessdata.fda.gov/cdrh_docs/pdf25/K250818.pdf,direct,2625097,17.0,28153.0,False,
K250831,510(k),https://www.accessdata.fda.gov/cdrh_docs/pdf25/K250831.pdf,direct,620882,13.0,19422.0,False,
K250877,510(k),https://www.accessdata.fda.gov/cdrh_docs/pdf25/K250877.pdf,direct,524362,12.0,25656.0,False,
K250882,510(k),https://www.accessdata.fda.gov/cdrh_docs/pdf25/K250882.pdf,direct,541240,11.0,21406.0,False,
K250886,510(k),https://www.accessdata.fda.gov/cdrh_docs/pdf25/K250886.pdf,direct,2832268,20.0,39311.0,False,
K250901,510(k),https://www.accessdata.fda.gov/cdrh_docs/pdf25/K250901.pdf,direct,870690,12.0,25761.0,False,
K250902,510(k),https://www.accessdata.fda.gov/cdrh_docs/pdf25/K250902.pdf,direct,572112,14.0,29250.0,False,
K250914,510(k),https://www.accessdata.fda.gov/cdrh_docs/pdf25/K250914.pdf,direct,2695708,9.0,19343.0,False,
K250932,510(k),https://www.accessdata.fda.gov/cdrh_docs/pdf25/K250932.pdf,direct,3276103,10.0,20908.0,False,
K250941,510(k),https://www.accessdata.fda.gov/cdrh_docs/pdf25/K250941.pdf,direct,2664046,10.0,20610.0,False,
K250959,510(k),https://www.accessdata.fda.gov/cdrh_docs/pdf25/K250959.pdf,direct,681459,16.0,29553.0,False,
K250984,510(k),https://www.accessdata.fda.gov/cdrh_docs/pdf25/K250984.pdf,direct,2977982,11.0,20834.0,False,
K250999,510(k),https://www.accessdata.fda.gov/cdrh_docs/pdf25/K250999.pdf,direct,2934712,16.0,38653.0,False,
K251002,510(k),https://www.accessdata.fda.gov/cdrh_docs/pdf25/K251002.pdf,direct,713258,16.0,27084.0,False,
K251009,510(k),https://www.accessdata.fda.gov/cdrh_docs/pdf25/K251009.pdf,direct,2608250,9.0,19020.0,False,
K251027,510(k),https://www.accessdata.fda.gov/cdrh_docs/pdf25/K251027.pdf,direct,2683570,13.0,28828.0,False,
K251029,510(k),https://www.accessdata.fda.gov/cdrh_docs/pdf25/K251029.pdf,direct,2917863,16.0,33531.0,False,
K251059,510(k),https://www.accessdata.fda.gov/cdrh_docs/pdf25/K251059.pdf,direct,2691848,14.0,26786.0,False,
K251071,510(k),https://www.accessdata.fda.gov/cdrh_docs/pdf25/K251071.pdf,direct,550457,11.0,20582.0,False,
K251072,510(k),https://www.accessdata.fda.gov/cdrh_docs/pdf25/K251072.pdf,direct,425720,8.0,20151.0,False,
K251078,510(k),https://www.accessdata.fda.gov/cdrh_docs/pdf25/K251078.pdf,direct,2676608,15.0,27429.0,False,
K251082,510(k),https://www.accessdata.fda.gov/cdrh_docs/pdf25/K251082.pdf,direct,3421193,27.0,44842.0,False,
K251096,510(k),https://www.accessdata.fda.gov/cdrh_docs/pdf25/K251096.pdf,direct,757313,16.0,27225.0,False,
K251106,510(k),https://www.accessdata.fda.gov/cdrh_docs/pdf25/K251106.pdf,direct,511881,18.0,28880.0,False,
K251110,510(k),https://www.accessdata.fda.gov/cdrh_docs/pdf25/K251110.pdf,direct,300358,13.0,35461.0,False,
K251126,510(k),https://www.accessdata.fda.gov/cdrh_docs/pdf25/K251126.pdf,direct,655446,10.0,21047.0,False,
K251151,510(k),https://www.accessdata.fda.gov/cdrh_docs/pdf25/K251151.pdf,direct,2610138,9.0,20661.0,False,
K251153,510(k),https://www.accessdata.fda.gov/cdrh_docs/pdf25/K251153.pdf,direct,374167,9.0,20734.0,False,
K251167,510(k),https://www.accessdata.fda.gov/cdrh_docs/pdf25/K251167.pdf,direct,3553540,21.0,31064.0,False,
K251169,510(k),https://www.accessdata.fda.gov/cdrh_docs/pdf25/K251169.pdf,direct,3323144,15.0,30500.0,False,
K251195,510(k),https://www.accessdata.fda.gov/cdrh_docs/pdf25/K251195.pdf,direct,542970,13.0,26638.0,False,
K251200,510(k),https://www.accessdata.fda.gov/cdrh_docs/pdf25/K251200.pdf,direct,2674205,7.0,14095.0,False,
K251203,510(k),https://www.accessdata.fda.gov/cdrh_docs/pdf25/K251203.pdf,direct,2863622,6.0,11235.0,False,
K251218,510(k),https://www.accessdata.fda.gov/cdrh_docs/pdf25/K251218.pdf,direct,1418737,16.0,29975.0,False,
K251221,510(k),https://www.accessdata.fda.gov/cdrh_docs/pdf25/K251221.pdf,direct,321267,10.0,21729.0,False,
K251276,510(k),https://www.accessdata.fda.gov/cdrh_docs/pdf25/K251276.pdf,direct,366913,13.0,22209.0,False,
K251293,510(k),https://www.accessdata.fda.gov/cdrh_docs/pdf25/K251293.pdf,direct,2715928,14.0,23688.0,False,
K251306,510(k),https://www.accessdata.fda.gov/cdrh_docs/pdf25/K251306.pdf,direct,501161,17.0,33720.0,False,
K251316,510(k),https://www.accessdata.fda.gov/cdrh_docs/pdf25/K251316.pdf,direct,583146,20.0,33936.0,False,
K251322,510(k),https://www.accessdata.fda.gov/cdrh_docs/pdf25/K251322.pdf,direct,491006,14.0,23838.0,False,
K251342,510(k),https://www.accessdata.fda.gov/cdrh_docs/pdf25/K251342.pdf,direct,1161032,11.0,20896.0,False,
K251351,510(k),https://www.accessdata.fda.gov/cdrh_docs/pdf25/K251351.pdf,direct,2646020,14.0,27803.0,False,
K251355,510(k),https://www.accessdata.fda.gov/cdrh_docs/pdf25/K251355.pdf,direct,1574369,11.0,18030.0,False,
K251368,510(k),https://www.accessdata.fda.gov/cdrh_docs/pdf25/K251368.pdf,direct,951947,23.0,49451.0,False,
K251370,510(k),https://www.accessdata.fda.gov/cdrh_docs/pdf25/K251370.pdf,direct,576768,11.0,25538.0,False,
K251386,510(k),https://www.accessdata.fda.gov/cdrh_docs/pdf25/K251386.pdf,direct,510585,14.0,30627.0,False,
K251397,510(k),https://www.accessdata.fda.gov/cdrh_docs/pdf25/K251397.pdf,direct,348369,9.0,22204.0,False,
K251399,510(k),https://www.accessdata.fda.gov/cdrh_docs/pdf25/K251399.pdf,direct,441002,10.0,18132.0,False,
K251406,510(k),https://www.accessdata.fda.gov/cdrh_docs/pdf25/K251406.pdf,direct,2833216,13.0,25299.0,False,
K251408,510(k),https://www.accessdata.fda.gov/cdrh_docs/pdf25/K251408.pdf,direct,2731407,21.0,32858.0,False,
K251416,510(k),https://www.accessdata.fda.gov/cdrh_docs/pdf25/K251416.pdf,direct,2553861,12.0,136702.0,False,
K251455,510(k),https://www.accessdata.fda.gov/cdrh_docs/pdf25/K251455.pdf,direct,1037925,14.0,32704.0,False,
K251456,510(k),https://www.accessdata.fda.gov/cdrh_docs/pdf25/K251456.pdf,direct,387286,12.0,21510.0,False,
K251474,510(k),https://www.accessdata.fda.gov/cdrh_docs/pdf25/K251474.pdf,direct,780939,12.0,27075.0,False,
K251481,510(k),https://www.accessdata.fda.gov/cdrh_docs/pdf25/K251481.pdf,direct,854273,13.0,19586.0,False,
K251483,510(k),https://www.accessdata.fda.gov/cdrh_docs/pdf25/K251483.pdf,direct,2751399,9.0,19607.0,False,
K251494,510(k),https://www.accessdata.fda.gov/cdrh_docs/pdf25/K251494.pdf,direct,1289426,14.0,25005.0,False,
K251506,510(k),https://www.accessdata.fda.gov/cdrh_docs/pdf25/K251506.pdf,direct,327092,10.0,21781.0,False,
K251511,510(k),https://www.accessdata.fda.gov/cdrh_docs/pdf25/K251511.pdf,direct,2832614,17.0,36120.0,False,
K251514,510(k),https://www.accessdata.fda.gov/cdrh_docs/pdf25/K251514.pdf,direct,2638307,12.0,25140.0,False,
K251518,510(k),https://www.accessdata.fda.gov/cdrh_docs/pdf25/K251518.pdf,direct,462514,11.0,23336.0,False,
K251527,510(k),https://www.accessdata.fda.gov/cdrh_docs/pdf25/K251527.pdf,direct,2630395,8.0,17287.0,False,
K251528,510(k),https://www.accessdata.fda.gov/cdrh_docs/pdf25/K251528.pdf,direct,426051,11.0,23018.0,False,
K251532,510(k),https://www.accessdata.fda.gov/cdrh_docs/pdf25/K251532.pdf,direct,443192,12.0,30236.0,False,
K251533,510(k),https://www.accessdata.fda.gov/cdrh_docs/pdf25/K251533.pdf,direct,472963,9.0,20846.0,False,
K251558,510(k),https://www.accessdata.fda.gov/cdrh_docs/pdf25/K251558.pdf,direct,578822,10.0,18662.0,False,
K251590,510(k),https://www.accessdata.fda.gov/cdrh_docs/pdf25/K251590.pdf,direct,2585550,11.0,25147.0,False,
K251602,510(k),https://www.accessdata.fda.gov/cdrh_docs/pdf25/K251602.pdf,direct,2764509,10.0,21000.0,False,
K251610,510(k),https://www.accessdata.fda.gov/cdrh_docs/pdf25/K251610.pdf,direct,704932,11.0,20832.0,False,
K251629,510(k),https://www.accessdata.fda.gov/cdrh_docs/pdf25/K251629.pdf,direct,569703,9.0,19599.0,False,
K251639,510(k),https://www.accessdata.fda.gov/cdrh_docs/pdf25/K251639.pdf,direct,354167,8.0,17133.0,False,
K251651,510(k),https://www.accessdata.fda.gov/cdrh_docs/pdf25/K251651.pdf,direct,1101897,12.0,25792.0,False,
K251656,510(k),https://www.accessdata.fda.gov/cdrh_docs/pdf25/K251656.pdf,direct,535982,10.0,16949.0,False,
K251657,510(k),https://www.accessdata.fda.gov/cdrh_docs/pdf25/K251657.pdf,direct,2620681,11.0,27792.0,False,
K251673,510(k),https://www.accessdata.fda.gov/cdrh_docs/pdf25/K251673.pdf,direct,2652995,8.0,17125.0,False,
K251682,510(k),https://www.accessdata.fda.gov/cdrh_docs/pdf25/K251682.pdf,direct,1183471,16.0,55176.0,False,
K251747,510(k),https://www.accessdata.fda.gov/cdrh_docs/pdf25/K251747.pdf,direct,2707496,17.0,32659.0,False,
K251763,510(k),https://www.accessdata.fda.gov/cdrh_docs/pdf25/K251763.pdf,direct,2743818,10.0,20937.0,False,
K251766,510(k),https://www.accessdata.fda.gov/cdrh_docs/pdf25/K251766.pdf,direct,346363,13.0,23329.0,False,
K251769,510(k),https://www.accessdata.fda.gov/cdrh_docs/pdf25/K251769.pdf,direct,2922723,25.0,55122.0,False,
K251822,510(k),https://www.accessdata.fda.gov/cdrh_docs/pdf25/K251822.pdf,direct,2761131,16.0,30536.0,False,
K251837,510(k),https://www.accessdata.fda.gov/cdrh_docs/pdf25/K251837.pdf,direct,2688265,14.0,28958.0,False,
K251839,510(k),https://www.accessdata.fda.gov/cdrh_docs/pdf25/K251839.pdf,direct,1153877,18.0,37112.0,False,
K251873,510(k),https://www.accessdata.fda.gov/cdrh_docs/pdf25/K251873.pdf,direct,448083,9.0,17059.0,False,
K251901,510(k),https://www.accessdata.fda.gov/cdrh_docs/pdf25/K251901.pdf,direct,793818,7.0,10339.0,False,
K251931,510(k),https://www.accessdata.fda.gov/cdrh_docs/pdf25/K251931.pdf,direct,514515,14.0,28855.0,False,
K251934,510(k),https://www.accessdata.fda.gov/cdrh_docs/pdf25/K251934.pdf,direct,2789849,14.0,30094.0,False,
K251936,510(k),https://www.accessdata.fda.gov/cdrh_docs/pdf25/K251936.pdf,direct,414671,14.0,27599.0,False,
K251963,510(k),https://www.accessdata.fda.gov/cdrh_docs/pdf25/K251963.pdf,direct,733022,16.0,29772.0,False,
K251983,510(k),https://www.accessdata.fda.gov/cdrh_docs/pdf25/K251983.pdf,direct,741550,16.0,36139.0,False,
K251985,510(k),https://www.accessdata.fda.gov/cdrh_docs/pdf25/K251985.pdf,direct,844615,16.0,29499.0,False,
K251987,510(k),https://www.accessdata.fda.gov/cdrh_docs/pdf25/K251987.pdf,direct,438818,10.0,25373.0,False,
K252002,510(k),https://www.accessdata.fda.gov/cdrh_docs/pdf25/K252002.pdf,direct,597846,11.0,24271.0,False,
K252007,510(k),https://www.accessdata.fda.gov/cdrh_docs/pdf25/K252007.pdf,direct,409075,13.0,20801.0,False,
K252018,510(k),https://www.accessdata.fda.gov/cdrh_docs/pdf25/K252018.pdf,direct,879673,21.0,49729.0,False,
K252029,510(k),https://www.accessdata.fda.gov/cdrh_docs/pdf25/K252029.pdf,direct,2786607,15.0,29091.0,False,
K252041,510(k),https://www.accessdata.fda.gov/cdrh_docs/pdf25/K252041.pdf,direct,2806036,14.0,24314.0,False,
K252054,510(k),https://www.accessdata.fda.gov/cdrh_docs/pdf25/K252054.pdf,direct,1021247,13.0,24218.0,False,
K252074,510(k),https://www.accessdata.fda.gov/cdrh_docs/pdf25/K252074.pdf,direct,579877,9.0,22601.0,False,
K252076,510(k),https://www.accessdata.fda.gov/cdrh_docs/pdf25/K252076.pdf,direct,346427,6.0,12170.0,False,
K252084,510(k),https://www.accessdata.fda.gov/cdrh_docs/pdf25/K252084.pdf,direct,513793,13.0,21398.0,False,
K252086,510(k),https://www.accessdata.fda.gov/cdrh_docs/pdf25/K252086.pdf,direct,2813906,8.0,20171.0,False,
K252089,510(k),https://www.accessdata.fda.gov/cdrh_docs/pdf25/K252089.pdf,direct,876999,14.0,24653.0,False,
K252091,510(k),https://www.accessdata.fda.gov/cdrh_docs/pdf25/K252091.pdf,direct,480299,10.0,22141.0,False,
K252099,510(k),https://www.accessdata.fda.gov/cdrh_docs/pdf25/K252099.pdf,direct,807318,6.0,7879.0,False,
K252103,510(k),https://www.accessdata.fda.gov/cdrh_docs/pdf25/K252103.pdf,direct,420904,14.0,38632.0,False,
K252105,510(k),https://www.accessdata.fda.gov/cdrh_docs/pdf25/K252105.pdf,direct,433090,9.0,17807.0,False,
K252148,510(k),https://www.accessdata.fda.gov/cdrh_docs/pdf25/K252148.pdf,direct,2834442,13.0,25943.0,False,
K252178,510(k),https://www.accessdata.fda.gov/cdrh_docs/pdf25/K252178.pdf,direct,1190530,8.0,19189.0,False,
K252188,510(k),https://www.accessdata.fda.gov/cdrh_docs/pdf25/K252188.pdf,direct,652083,15.0,33298.0,False,
K252190,510(k),https://www.accessdata.fda.gov/cdrh_docs/pdf25/K252190.pdf,direct,2818300,13.0,27465.0,False,
K252204,510(k),https://www.accessdata.fda.gov/cdrh_docs/pdf25/K252204.pdf,direct,3229938,11.0,21880.0,False,
K252214,510(k),https://www.accessdata.fda.gov/cdrh_docs/pdf25/K252214.pdf,direct,2568512,7.0,15727.0,False,
K252217,510(k),https://www.accessdata.fda.gov/cdrh_docs/pdf25/K252217.pdf,direct,815456,12.0,23993.0,False,
K252228,510(k),https://www.accessdata.fda.gov/cdrh_docs/pdf25/K252228.pdf,direct,2899187,25.0,31033.0,False,
K252235,510(k),https://www.accessdata.fda.gov/cdrh_docs/pdf25/K252235.pdf,direct,2574299,11.0,21674.0,False,
K252237,510(k),https://www.accessdata.fda.gov/cdrh_docs/pdf25/K252237.pdf,direct,638557,15.0,28129.0,False,
K252261,510(k),https://www.accessdata.fda.gov/cdrh_docs/pdf25/K252261.pdf,direct,1850993,10.0,18727.0,False,
K252282,510(k),https://www.accessdata.fda.gov/cdrh_docs/pdf25/K252282.pdf,direct,2671525,7.0,16027.0,False,
K252284,510(k),https://www.accessdata.fda.gov/cdrh_docs/pdf25/K252284.pdf,direct,3353088,9.0,22713.0,False,
K252294,510(k),https://www.accessdata.fda.gov/cdrh_docs/pdf25/K252294.pdf,direct,1097638,12.0,24737.0,False,
K252298,510(k),https://www.accessdata.fda.gov/cdrh_docs/pdf25/K252298.pdf,direct,402299,8.0,19155.0,False,
K252304,510(k),https://www.accessdata.fda.gov/cdrh_docs/pdf25/K252304.pdf,direct,3121955,47.0,69089.0,False,
K252328,510(k),https://www.accessdata.fda.gov/cdrh_docs/pdf25/K252328.pdf,direct,531612,14.0,23781.0,False,
K252330,510(k),https://www.accessdata.fda.gov/cdrh_docs/pdf25/K252330.pdf,direct,2771305,14.0,37389.0,False,
K252332,510(k),https://www.accessdata.fda.gov/cdrh_docs/pdf25/K252332.pdf,direct,545303,12.0,22884.0,False,
K252360,510(k),https://www.accessdata.fda.gov/cdrh_docs/pdf25/K252360.pdf,direct,3292544,15.0,32671.0,False,
K252362,510(k),https://www.accessdata.fda.gov/cdrh_docs/pdf25/K252362.pdf,direct,501112,15.0,26051.0,False,
K252366,510(k),https://www.accessdata.fda.gov/cdrh_docs/pdf25/K252366.pdf,direct,508566,14.0,30354.0,False,
K252371,510(k),https://www.accessdata.fda.gov/cdrh_docs/pdf25/K252371.pdf,direct,527630,12.0,20385.0,False,
K252379,510(k),https://www.accessdata.fda.gov/cdrh_docs/pdf25/K252379.pdf,direct,351418,9.0,22127.0,False,
K252421,510(k),https://www.accessdata.fda.gov/cdrh_docs/pdf25/K252421.pdf,direct,1083665,9.0,22917.0,False,
K252433,510(k),https://www.accessdata.fda.gov/cdrh_docs/pdf25/K252433.pdf,direct,524969,20.0,25516.0,False,
K252452,510(k),https://www.accessdata.fda.gov/cdrh_docs/pdf25/K252452.pdf,direct,716843,18.0,28843.0,False,
K252482,510(k),https://www.accessdata.fda.gov/cdrh_docs/pdf25/K252482.pdf,direct,1158355,13.0,25413.0,False,
K252496,510(k),https://www.accessdata.fda.gov/cdrh_docs/pdf25/K252496.pdf,direct,655260,17.0,27365.0,False,
K252497,510(k),https://www.accessdata.fda.gov/cdrh_docs/pdf25/K252497.pdf,direct,2670266,10.0,20454.0,False,
K252500,510(k),https://www.accessdata.fda.gov/cdrh_docs/pdf25/K252500.pdf,direct,2768537,16.0,38620.0,False,
K252503,510(k),https://www.accessdata.fda.gov/cdrh_docs/pdf25/K252503.pdf,direct,2992509,8.0,19024.0,False,
K252504,510(k),https://www.accessdata.fda.gov/cdrh_docs/pdf25/K252504.pdf,direct,764197,13.0,27192.0,False,
K252538,510(k),https://www.accessdata.fda.gov/cdrh_docs/pdf25/K252538.pdf,direct,2844440,14.0,22214.0,False,
K252539,510(k),https://www.accessdata.fda.gov/cdrh_docs/pdf25/K252539.pdf,direct,2618254,11.0,23504.0,False,
K252548,510(k),https://www.accessdata.fda.gov/cdrh_docs/pdf25/K252548.pdf,direct,961359,24.0,43279.0,False,
K252557,510(k),https://www.accessdata.fda.gov/cdrh_docs/pdf25/K252557.pdf,direct,822510,13.0,26271.0,False,
K252558,510(k),https://www.accessdata.fda.gov/cdrh_docs/pdf25/K252558.pdf,direct,2875357,12.0,26105.0,False,
K252563,510(k),https://www.accessdata.fda.gov/cdrh_docs/pdf25/K252563.pdf,direct,698314,15.0,25885.0,False,
K252586,510(k),https://www.accessdata.fda.gov/cdrh_docs/pdf25/K252586.pdf,direct,624771,12.0,23230.0,False,
K252589,510(k),https://www.accessdata.fda.gov/cdrh_docs/pdf25/K252589.pdf,direct,653869,8.0,17240.0,False,
K252595,510(k),https://www.accessdata.fda.gov/cdrh_docs/pdf25/K252595.pdf,direct,2598637,8.0,20338.0,False,
K252628,510(k),https://www.accessdata.fda.gov/cdrh_docs/pdf25/K252628.pdf,direct,1368222,19.0,31152.0,False,
K252634,510(k),https://www.accessdata.fda.gov/cdrh_docs/pdf25/K252634.pdf,direct,667954,18.0,35692.0,False,
K252665,510(k),https://www.accessdata.fda.gov/cdrh_docs/pdf25/K252665.pdf,direct,446276,13.0,22954.0,False,
K252670,510(k),https://www.accessdata.fda.gov/cdrh_docs/pdf25/K252670.pdf,direct,2673607,13.0,23568.0,False,
K252708,510(k),https://www.accessdata.fda.gov/cdrh_docs/pdf25/K252708.pdf,direct,475813,4.0,8520.0,False,
K252838,510(k),https://www.accessdata.fda.gov/cdrh_docs/pdf25/K252838.pdf,direct,2784308,26.0,49260.0,False,
K252842,510(k),https://www.accessdata.fda.gov/cdrh_docs/pdf25/K252842.pdf,direct,886585,11.0,25773.0,False,
K252844,510(k),https://www.accessdata.fda.gov/cdrh_docs/pdf25/K252844.pdf,direct,3202987,16.0,29849.0,False,
K252856,510(k),https://www.accessdata.fda.gov/cdrh_docs/pdf25/K252856.pdf,direct,2824252,18.0,31470.0,False,
K252859,510(k),https://www.accessdata.fda.gov/cdrh_docs/pdf25/K252859.pdf,direct,882622,10.0,18199.0,False,
K252922,510(k),https://www.accessdata.fda.gov/cdrh_docs/pdf25/K252922.pdf,direct,2651996,13.0,21400.0,False,
K252934,510(k),https://www.accessdata.fda.gov/cdrh_docs/pdf25/K252934.pdf,direct,2658556,9.0,20816.0,False,
K252945,510(k),https://www.accessdata.fda.gov/cdrh_docs/pdf25/K252945.pdf,direct,965057,10.0,19743.0,False,
K252947,510(k),https://www.accessdata.fda.gov/cdrh_docs/pdf25/K252947.pdf,direct,490238,12.0,23393.0,False,
K252953,510(k),https://www.accessdata.fda.gov/cdrh_docs/pdf25/K252953.pdf,direct,1004971,10.0,22316.0,False,
K252954,510(k),https://www.accessdata.fda.gov/cdrh_docs/pdf25/K252954.pdf,direct,1194109,13.0,30705.0,False,
K252970,510(k),https://www.accessdata.fda.gov/cdrh_docs/pdf25/K252970.pdf,direct,599890,27.0,41572.0,False,
K252972,510(k),https://www.accessdata.fda.gov/cdrh_docs/pdf25/K252972.pdf,direct,493986,10.0,17136.0,False,
K252984,510(k),https://www.accessdata.fda.gov/cdrh_docs/pdf25/K252984.pdf,direct,687359,26.0,52393.0,False,
K252992,510(k),https://www.accessdata.fda.gov/cdrh_docs/pdf25/K252992.pdf,direct,2796746,13.0,28457.0,False,
K253009,510(k),https://www.accessdata.fda.gov/cdrh_docs/pdf25/K253009.pdf,direct,1618735,8.0,16286.0,False,
K253023,510(k),https://www.accessdata.fda.gov/cdrh_docs/pdf25/K253023.pdf,direct,2711694,18.0,34518.0,False,
K253030,510(k),https://www.accessdata.fda.gov/cdrh_docs/pdf25/K253030.pdf,direct,910468,15.0,27261.0,False,
K253050,510(k),https://www.accessdata.fda.gov/cdrh_docs/pdf25/K253050.pdf,direct,3047662,25.0,54994.0,False,
K253057,510(k),https://www.accessdata.fda.gov/cdrh_docs/pdf25/K253057.pdf,direct,432520,17.0,31158.0,False,
K253077,510(k),https://www.accessdata.fda.gov/cdrh_docs/pdf25/K253077.pdf,direct,2845823,25.0,42529.0,False,
K253091,510(k),https://www.accessdata.fda.gov/cdrh_docs/pdf25/K253091.pdf,direct,439221,14.0,33385.0,False,
K253141,510(k),https://www.accessdata.fda.gov/cdrh_docs/pdf25/K253141.pdf,direct,542413,12.0,21726.0,False,
K253148,510(k),https://www.accessdata.fda.gov/cdrh_docs/pdf25/K253148.pdf,direct,3072387,14.0,29457.0,False,
K253163,510(k),https://www.accessdata.fda.gov/cdrh_docs/pdf25/K253163.pdf,direct,536618,10.0,21153.0,False,
K253172,510(k),https://www.accessdata.fda.gov/cdrh_docs/pdf25/K253172.pdf,direct,2785863,10.0,21923.0,False,
K253173,510(k),https://www.accessdata.fda.gov/cdrh_docs/pdf25/K253173.pdf,direct,2892750,10.0,20781.0,False,
K253192,510(k),https://www.accessdata.fda.gov/cdrh_docs/pdf25/K253192.pdf,direct,2907058,17.0,29824.0,False,
K253256,510(k),https://www.accessdata.fda.gov/cdrh_docs/pdf25/K253256.pdf,direct,430839,9.0,19192.0,False,
K253265,510(k),https://www.accessdata.fda.gov/cdrh_docs/pdf25/K253265.pdf,direct,468736,17.0,28852.0,False,
K253269,510(k),https://www.accessdata.fda.gov/cdrh_docs/pdf25/K253269.pdf,direct,549666,18.0,33856.0,False,
K253270,510(k),https://www.accessdata.fda.gov/cdrh_docs/pdf25/K253270.pdf,direct,663314,20.0,39352.0,False,
K253288,510(k),https://www.accessdata.fda.gov/cdrh_docs/pdf25/K253288.pdf,direct,666377,8.0,21883.0,False,
K253310,510(k),https://www.accessdata.fda.gov/cdrh_docs/pdf25/K253310.pdf,direct,319833,7.0,17171.0,False,
K253366,510(k),https://www.accessdata.fda.gov/cdrh_docs/pdf25/K253366.pdf,direct,664012,16.0,28930.0,False,
K253370,510(k),https://www.accessdata.fda.gov/cdrh_docs/pdf25/K253370.pdf,direct,622435,12.0,22650.0,False,
K253379,510(k),https://www.accessdata.fda.gov/cdrh_docs/pdf25/K253379.pdf,direct,3183628,10.0,20929.0,False,
K253381,510(k),https://www.accessdata.fda.gov/cdrh_docs/pdf25/K253381.pdf,direct,2696244,13.0,29795.0,False,
K253390,510(k),https://www.accessdata.fda.gov/cdrh_docs/pdf25/K253390.pdf,direct,549059,23.0,30563.0,False,
K253413,510(k),https://www.accessdata.fda.gov/cdrh_docs/pdf25/K253413.pdf,direct,485975,9.0,17192.0,False,
K253442,510(k),https://www.accessdata.fda.gov/cdrh_docs/pdf25/K253442.pdf,direct,2866493,12.0,27055.0,False,
K253459,510(k),https://www.accessdata.fda.gov/cdrh_docs/pdf25/K253459.pdf,direct,781160,15.0,29414.0,False,
K253489,510(k),https://www.accessdata.fda.gov/cdrh_docs/pdf25/K253489.pdf,direct,388357,13.0,22359.0,False,
K253502,510(k),https://www.accessdata.fda.gov/cdrh_docs/pdf25/K253502.pdf,direct,1050712,9.0,19856.0,False,
K253516,510(k),https://www.accessdata.fda.gov/cdrh_docs/pdf25/K253516.pdf,direct,1018358,8.0,15802.0,False,
K253520,510(k),https://www.accessdata.fda.gov/cdrh_docs/pdf25/K253520.pdf,direct,2702505,10.0,22112.0,False,
K253532,510(k),https://www.accessdata.fda.gov/cdrh_docs/pdf25/K253532.pdf,direct,685678,11.0,24738.0,False,
K253535,510(k),https://www.accessdata.fda.gov/cdrh_docs/pdf25/K253535.pdf,direct,282409,4.0,6662.0,False,
K253551,510(k),https://www.accessdata.fda.gov/cdrh_docs/pdf25/K253551.pdf,direct,529292,12.0,20474.0,False,
K253560,510(k),https://www.accessdata.fda.gov/cdrh_docs/pdf25/K253560.pdf,direct,2759578,9.0,16976.0,False,
K253564,510(k),https://www.accessdata.fda.gov/cdrh_docs/pdf25/K253564.pdf,direct,2764932,23.0,46459.0,False,
K253574,510(k),https://www.accessdata.fda.gov/cdrh_docs/pdf25/K253574.pdf,direct,653027,36.0,70169.0,False,
K253578,510(k),https://www.accessdata.fda.gov/cdrh_docs/pdf25/K253578.pdf,direct,753095,17.0,32559.0,False,
K253584,510(k),https://www.accessdata.fda.gov/cdrh_docs/pdf25/K253584.pdf,direct,490133,11.0,23513.0,False,
K253593,510(k),https://www.accessdata.fda.gov/cdrh_docs/pdf25/K253593.pdf,direct,850611,19.0,39101.0,False,
K253595,510(k),https://www.accessdata.fda.gov/cdrh_docs/pdf25/K253595.pdf,direct,875157,13.0,23252.0,False,
K253596,510(k),https://www.accessdata.fda.gov/cdrh_docs/pdf25/K253596.pdf,direct,2864421,12.0,30327.0,False,
K253614,510(k),https://www.accessdata.fda.gov/cdrh_docs/pdf25/K253614.pdf,direct,537453,12.0,24757.0,False,
K253625,510(k),https://www.accessdata.fda.gov/cdrh_docs/pdf25/K253625.pdf,direct,810549,11.0,19541.0,False,
K253628,510(k),https://www.accessdata.fda.gov/cdrh_docs/pdf25/K253628.pdf,direct,695090,17.0,31478.0,False,
K253648,510(k),https://www.accessdata.fda.gov/cdrh_docs/pdf25/K253648.pdf,direct,612492,10.0,23111.0,False,
K253649,510(k),https://www.accessdata.fda.gov/cdrh_docs/pdf25/K253649.pdf,direct,3185555,37.0,56491.0,False,
K253664,510(k),https://www.accessdata.fda.gov/cdrh_docs/pdf25/K253664.pdf,direct,687075,10.0,23139.0,False,
K253668,510(k),https://www.accessdata.fda.gov/cdrh_docs/pdf25/K253668.pdf,direct,1389165,16.0,31693.0,False,
K253682,510(k),https://www.accessdata.fda.gov/cdrh_docs/pdf25/K253682.pdf,direct,2755238,11.0,25588.0,False,
K253686,510(k),https://www.accessdata.fda.gov/cdrh_docs/pdf25/K253686.pdf,direct,2680563,8.0,16089.0,False,
K253689,510(k),https://www.accessdata.fda.gov/cdrh_docs/pdf25/K253689.pdf,direct,2906469,16.0,36652.0,False,
K253690,510(k),https://www.accessdata.fda.gov/cdrh_docs/pdf25/K253690.pdf,direct,654306,9.0,16441.0,False,
K253716,510(k),https://www.accessdata.fda.gov/cdrh_docs/pdf25/K253716.pdf,direct,738913,27.0,57392.0,False,
K253720,510(k),https://www.accessdata.fda.gov/cdrh_docs/pdf25/K253720.pdf,direct,695633,24.0,47264.0,False,
K253735,510(k),https://www.accessdata.fda.gov/cdrh_docs/pdf25/K253735.pdf,direct,561695,11.0,21855.0,False,
K253775,510(k),https://www.accessdata.fda.gov/cdrh_docs/pdf25/K253775.pdf,direct,2700307,9.0,19122.0,False,
K253779,510(k),https://www.accessdata.fda.gov/cdrh_docs/pdf25/K253779.pdf,direct,588316,11.0,20065.0,False,
K253780,510(k),https://www.accessdata.fda.gov/cdrh_docs/pdf25/K253780.pdf,direct,2795252,10.0,21905.0,False,
K253786,510(k),https://www.accessdata.fda.gov/cdrh_docs/pdf25/K253786.pdf,direct,3106650,13.0,24606.0,False,
K253796,510(k),https://www.accessdata.fda.gov/cdrh_docs/pdf25/K253796.pdf,direct,2946962,12.0,26479.0,False,
K253801,510(k),https://www.accessdata.fda.gov/cdrh_docs/pdf25/K253801.pdf,direct,2784217,12.0,30281.0,False,
K253818,510(k),https://www.accessdata.fda.gov/cdrh_docs/pdf25/K253818.pdf,direct,1187822,26.0,61327.0,False,
K253825,510(k),https://www.accessdata.fda.gov/cdrh_docs/pdf25/K253825.pdf,direct,519708,9.0,18869.0,False,
K253898,510(k),https://www.accessdata.fda.gov/cdrh_docs/pdf25/K253898.pdf,direct,1028537,10.0,19847.0,False,
K253930,510(k),https://www.accessdata.fda.gov/cdrh_docs/pdf25/K253930.pdf,direct,377090,9.0,19938.0,False,
K253944,510(k),https://www.accessdata.fda.gov/cdrh_docs/pdf25/K253944.pdf,direct,1042673,6.0,16618.0,False,
K253969,510(k),https://www.accessdata.fda.gov/cdrh_docs/pdf25/K253969.pdf,direct,3045018,20.0,39342.0,False,
K253984,510(k),https://www.accessdata.fda.gov/cdrh_docs/pdf25/K253984.pdf,direct,837804,10.0,19832.0,False,
K253992,510(k),https://www.accessdata.fda.gov/cdrh_docs/pdf25/K253992.pdf,direct,981075,7.0,13939.0,False,
K254001,510(k),https://www.accessdata.fda.gov/cdrh_docs/pdf25/K254001.pdf,direct,449207,9.0,16886.0,False,
K254013,510(k),https://www.accessdata.fda.gov/cdrh_docs/pdf25/K254013.pdf,direct,1296199,16.0,29303.0,False,
K254015,510(k),https://www.accessdata.fda.gov/cdrh_docs/pdf25/K254015.pdf,direct,2848954,9.0,22172.0,False,
K254016,510(k),https://www.accessdata.fda.gov/cdrh_docs/pdf25/K254016.pdf,direct,382933,11.0,20403.0,False,
K254075,510(k),https://www.accessdata.fda.gov/cdrh_docs/pdf25/K254075.pdf,direct,2893120,17.0,24826.0,False,
K254115,510(k),https://www.accessdata.fda.gov/cdrh_docs/pdf25/K254115.pdf,direct,2599080,4.0,10424.0,False,
K254120,510(k),https://www.accessdata.fda.gov/cdrh_docs/pdf25/K254120.pdf,direct,483224,14.0,26022.0,False,
K254131,510(k),https://www.accessdata.fda.gov/cdrh_docs/pdf25/K254131.pdf,direct,588462,9.0,20270.0,False,
K254161,510(k),https://www.accessdata.fda.gov/cdrh_docs/pdf25/K254161.pdf,direct,3520202,15.0,28875.0,False,
K254184,510(k),https://www.accessdata.fda.gov/cdrh_docs/pdf25/K254184.pdf,direct,540870,13.0,28234.0,False,
K254189,510(k),https://www.accessdata.fda.gov/cdrh_docs/pdf25/K254189.pdf,direct,2974620,30.0,48847.0,False,
K254207,510(k),https://www.accessdata.fda.gov/cdrh_docs/pdf25/K254207.pdf,direct,2726865,13.0,24517.0,False,
K260032,510(k),https://www.accessdata.fda.gov/cdrh_docs/pdf26/K260032.pdf,direct,537137,14.0,29262.0,False,
K260077,510(k),https://www.accessdata.fda.gov/cdrh_docs/pdf26/K260077.pdf,direct,671110,13.0,30028.0,False,
K260078,510(k),https://www.accessdata.fda.gov/cdrh_docs/pdf26/K260078.pdf,direct,844290,10.0,22837.0,False,
K260082,510(k),https://www.accessdata.fda.gov/cdrh_docs/pdf26/K260082.pdf,direct,572547,7.0,7369.0,False,
K260104,510(k),https://www.accessdata.fda.gov/cdrh_docs/pdf26/K260104.pdf,direct,992127,10.0,19421.0,False,
K260113,510(k),https://www.accessdata.fda.gov/cdrh_docs/pdf26/K260113.pdf,direct,1062543,49.0,80123.0,False,
K260123,510(k),https://www.accessdata.fda.gov/cdrh_docs/pdf26/K260123.pdf,direct,933554,10.0,21125.0,False,
K260166,510(k),https://www.accessdata.fda.gov/cdrh_docs/pdf26/K260166.pdf,direct,2710765,11.0,26940.0,False,
K260167,510(k),https://www.accessdata.fda.gov/cdrh_docs/pdf26/K260167.pdf,direct,2837647,12.0,24984.0,False,
K260169,510(k),https://www.accessdata.fda.gov/cdrh_docs/pdf26/K260169.pdf,direct,571514,12.0,24414.0,False,
K260190,510(k),https://www.accessdata.fda.gov/cdrh_docs/pdf26/K260190.pdf,direct,1325191,7.0,6727.0,False,
K260217,510(k),https://www.accessdata.fda.gov/cdrh_docs/pdf26/K260217.pdf,direct,393836,10.0,19974.0,False,
K260234,510(k),https://www.accessdata.fda.gov/cdrh_docs/pdf26/K260234.pdf,direct,545560,14.0,25518.0,False,
K260265,510(k),https://www.accessdata.fda.gov/cdrh_docs/pdf26/K260265.pdf,direct,703981,15.0,26541.0,False,
K260300,510(k),https://www.accessdata.fda.gov/cdrh_docs/pdf26/K260300.pdf,direct,676688,19.0,40304.0,False,
K260316,510(k),https://www.accessdata.fda.gov/cdrh_docs/pdf26/K260316.pdf,direct,2712699,15.0,32378.0,False,
K260320,510(k),https://www.accessdata.fda.gov/cdrh_docs/pdf26/K260320.pdf,direct,653944,10.0,20953.0,False,
K260322,510(k),https://www.accessdata.fda.gov/cdrh_docs/pdf26/K260322.pdf,direct,537856,13.0,35412.0,False,
K260324,510(k),https://www.accessdata.fda.gov/cdrh_docs/pdf26/K260324.pdf,direct,717099,19.0,38936.0,False,
K260332,510(k),https://www.accessdata.fda.gov/cdrh_docs/pdf26/K260332.pdf,direct,1289490,11.0,19716.0,False,
K260378,510(k),https://www.accessdata.fda.gov/cdrh_docs/pdf26/K260378.pdf,direct,820179,17.0,24794.0,False,
K260402,510(k),https://www.accessdata.fda.gov/cdrh_docs/pdf26/K260402.pdf,direct,621474,14.0,28047.0,False,
K260406,510(k),https://www.accessdata.fda.gov/cdrh_docs/pdf26/K260406.pdf,direct,2898780,11.0,29077.0,False,
K260419,510(k),https://www.accessdata.fda.gov/cdrh_docs/pdf26/K260419.pdf,direct,584158,9.0,15129.0,False,
K260497,510(k),https://www.accessdata.fda.gov/cdrh_docs/pdf26/K260497.pdf,direct,1085658,15.0,27910.0,False,
K260509,510(k),https://www.accessdata.fda.gov/cdrh_docs/pdf26/K260509.pdf,direct,581233,37.0,73545.0,False,
K260524,510(k),https://www.accessdata.fda.gov/cdrh_docs/pdf26/K260524.pdf,direct,640226,22.0,42819.0,False,
K260667,510(k),https://www.accessdata.fda.gov/cdrh_docs/pdf26/K260667.pdf,direct,2829926,13.0,32067.0,False,
K260673,510(k),https://www.accessdata.fda.gov/cdrh_docs/pdf26/K260673.pdf,direct,2711388,10.0,20643.0,False,
K260680,510(k),https://www.accessdata.fda.gov/cdrh_docs/pdf26/K260680.pdf,direct,2695747,10.0,24251.0,False,
K260714,510(k),https://www.accessdata.fda.gov/cdrh_docs/pdf26/K260714.pdf,direct,971752,15.0,24171.0,False,
K260724,510(k),https://www.accessdata.fda.gov/cdrh_docs/pdf26/K260724.pdf,direct,755755,7.0,16358.0,False,
K260729,510(k),https://www.accessdata.fda.gov/cdrh_docs/pdf26/K260729.pdf,direct,480912,13.0,22869.0,False,
K260746,510(k),https://www.accessdata.fda.gov/cdrh_docs/pdf26/K260746.pdf,direct,529311,7.0,15771.0,False,
K260780,510(k),https://www.accessdata.fda.gov/cdrh_docs/pdf26/K260780.pdf,direct,1499179,7.0,6650.0,False,
K260785,510(k),https://www.accessdata.fda.gov/cdrh_docs/pdf26/K260785.pdf,direct,3462848,7.0,24912.0,False,
K260844,510(k),https://www.accessdata.fda.gov/cdrh_docs/pdf26/K260844.pdf,direct,804312,14.0,28307.0,False,
K261273,510(k),https://www.accessdata.fda.gov/cdrh_docs/pdf26/K261273.pdf,direct,459475,10.0,16000.0,False,
K261289,510(k),https://www.accessdata.fda.gov/cdrh_docs/pdf26/K261289.pdf,direct,1171217,9.0,18241.0,False,
K261317,510(k),https://www.accessdata.fda.gov/cdrh_docs/pdf26/K261317.pdf,direct,561643,11.0,20057.0,False,
K261369,510(k),https://www.accessdata.fda.gov/cdrh_docs/pdf26/K261369.pdf,direct,717354,10.0,21677.0,False,
K261405,510(k),https://www.accessdata.fda.gov/cdrh_docs/pdf26/K261405.pdf,direct,580827,6.0,11538.0,False,
K261519,510(k),https://www.accessdata.fda.gov/cdrh_docs/pdf26/K261519.pdf,direct,1305941,12.0,19937.0,False,
K261713,510(k),https://www.accessdata.fda.gov/cdrh_docs/pdf26/K261713.pdf,direct,1319158,7.0,9582.0,False,
K955841,510(k),https://www.accessdata.fda.gov/cdrh_docs/pdf/K955841.pdf,direct,1527250,23.0,0.0,True,
P000041,PMA,https://www.accessdata.fda.gov/cdrh_docs/pdf/P000041B.pdf,direct,643835,12.0,0.0,True,
P010034,PMA,https://www.accessdata.fda.gov/cdrh_docs/pdf/P010034B.pdf,direct,589717,9.0,19217.0,False,
P040028,PMA,https://www.accessdata.fda.gov/cdrh_docs/pdf4/P040028B.pdf,direct,1167661,25.0,54558.0,False,
P090012,PMA,https://www.accessdata.fda.gov/cdrh_docs/pdf9/P090012B.pdf,direct,1015616,31.0,60334.0,False,
P110014,PMA,https://www.accessdata.fda.gov/cdrh_docs/pdf11/P110014B.pdf,direct,1284930,50.0,79453.0,False,
P130020/S005,PMA,,missing,0,,,,
P140011/S008,PMA,,missing,0,,,,
P150043,PMA,https://www.accessdata.fda.gov/cdrh_docs/pdf15/P150043B.pdf,direct,639537,28.0,50840.0,False,
P150046,PMA,https://www.accessdata.fda.gov/cdrh_docs/pdf15/P150046B.pdf,direct,504198,33.0,68682.0,False,
P160009,PMA,https://www.accessdata.fda.gov/cdrh_docs/pdf16/P160009B.pdf,direct,158191,19.0,46795.0,False,
P200003,PMA,https://www.accessdata.fda.gov/cdrh_docs/pdf20/P200003B.pdf,direct,902694,33.0,76384.0,False,
P210011,PMA,https://www.accessdata.fda.gov/cdrh_docs/pdf21/P210011B.pdf,direct,2065350,107.0,200225.0,False,
P210015,PMA,https://www.accessdata.fda.gov/cdrh_docs/pdf21/P210015B.pdf,direct,479397,17.0,41296.0,False,
P220012/S059,PMA,,missing,0,,,,
P230022,PMA,https://www.accessdata.fda.gov/cdrh_docs/pdf23/P230022B.pdf,direct,832813,38.0,80305.0,False,
P250008,PMA,https://www.accessdata.fda.gov/cdrh_docs/pdf25/P250008B.pdf,direct,779467,27.0,72226.0,False,
P940029,PMA,https://www.accessdata.fda.gov/cdrh_docs/pdf/P940029.pdf,direct,6214531,146.0,0.0,True,
P950009,PMA,https://www.accessdata.fda.gov/cdrh_docs/pdf/P950009.pdf,direct,2292021,57.0,0.0,True,
P970058,PMA,https://www.accessdata.fda.gov/cdrh_docs/pdf/P970058.pdf,direct,2427999,33.0,0.0,True,
P980016/S939,PMA,,missing,0,,,,
P980025,PMA,https://www.accessdata.fda.gov/cdrh_docs/pdf/P980025.pdf,direct,2339058,44.0,0.0,True,
